0.61,0.61,-0.00,-0.00,0.41
0.61,0.61,-0.00,-0.00,0.41
0.61,0.61,-0.00,-0.00,0.41
0.61,0.61,-0.00,-0.00,0.41
0.61,0.61,-0.00,-0.00,0.41
0.61,0.61,0.69,-0.00,0.41
3.35,3.35,13.19,3.53,1.78
10.85,10.85,26.01,14.25,8.48
12.05,12.05,31.32,11.92,11.04
14.87,14.87,31.85,19.28,9.36
13.41,13.41,29.26,20.01,3.25
13.72,13.72,30.49,21.29,7.91
14.74,14.74,28.68,22.26,7.87
16.23,16.23,26.18,23.15,19.28
17.27,17.27,27.44,28.10,27.91
18.83,18.83,24.89,38.16,36.97
21.43,21.43,30.23,52.71,55.22
10.46,10.46,34.86,67.26,69.32
16.74,16.74,28.14,73.68,72.21
24.02,24.02,25.52,72.88,74.03
25.59,25.59,24.00,68.55,75.46
29.21,29.21,22.47,62.82,74.05
29.18,29.18,22.37,65.98,73.75
27.91,27.91,23.09,68.50,72.64
26.19,26.19,20.66,69.17,71.50
25.42,25.42,20.80,69.04,71.68
26.74,26.74,23.27,67.89,71.24
30.76,30.76,27.98,66.45,70.29
26.72,26.72,24.40,67.95,70.27
25.07,25.07,20.79,68.99,68.30
24.27,24.27,19.38,67.14,74.86
24.90,24.90,19.85,66.40,73.97
22.35,22.35,23.51,66.23,70.82
23.28,23.28,24.83,66.74,71.95
23.87,23.87,29.10,66.58,73.21
24.03,24.03,27.70,66.51,68.32
22.53,22.53,28.10,66.98,69.22
22.82,22.82,26.73,66.50,69.82
23.10,23.10,28.25,66.73,63.43
23.54,23.54,28.67,67.03,68.14
24.11,24.11,32.94,67.43,70.94
15.49,15.49,26.49,68.09,75.00
20.68,20.68,24.84,66.00,75.95
25.63,25.63,25.89,64.08,74.36
27.01,27.01,26.37,64.22,75.93
27.39,27.39,27.47,65.37,71.30
28.13,28.13,25.58,66.08,69.75
26.98,26.98,25.75,65.17,70.84
24.51,24.51,23.39,64.60,67.23
23.67,23.67,24.74,64.69,67.93
23.77,23.77,36.95,64.03,63.65
21.68,21.68,32.69,63.60,71.96
25.41,25.41,25.95,64.87,69.85
30.45,30.45,24.63,64.89,70.72
29.56,29.56,26.76,63.56,69.97
27.55,27.55,31.08,62.58,69.59
30.08,30.08,27.40,61.40,69.52
29.71,29.71,28.21,61.29,67.98
30.52,30.52,30.24,57.70,68.74
27.54,27.54,32.24,55.10,68.47
26.68,26.68,29.67,52.78,66.46
24.57,24.57,24.08,50.37,67.01
23.60,23.60,28.63,53.42,67.06
23.35,23.35,25.15,54.87,64.77
23.92,23.92,32.47,64.83,62.68
21.11,21.11,29.94,73.80,72.79
21.85,21.85,25.70,74.89,75.80
24.88,24.88,25.14,73.91,75.82
26.02,26.02,22.60,69.69,76.11
27.50,27.50,24.56,65.26,74.65
26.57,26.57,24.24,68.99,74.25
24.47,24.47,24.02,71.66,73.46
23.05,23.05,21.73,71.26,72.86
24.50,24.50,21.38,69.85,72.05
28.66,28.66,26.88,70.62,73.66
30.15,30.15,25.47,70.07,71.37
26.02,26.02,22.33,69.75,74.65
25.42,25.42,20.29,69.33,73.01
24.56,24.56,19.61,68.48,70.28
22.51,22.51,21.51,69.02,72.38
21.06,21.06,24.35,69.05,71.89
20.00,20.00,23.16,68.98,68.10
19.32,19.32,26.54,69.04,71.87
20.76,20.76,29.39,68.17,70.61
23.03,23.03,26.62,68.64,67.11
22.65,22.65,30.18,68.45,68.74
27.55,27.55,31.51,68.08,69.80
25.89,25.89,34.17,68.51,65.34
22.46,22.46,32.42,68.91,74.32
19.64,19.64,27.02,69.34,75.99
24.42,24.42,27.65,68.48,76.30
27.18,27.18,28.35,66.68,75.96
28.14,28.14,30.03,65.82,73.90
28.81,28.81,29.33,67.21,74.61
28.18,28.18,27.53,67.76,69.32
26.54,26.54,25.67,67.43,69.93
26.14,26.14,26.78,66.78,70.51
32.29,32.29,33.76,65.47,68.55
31.78,31.78,35.70,64.14,73.10
31.01,31.01,26.44,65.43,71.57
33.85,33.85,23.70,67.19,69.99
32.22,32.22,26.28,67.31,70.41
29.39,29.39,26.70,66.22,70.05
29.61,29.61,28.01,64.19,69.09
27.70,27.70,28.03,60.95,68.34
26.74,26.74,28.67,57.02,67.16
26.19,26.19,28.52,54.66,65.85
24.29,24.29,24.89,51.47,64.64
25.76,25.76,28.64,53.56,62.51
27.08,27.08,34.34,59.09,62.00
26.57,26.57,32.98,69.27,66.51
24.93,24.93,30.46,73.12,71.35
24.92,24.92,32.14,72.84,72.28
25.57,25.57,31.39,70.27,71.76
25.08,25.08,31.84,65.06,68.18
24.57,24.57,30.14,67.00,68.87
25.47,25.47,27.69,69.30,67.41
22.49,22.49,26.78,69.83,65.78
22.84,22.84,23.13,69.05,66.74
21.11,21.11,21.71,69.00,66.44
26.10,26.10,28.18,67.83,68.45
25.66,25.66,31.13,65.26,68.90
22.40,22.40,28.99,68.17,73.81
22.61,22.61,27.12,70.31,73.57
21.20,21.20,27.09,69.07,72.00
22.94,22.94,27.60,67.38,73.50
21.69,21.69,25.87,66.94,72.64
22.12,22.12,28.27,66.76,70.36
24.16,24.16,29.69,67.02,70.68
24.42,24.42,33.86,67.14,72.32
25.44,25.44,30.57,66.90,67.10
23.65,23.65,28.78,66.41,65.80
23.11,23.11,30.89,66.06,70.27
22.34,22.34,32.21,67.05,70.82
13.44,13.44,25.13,66.55,75.03
13.67,13.67,21.93,64.15,78.75
17.88,17.88,23.97,65.05,76.54
22.05,22.05,25.48,66.52,77.60
23.94,23.94,27.47,66.32,75.26
28.47,28.47,29.17,65.14,71.21
27.80,27.80,25.91,64.57,72.62
27.44,27.44,23.82,64.55,69.09
23.44,23.44,20.32,64.74,67.71
18.69,18.69,21.22,64.45,70.05
19.87,19.87,31.30,63.84,67.06
18.51,18.51,32.08,64.77,73.72
20.99,20.99,26.08,62.83,70.87
23.87,23.87,22.75,61.57,74.67
24.75,24.75,20.62,63.34,71.53
28.04,28.04,19.15,63.41,71.86
28.78,28.78,19.58,62.33,71.83
26.75,26.75,22.35,59.16,71.36
26.47,26.47,30.47,52.48,70.04
24.13,24.13,32.65,51.55,69.07
20.97,20.97,29.94,49.00,68.20
18.72,18.72,20.69,52.86,68.37
19.85,19.85,22.97,55.79,68.67
17.88,17.88,26.48,70.18,77.09
19.10,19.10,24.13,75.33,76.49
24.08,24.08,20.23,74.60,79.12
26.67,26.67,21.33,71.89,78.23
26.91,26.91,21.01,67.23,76.43
26.26,26.26,21.62,66.12,74.51
26.80,26.80,18.16,70.49,74.65
24.13,24.13,18.53,71.42,72.15
23.56,23.56,17.07,70.46,72.34
27.07,27.07,22.12,69.97,72.07
32.42,32.42,30.09,68.98,70.68
29.95,29.95,27.52,69.61,74.28
27.52,27.52,25.87,70.33,72.26
24.62,24.62,25.30,70.65,71.52
22.39,22.39,25.35,69.59,75.23
21.17,21.17,23.23,68.80,71.42
21.39,21.39,23.47,69.13,71.93
22.97,22.97,22.57,69.73,74.18
20.95,20.95,24.33,69.45,70.06
22.07,22.07,24.62,68.59,71.15
24.48,24.48,26.64,68.41,71.87
29.63,29.63,29.22,68.87,70.45
31.65,31.65,29.54,68.95,70.91
33.52,33.52,31.04,68.39,71.87
28.75,28.75,28.73,67.69,72.17
24.88,24.88,27.11,65.97,75.72
26.49,26.49,25.52,67.58,74.48
28.69,28.69,25.61,68.81,74.41
30.42,30.42,28.06,68.15,71.92
31.64,31.64,28.90,67.36,72.11
31.92,31.92,28.17,66.39,69.17
30.99,30.99,26.27,66.17,65.34
28.96,28.96,25.19,66.98,69.09
22.35,22.35,26.75,66.74,67.10
23.21,23.21,37.65,66.31,66.56
22.07,22.07,43.02,64.35,72.29
23.05,23.05,32.59,64.25,70.47
28.95,28.95,28.07,66.54,72.06
32.13,32.13,29.05,66.76,72.22
35.45,35.45,29.95,66.02,69.39
36.45,36.45,31.57,64.21,69.79
36.43,36.43,30.43,58.28,68.21
34.89,34.89,28.75,56.29,67.45
32.30,32.30,25.62,55.36,68.58
31.93,31.93,27.97,49.45,68.75
23.53,23.53,20.58,50.74,66.75
18.28,18.28,27.20,55.62,64.30
18.45,18.45,34.90,65.75,69.66
21.13,21.13,29.89,73.36,72.38
27.25,27.25,28.20,73.11,73.81
29.64,29.64,27.99,69.28,75.01
31.51,31.51,26.78,65.10,73.61
30.33,30.33,27.98,66.93,73.42
28.57,28.57,27.61,69.04,72.23
26.40,26.40,26.02,70.07,70.66
25.33,25.33,23.53,69.80,70.83
28.11,28.11,24.98,68.87,70.38
32.21,32.21,29.50,67.62,69.21
29.09,29.09,25.80,69.05,70.63
26.12,26.12,22.17,69.69,68.80
23.27,23.27,22.12,68.03,74.75
23.91,23.91,23.29,67.15,73.53
22.17,22.17,23.88,67.01,70.85
23.37,23.37,24.00,67.58,72.10
23.30,23.30,26.97,67.37,72.92
23.48,23.48,27.61,66.77,68.25
22.51,22.51,27.06,66.97,69.33
21.62,21.62,26.48,66.52,69.54
23.47,23.47,27.17,66.76,63.63
23.65,23.65,27.71,67.24,68.41
26.63,26.63,31.59,67.78,70.83
20.89,20.89,26.48,68.31,75.27
24.36,24.36,24.65,66.27,75.61
28.97,28.97,26.30,64.45,74.34
29.74,29.74,27.01,64.53,76.24
29.52,29.52,28.18,65.67,71.34
29.40,29.40,25.46,65.93,69.68
28.27,28.27,25.11,65.39,70.46
25.37,25.37,21.75,64.73,67.29
23.52,23.52,25.42,64.83,68.12
27.20,27.20,37.53,64.68,63.25
24.49,24.49,33.05,63.78,71.80
27.68,27.68,27.76,65.08,69.75
31.91,31.91,27.54,65.06,70.33
31.19,31.19,26.95,63.60,70.15
28.59,28.59,29.03,63.00,69.68
30.31,30.31,27.84,62.07,69.51
30.01,30.01,27.36,61.49,67.98
30.32,30.32,30.01,58.12,68.58
27.27,27.27,34.03,55.26,68.73
26.31,26.31,32.36,53.88,66.37
25.32,25.32,23.79,51.38,66.98
23.90,23.90,25.91,53.82,67.05
23.88,23.88,24.80,54.39,64.80
24.38,24.38,31.67,64.48,62.35
21.38,21.38,30.07,73.81,72.91
22.09,22.09,26.24,75.23,75.39
25.53,25.53,25.58,74.27,75.45
26.47,26.47,23.49,70.33,75.94
27.72,27.72,25.57,65.94,74.78
27.32,27.32,25.12,69.09,74.05
24.14,24.14,23.34,71.95,72.79
23.64,23.64,21.36,71.76,72.42
25.02,25.02,19.46,70.13,71.74
28.85,28.85,25.91,71.00,73.61
30.70,30.70,26.03,70.57,70.89
25.58,25.58,22.10,70.10,74.70
26.37,26.37,21.68,69.67,72.60
25.37,25.37,21.36,68.88,70.20
22.58,22.58,22.28,69.36,72.62
21.67,21.67,21.99,69.26,71.35
20.35,20.35,22.68,69.43,67.98
19.42,19.42,24.05,69.16,71.50
21.46,21.46,28.22,68.25,70.36
22.92,22.92,27.26,68.64,67.18
23.41,23.41,28.58,68.60,68.85
27.20,27.20,29.71,68.67,69.58
26.81,26.81,33.20,68.39,64.99
24.52,24.52,32.23,69.37,73.96
22.62,22.62,26.74,69.93,75.67
26.93,26.93,27.48,69.06,76.25
29.32,29.32,28.19,67.21,75.89
29.58,29.58,29.83,66.21,73.91
30.26,30.26,28.48,67.33,74.61
28.74,28.74,27.12,67.83,69.37
26.96,26.96,24.10,67.57,69.77
25.60,25.60,25.54,66.63,70.64
31.59,31.59,32.95,65.12,68.69
32.41,32.41,34.24,63.50,73.08
31.75,31.75,25.22,64.70,71.55
34.23,34.23,22.34,66.89,69.98
31.49,31.49,23.58,67.37,70.37
29.62,29.62,24.67,66.48,69.97
28.74,28.74,26.30,64.47,68.95
27.66,27.66,26.56,60.82,68.63
25.63,25.63,25.61,57.20,67.01
24.52,24.52,26.35,55.65,65.76
21.14,21.14,24.33,51.49,64.73
22.80,22.80,26.88,54.96,63.02
24.70,24.70,32.98,58.38,62.11
25.71,25.71,32.30,69.24,66.23
23.70,23.70,29.78,73.44,71.19
24.11,24.11,31.10,72.82,72.21
25.20,25.20,30.67,70.42,71.68
24.61,24.61,31.63,65.24,68.20
24.99,24.99,30.53,67.09,68.99
25.02,25.02,27.82,69.66,67.14
21.94,21.94,24.00,69.73,65.56
22.20,22.20,22.49,68.96,66.54
19.99,19.99,20.72,68.97,66.22
24.91,24.91,27.69,67.90,69.16
23.73,23.73,30.32,64.88,68.67
21.92,21.92,28.69,68.02,74.00
22.05,22.05,26.16,70.00,73.58
20.43,20.43,26.66,68.92,72.05
21.71,21.71,26.82,67.24,73.58
20.35,20.35,25.66,66.88,72.71
21.11,21.11,27.21,66.71,70.20
23.06,23.06,27.96,66.62,70.67
22.96,22.96,32.02,66.92,72.31
24.09,24.09,30.06,66.85,66.96
23.39,23.39,27.31,66.53,66.42
22.15,22.15,29.64,66.28,69.82
18.36,18.36,30.53,67.53,71.16
6.29,6.29,23.41,66.51,74.80
11.07,11.07,20.41,64.21,78.54
18.21,18.21,21.40,65.24,76.51
21.73,21.73,22.86,66.60,77.63
24.41,24.41,25.63,66.32,75.21
28.12,28.12,28.15,64.97,71.29
27.58,27.58,25.76,64.22,72.61
27.27,27.27,22.72,64.14,69.34
23.50,23.50,19.37,64.32,67.66
19.43,19.43,18.17,64.33,69.77
18.45,18.45,27.98,64.04,67.28
13.56,13.56,29.02,64.65,73.47
17.21,17.21,23.48,62.85,70.82
22.88,22.88,21.94,61.32,74.68
28.32,28.32,20.38,63.19,71.52
29.11,29.11,18.87,63.83,72.04
29.09,29.09,18.07,62.56,72.04
29.20,29.20,19.75,59.70,71.36
24.62,24.62,17.96,52.97,69.93
21.13,21.13,23.28,52.26,69.13
18.55,18.55,23.52,50.54,67.99
13.60,13.60,20.98,54.55,68.22
14.18,14.18,25.30,58.34,64.48
9.29,9.29,31.41,68.05,70.35
16.09,16.09,25.52,73.77,71.36
24.05,24.05,24.20,72.06,71.35
26.23,26.23,23.37,68.46,71.42
25.91,25.91,25.06,63.84,72.17
24.30,24.30,26.49,65.60,69.72
21.91,21.91,25.54,68.54,67.91
21.99,21.99,25.78,69.23,67.57
21.32,21.32,24.46,68.67,66.26
24.26,24.26,26.38,66.76,68.90
30.02,30.02,29.08,67.85,71.82
26.81,26.81,26.16,68.55,72.10
23.78,23.78,22.86,66.86,72.15
20.29,20.29,21.72,64.37,73.85
20.55,20.55,22.57,65.93,69.30
18.90,18.90,22.88,66.75,71.16
18.87,18.87,23.44,65.88,71.81
20.84,20.84,25.04,65.19,68.61
19.41,19.41,24.98,64.83,69.76
20.24,20.24,24.37,65.16,71.66
22.68,22.68,25.86,65.04,67.48
21.52,21.52,26.04,64.92,68.51
23.66,23.66,26.56,64.55,71.22
22.34,22.34,29.00,63.44,66.97
8.31,8.31,21.90,64.25,75.14
17.52,17.52,19.78,65.83,76.07
24.80,24.80,20.58,64.63,76.62
27.43,27.43,24.13,62.03,72.95
27.53,27.53,24.06,61.76,73.07
29.05,29.05,23.26,63.16,73.86
28.87,28.87,21.40,63.78,68.18
28.49,28.49,18.23,63.42,68.82
27.63,27.63,17.66,62.40,70.16
31.37,31.37,24.28,61.59,64.85
40.91,40.91,29.10,59.66,72.19
42.18,42.18,21.52,59.07,75.05
46.41,46.41,15.77,63.30,76.16
49.33,49.33,14.50,64.58,72.97
51.60,51.60,15.17,62.95,74.13
53.54,53.54,15.13,59.71,74.20
59.42,59.42,18.44,60.13,72.44
58.66,58.66,20.59,58.18,72.26
57.24,57.24,29.54,53.81,70.94
56.60,56.60,30.46,53.95,69.72
58.33,58.33,27.00,55.04,69.46
61.99,61.99,23.68,60.43,66.40
65.22,65.22,18.08,70.08,68.70
67.41,67.41,16.67,70.03,70.07
68.14,68.14,28.04,68.49,73.70
71.73,71.73,36.16,62.37,73.08
72.32,72.32,33.95,58.41,72.34
73.30,73.30,35.85,65.78,72.46
75.22,75.22,33.24,67.02,71.39
72.96,72.96,32.61,64.40,69.51
73.94,73.94,21.69,64.07,71.08
73.01,73.01,26.44,62.36,70.41
71.68,71.68,29.58,60.89,68.90
71.83,71.83,33.14,62.14,66.27
74.17,74.17,35.39,66.02,72.74
71.28,71.28,36.31,64.58,72.71
73.12,73.12,35.58,62.25,67.29
75.58,75.58,35.15,61.95,67.57
71.92,71.92,34.58,61.90,70.26
73.39,73.39,33.19,62.19,66.79
77.53,77.53,31.24,64.36,66.37
78.14,78.14,27.57,63.06,69.43
78.03,78.03,27.91,61.26,67.83
75.58,75.58,25.62,63.23,66.76
74.22,74.22,24.88,63.87,68.17
71.31,71.31,26.59,66.01,68.26
70.66,70.66,35.48,64.78,72.05
71.95,71.95,36.30,60.20,75.31
73.80,73.80,39.49,58.08,77.14
74.68,74.68,44.46,59.69,75.31
74.74,74.74,39.25,60.67,74.47
74.64,74.64,46.31,57.30,73.63
74.72,74.72,38.00,55.83,70.31
74.33,74.33,39.38,53.37,69.86
72.62,72.62,34.33,54.06,68.57
72.88,72.88,28.39,58.38,67.07
68.54,68.54,31.67,60.27,68.59
63.38,63.38,24.78,58.54,73.36
64.17,64.17,29.81,58.00,72.65
62.12,62.12,32.25,53.26,71.62
62.21,62.21,28.38,48.53,71.86
65.16,65.16,28.14,55.94,71.09
72.42,72.42,24.92,56.07,69.93
78.45,78.45,20.81,51.26,70.13
79.53,79.53,21.65,51.25,68.51
78.43,78.43,23.35,50.36,68.32
78.64,78.64,21.68,47.78,68.25
78.91,78.91,16.65,51.20,67.00
76.49,76.49,19.56,60.83,72.29
74.98,74.98,22.89,68.66,78.98
74.16,74.16,25.96,71.00,79.24
75.00,75.00,28.15,68.11,78.74
73.94,73.94,25.73,58.14,78.20
72.02,72.02,32.05,56.34,78.66
72.91,72.91,28.34,65.42,76.71
73.64,73.64,25.49,66.81,76.91
75.28,75.28,26.03,64.73,74.63
77.47,77.47,23.96,61.49,76.01
73.22,73.22,23.36,61.31,74.87
67.94,67.94,27.81,60.45,74.56
66.70,66.70,19.57,60.62,74.12
66.28,66.28,19.66,64.28,73.65
64.22,64.22,21.14,64.82,75.52
65.95,65.95,24.37,63.22,75.52
74.29,74.29,18.92,60.33,72.77
75.28,75.28,18.64,61.06,73.18
76.82,76.82,18.04,61.66,74.41
75.96,75.96,18.27,61.56,71.79
77.75,77.75,18.00,61.07,73.35
77.79,77.79,26.84,59.15,73.94
77.53,77.53,28.19,59.84,71.44
76.56,76.56,21.29,59.70,72.31
76.48,76.48,20.05,59.41,71.67
77.28,77.28,20.98,59.77,70.13
80.06,80.06,25.07,60.49,72.07
79.28,79.28,24.16,61.98,73.18
79.54,79.54,23.26,59.80,69.66
78.76,78.76,21.31,55.91,71.04
78.84,78.84,21.99,58.05,71.02
78.00,78.00,22.54,59.26,69.27
76.98,76.98,24.25,60.30,69.78
76.44,76.44,26.52,58.52,70.40
72.37,72.37,26.46,58.06,68.14
74.35,74.35,25.39,57.10,71.15
75.51,75.51,26.83,57.19,72.78
75.80,75.80,25.33,56.50,71.30
75.99,75.99,26.33,59.83,70.29
74.06,74.06,29.71,60.81,72.19
73.42,73.42,31.10,58.93,71.39
75.97,75.97,31.00,53.99,69.81
77.28,77.28,29.14,53.95,69.53
76.82,76.82,28.65,53.39,68.15
75.94,75.94,29.66,50.14,67.71
75.07,75.07,30.30,51.24,67.96
75.95,75.95,26.06,51.61,65.54
78.73,78.73,24.80,54.60,68.56
78.08,78.08,29.47,57.87,72.26
80.48,80.48,25.98,59.85,72.93
78.43,78.43,32.42,58.86,69.74
77.23,77.23,31.47,52.73,68.81
76.98,76.98,39.77,49.80,69.58
77.99,77.99,37.96,58.06,65.63
78.17,78.17,31.97,56.33,68.38
79.66,79.66,29.08,52.37,68.00
78.48,78.48,24.80,50.15,67.99
78.66,78.66,21.86,54.55,67.87
78.26,78.26,21.73,57.97,68.86
78.08,78.08,23.60,56.38,72.92
77.21,77.21,21.77,49.79,75.75
76.71,76.71,24.80,53.75,74.99
76.45,76.45,27.48,59.70,75.49
76.73,76.73,25.99,58.24,72.12
75.77,75.77,28.07,50.25,72.35
74.43,74.43,30.13,53.44,71.93
76.28,76.28,32.60,54.90,72.16
74.94,74.94,35.59,56.57,70.36
74.68,74.68,34.22,56.22,70.11
67.28,67.28,26.54,56.45,69.84
66.34,66.34,26.31,56.63,66.65
69.43,69.43,35.80,54.91,69.43
72.56,72.56,38.81,55.30,70.64
73.85,73.85,33.61,53.38,74.95
73.93,73.93,32.26,56.53,74.80
73.31,73.31,35.98,55.87,75.23
73.73,73.73,34.37,56.48,74.03
73.20,73.20,36.24,51.70,71.08
72.54,72.54,30.19,51.58,73.79
72.53,72.53,33.19,54.45,66.16
69.89,69.89,36.10,54.98,71.54
67.05,67.05,26.41,55.00,69.21
62.12,62.12,28.34,53.89,68.77
62.99,62.99,38.65,54.00,72.29
61.75,61.75,26.39,55.37,71.68
62.92,62.92,27.91,52.81,70.75
62.53,62.53,27.82,48.99,71.20
63.20,63.20,35.29,51.85,68.83
71.69,71.69,27.40,54.92,69.63
75.05,75.05,31.05,54.55,71.34
76.22,76.22,34.27,54.88,70.24
76.71,76.71,26.83,54.07,67.28
75.97,75.97,26.86,54.25,68.34
75.26,75.26,30.41,57.28,67.17
73.54,73.54,26.10,55.04,65.66
74.14,74.14,25.07,54.17,69.07
71.43,71.43,29.28,60.74,72.05
68.98,68.98,24.16,59.97,75.17
67.90,67.90,25.17,60.40,72.72
66.03,66.03,21.68,55.16,71.23
63.32,63.32,22.29,51.34,71.17
68.54,68.54,22.38,59.75,69.71
70.72,70.72,24.01,60.41,70.48
67.29,67.29,26.00,57.50,71.51
65.71,65.71,23.20,54.04,70.00
59.71,59.71,20.52,57.09,68.29
57.50,57.50,17.72,61.63,74.33
56.43,56.43,21.68,60.84,74.98
56.62,56.62,23.71,56.94,75.12
57.61,57.61,24.90,50.72,75.05
55.64,55.64,27.32,57.31,73.22
54.13,54.13,26.43,60.44,72.15
54.20,54.20,28.33,56.99,69.08
52.96,52.96,31.49,53.99,69.70
54.55,54.55,34.78,55.05,69.18
52.10,52.10,32.10,55.99,67.91
51.96,51.96,29.86,56.82,68.06
50.85,50.85,26.44,57.26,70.23
47.46,47.46,19.11,54.54,75.73
45.08,45.08,11.53,56.91,77.11
54.87,54.87,11.70,59.59,79.10
63.83,63.83,11.06,58.60,78.79
68.40,68.40,10.28,54.29,79.40
72.36,72.36,14.46,55.44,77.81
72.63,72.63,18.93,57.36,76.10
72.88,72.88,21.71,55.93,77.04
72.49,72.49,21.27,52.41,73.95
70.85,70.85,22.83,52.34,75.75
67.98,67.98,25.34,55.39,74.63
64.30,64.30,21.42,58.36,74.96
61.36,61.36,18.39,51.36,74.42
57.04,57.04,19.30,51.84,72.60
55.18,55.18,24.44,55.22,73.09
53.69,53.69,19.92,57.02,70.95
54.11,54.11,14.04,55.48,72.65
62.86,62.86,13.95,55.16,71.59
74.83,74.83,27.77,57.19,70.63
74.71,74.71,34.31,54.49,66.49
74.07,74.07,34.68,57.65,65.50
74.16,74.16,33.08,58.47,62.30
64.39,64.39,20.54,55.01,62.35
59.73,59.73,10.95,52.47,65.06
57.61,57.61,16.06,66.03,75.48
65.10,65.10,36.86,68.34,79.25
67.47,67.47,39.76,66.97,79.89
66.42,66.42,28.90,61.32,78.26
67.54,67.54,25.88,54.19,77.81
69.22,69.22,35.06,64.41,76.80
77.67,77.67,40.60,66.82,75.97
80.41,80.41,34.84,65.43,74.40
80.90,80.90,34.12,62.60,74.47
82.68,82.68,30.98,61.74,74.38
81.95,81.95,30.01,62.84,75.30
82.68,82.68,32.47,62.40,76.36
82.23,82.23,33.63,60.67,74.88
82.89,82.89,33.15,61.45,73.05
82.45,82.45,19.61,63.88,73.50
82.20,82.20,22.41,63.65,72.78
79.77,79.77,27.98,62.06,73.70
79.65,79.65,14.32,60.89,73.14
81.65,81.65,18.51,59.72,73.16
78.79,78.79,20.71,60.17,73.20
79.89,79.89,27.54,61.16,72.72
79.71,79.71,25.63,61.52,73.47
81.00,81.00,30.84,62.79,71.02
79.85,79.85,32.42,63.48,70.90
83.63,83.63,31.71,62.34,71.65
80.82,80.82,26.71,60.05,71.77
80.39,80.39,23.57,57.38,70.44
78.24,78.24,30.36,60.61,69.19
79.49,79.49,25.33,62.04,70.22
81.05,81.05,26.50,60.32,70.54
81.36,81.36,24.98,59.91,69.82
79.79,79.79,22.50,60.04,69.23
80.95,80.95,21.59,59.84,69.81
81.26,81.26,20.19,59.71,69.52
84.50,84.50,19.78,60.79,70.45
84.05,84.05,15.90,59.95,69.18
83.66,83.66,21.39,56.88,67.73
83.01,83.01,26.44,58.24,68.08
81.29,81.29,38.03,60.06,65.95
82.00,82.00,35.28,61.31,65.88
81.71,81.71,38.92,58.97,64.92
82.15,82.15,39.46,53.60,64.82
80.66,80.66,39.92,53.55,62.42
78.48,78.48,32.57,51.79,61.01
77.56,77.56,32.74,50.76,60.01
76.42,76.42,39.49,48.22,59.59
77.06,77.06,28.50,58.52,70.20
76.62,76.62,27.10,69.17,76.08
68.92,68.92,18.56,69.73,78.25
67.06,67.06,22.40,67.64,77.35
66.46,66.46,26.19,61.37,76.24
64.95,64.95,25.99,56.87,76.66
62.21,62.21,29.66,65.15,75.25
61.58,61.58,29.85,66.44,73.43
61.71,61.71,23.99,65.48,73.92
59.84,59.84,15.53,61.79,74.19
62.48,62.48,19.22,60.16,72.56
69.99,69.99,24.09,62.57,73.82
72.44,72.44,27.28,64.97,73.87
71.84,71.84,26.42,64.56,73.90
73.70,73.70,28.49,62.69,72.90
70.87,70.87,33.49,61.87,73.55
69.36,69.36,39.98,62.08,73.07
77.05,77.05,36.01,63.33,72.98
82.84,82.84,36.83,62.30,71.76
81.95,81.95,36.03,61.81,72.26
81.43,81.43,33.43,62.26,72.50
81.32,81.32,28.77,61.29,72.93
78.58,78.58,18.54,61.07,72.96
78.57,78.57,25.34,60.03,72.02
75.09,75.09,25.94,62.57,72.95
75.80,75.80,25.54,64.13,70.47
73.12,73.12,28.20,62.60,72.46
72.52,72.52,24.70,60.73,70.96
72.29,72.29,22.74,60.31,70.59
69.82,69.82,22.25,61.93,70.12
68.71,68.71,20.97,62.49,70.05
67.38,67.38,18.99,62.00,70.11
66.17,66.17,25.50,60.76,68.41
66.86,66.86,28.72,60.59,68.02
68.29,68.29,36.74,58.81,65.69
68.02,68.02,36.97,59.34,67.51
66.76,66.76,43.74,61.93,67.43
67.71,67.71,44.32,62.50,68.18
67.67,67.67,42.82,60.47,64.36
59.28,59.28,26.17,57.92,65.78
55.49,55.49,27.06,57.61,66.22
59.17,59.17,29.72,58.69,65.84
58.64,58.64,28.30,55.13,62.88
54.89,54.89,23.74,56.01,61.60
55.39,55.39,17.94,52.90,56.89
58.50,58.50,19.97,50.35,56.73
67.99,67.99,25.62,51.27,65.87
71.78,71.78,28.60,59.14,73.85
72.28,72.28,27.10,68.58,76.53
71.70,71.70,33.39,68.78,78.40
71.62,71.62,38.69,66.08,77.56
73.10,73.10,36.60,59.18,77.50
82.74,82.74,35.09,55.05,77.35
80.71,80.71,32.19,64.04,74.62
80.15,80.15,38.22,65.12,75.39
79.77,79.77,46.96,64.43,73.82
79.58,79.58,40.77,62.09,72.85
79.16,79.16,43.02,61.62,74.09
78.19,78.19,36.33,62.00,71.39
76.67,76.67,32.27,64.18,76.56
77.81,77.81,33.91,63.33,72.69
77.86,77.86,42.36,61.05,73.59
80.18,80.18,44.36,59.09,75.86
81.16,81.16,37.94,60.04,73.35
81.49,81.49,39.83,61.97,71.71
80.52,80.52,40.15,61.82,73.48
80.56,80.56,36.36,60.16,72.14
79.10,79.10,35.07,60.30,70.24
71.85,71.85,30.96,59.99,72.24
68.71,68.71,26.58,61.57,71.24
70.56,70.56,23.87,63.68,68.13
73.22,73.22,28.13,63.56,74.89
75.71,75.71,30.54,61.91,79.51
71.03,71.03,26.77,57.68,78.02
73.45,73.45,31.24,57.05,78.19
75.46,75.46,32.28,59.61,78.72
74.35,74.35,26.53,62.66,75.59
73.35,73.35,32.86,61.82,76.69
69.19,69.19,25.95,60.11,74.84
63.96,63.96,16.26,58.66,74.29
60.18,60.18,16.28,59.75,72.66
63.19,63.19,19.64,59.82,73.03
71.64,71.64,25.84,60.37,74.44
70.34,70.34,24.53,60.61,72.01
63.15,63.15,26.72,61.58,73.26
61.67,61.67,32.19,59.40,73.94
66.89,66.89,35.74,56.63,71.28
77.38,77.38,39.64,54.63,72.15
81.92,81.92,36.67,57.24,72.64
81.09,81.09,34.60,53.31,68.29
80.51,80.51,30.53,53.77,69.20
81.09,81.09,28.90,52.04,69.59
80.80,80.80,32.61,51.42,66.39
80.18,80.18,32.46,52.80,67.55
80.01,80.01,24.66,60.92,73.34
79.12,79.12,23.91,67.91,74.58
77.62,77.62,19.40,68.28,77.45
78.70,78.70,20.31,67.26,77.21
79.11,79.11,23.82,59.22,75.73
79.97,79.97,21.29,54.05,74.02
79.15,79.15,23.12,63.92,74.00
77.15,77.15,23.40,65.02,70.94
73.05,73.05,23.74,63.40,73.11
73.03,73.03,22.97,60.16,72.04
73.60,73.60,22.59,60.00,74.20
76.02,76.02,21.56,61.57,71.98
77.68,77.68,21.80,63.18,71.48
77.77,77.77,21.33,63.20,76.57
76.36,76.36,24.44,59.06,69.73
72.76,72.76,26.33,58.51,70.49
73.80,73.80,26.20,61.72,75.14
73.10,73.10,25.79,62.22,70.59
69.75,69.75,26.56,61.84,68.73
70.07,70.07,26.58,60.83,73.99
65.97,65.97,26.38,60.46,69.64
64.27,64.27,24.96,60.19,69.32
58.85,58.85,24.87,61.21,72.89
62.39,62.39,23.70,63.19,72.69
58.97,58.97,20.84,63.21,71.46
56.33,56.33,19.92,58.87,75.80
51.77,51.77,19.78,56.88,76.55
53.33,53.33,22.20,59.62,74.07
52.81,52.81,24.12,62.26,75.20
57.76,57.76,24.50,62.82,73.47
62.26,62.26,23.20,60.09,73.23
66.33,66.33,20.84,58.98,71.52
68.60,68.60,15.47,59.82,69.42
69.77,69.77,26.36,62.04,74.07
70.92,70.92,22.96,62.90,69.44
70.26,70.26,16.50,60.16,69.80
68.54,68.54,17.07,56.90,71.90
66.50,66.50,22.98,54.28,70.63
64.90,64.90,20.99,58.45,69.55
62.19,62.19,23.05,60.85,68.64
59.37,59.37,25.13,57.18,68.35
52.20,52.20,26.57,55.70,64.25
51.68,51.68,24.74,54.36,68.77
58.51,58.51,20.49,51.15,65.79
65.34,65.34,31.64,53.80,66.33
67.69,67.69,41.56,57.22,65.77
74.34,74.34,34.15,67.63,75.03
74.07,74.07,37.27,70.00,78.26
84.73,84.73,29.19,67.41,79.74
83.61,83.61,18.35,62.68,79.19
83.23,83.23,18.73,57.80,76.72
84.27,84.27,19.43,59.34,76.46
83.59,83.59,18.87,64.77,74.30
81.46,81.46,15.03,65.02,73.57
78.93,78.93,14.20,62.83,74.81
79.69,79.69,19.22,57.96,72.64
81.22,81.22,13.81,59.17,76.07
82.05,82.05,14.21,63.18,74.27
81.79,81.79,15.28,62.38,75.34
82.36,82.36,18.56,60.80,77.24
80.69,80.69,20.22,55.52,72.09
76.78,76.78,19.43,60.17,73.04
83.22,83.22,17.53,60.47,75.62
81.59,81.59,15.69,59.50,71.28
80.17,80.17,23.88,59.36,72.57
82.75,82.75,24.73,59.60,74.21
79.84,79.84,30.63,61.19,69.19
79.80,79.80,19.16,61.47,70.56
78.61,78.61,15.05,61.59,73.03
77.51,77.51,20.75,59.87,74.91
75.50,75.50,21.30,58.54,72.43
72.08,72.08,15.18,61.19,76.29
72.73,72.73,10.85,63.09,78.45
69.41,69.41,14.41,63.10,75.67
68.83,68.83,17.71,61.24,75.38
74.17,74.17,28.96,57.48,72.95
76.86,76.86,31.19,59.85,74.84
74.94,74.94,33.02,60.29,71.48
73.97,73.97,39.54,61.01,70.12
75.25,75.25,34.99,59.42,73.81
73.98,73.98,35.22,60.21,72.14
72.86,72.86,31.70,59.53,73.27
70.79,70.79,34.03,60.11,74.67
66.47,66.47,23.34,58.45,72.13
70.76,70.76,32.80,59.66,71.69
83.53,83.53,31.36,61.41,73.04
83.02,83.02,32.09,61.27,71.16
81.65,81.65,21.38,56.12,71.18
81.63,81.63,22.85,54.37,68.78
82.11,82.11,25.66,53.68,67.82
81.87,81.87,28.98,51.25,66.43
82.67,82.67,29.96,56.87,65.65
82.62,82.62,32.05,63.67,70.20
82.58,82.58,31.09,67.33,77.04
82.33,82.33,29.30,66.22,77.84
82.42,82.42,27.51,63.77,76.58
82.12,82.12,25.98,56.72,76.27
82.74,82.74,28.17,56.15,75.83
82.60,82.60,31.37,63.28,74.56
81.94,81.94,32.44,64.47,72.96
81.93,81.93,35.19,62.67,73.25
82.20,82.20,28.25,59.07,73.57
81.87,81.87,28.99,60.09,72.97
81.88,81.88,28.97,61.71,72.68
79.63,79.63,23.25,61.09,68.89
78.76,78.76,28.47,61.12,72.81
82.30,82.30,29.82,62.52,72.41
80.83,80.83,27.44,62.43,70.28
78.44,78.44,27.13,62.00,73.17
76.12,76.12,24.12,61.04,71.30
77.79,77.79,24.76,61.23,69.98
76.06,76.06,28.92,61.83,71.78
79.41,79.41,29.70,62.20,69.99
79.34,79.34,29.39,62.23,68.83
80.27,80.27,20.41,62.38,71.41
80.03,80.03,23.12,61.29,69.48
80.48,80.48,23.90,59.49,73.18
80.26,80.26,40.00,61.21,74.23
80.38,80.38,35.01,63.08,77.49
80.57,80.57,31.22,61.97,76.03
80.64,80.64,31.94,59.52,77.08
76.02,76.02,31.86,57.16,76.35
74.06,74.06,30.55,58.88,73.76
74.20,74.20,32.79,60.91,72.25
75.22,75.22,37.75,60.67,73.57
74.16,74.16,40.52,59.79,72.04
74.67,74.67,33.67,59.85,70.82
75.45,75.45,40.31,62.29,72.93
73.33,73.33,37.84,62.22,72.00
74.61,74.61,37.44,58.62,70.12
73.55,73.55,37.32,54.88,70.12
74.15,74.15,37.14,56.46,72.75
74.01,74.01,37.57,53.83,68.34
72.21,72.21,32.21,51.47,66.79
70.71,70.71,24.51,50.68,69.74
65.56,65.56,26.68,50.44,67.79
65.98,65.98,24.49,45.66,66.98
63.99,63.99,25.45,45.51,67.78
70.64,70.64,23.27,44.36,65.24
78.08,78.08,20.76,46.27,67.91
81.19,81.19,18.77,55.02,76.52
80.40,80.40,20.44,60.92,75.25
81.01,81.01,25.41,59.97,74.77
78.82,78.82,25.69,54.94,71.64
81.19,81.19,26.64,47.05,72.85
82.11,82.11,28.38,57.40,69.55
82.41,82.41,29.86,59.00,71.71
81.83,81.83,30.04,56.50,70.94
82.82,82.82,27.71,50.18,70.64
82.85,82.85,28.76,53.29,70.81
82.82,82.82,28.48,57.13,71.43
83.61,83.61,28.20,57.66,72.02
82.97,82.97,31.83,48.81,73.78
83.20,83.20,28.58,54.65,71.86
82.30,82.30,26.25,56.36,71.83
81.14,81.14,28.93,54.19,73.39
74.18,74.18,27.65,49.33,69.21
77.49,77.49,39.15,51.94,69.92
77.27,77.27,33.33,56.99,68.80
79.99,79.99,32.39,54.60,69.63
80.89,80.89,34.22,53.34,69.04
80.73,80.73,32.34,53.40,69.69
78.85,78.85,34.73,56.38,69.59
72.76,72.76,29.34,51.49,75.87
68.28,68.28,22.40,51.13,73.69
67.80,67.80,21.52,56.79,79.82
69.26,69.26,30.77,58.18,76.18
72.09,72.09,36.34,52.62,77.82
73.99,73.99,35.80,45.88,75.58
72.97,72.97,39.55,54.62,75.86
73.78,73.78,34.22,56.27,74.52
73.03,73.03,35.21,53.96,72.04
72.96,72.96,36.84,52.01,73.01
72.55,72.55,31.13,53.73,74.47
70.10,70.10,40.26,52.80,71.98
65.50,65.50,28.15,53.95,74.01
71.41,71.41,18.53,55.28,73.00
67.53,67.53,24.77,53.10,70.44
70.06,70.06,25.43,50.38,70.89
77.49,77.49,23.76,52.74,69.27
77.43,77.43,21.94,54.84,69.13
77.42,77.42,27.98,52.67,68.07
76.72,76.72,28.07,51.01,67.83
76.34,76.34,26.78,57.20,68.25
74.47,74.47,28.22,58.57,66.71
75.54,75.54,26.70,58.47,64.40
72.90,72.90,25.76,59.95,70.63
74.93,74.93,27.27,61.12,71.78
73.72,73.72,29.26,60.49,74.49
74.90,74.90,28.80,60.60,73.26
74.83,74.83,29.67,56.60,72.50
75.15,75.15,27.12,53.42,69.16
73.81,73.81,21.21,58.07,69.43
74.03,74.03,22.72,56.94,71.09
73.31,73.31,23.10,54.86,72.52
72.16,72.16,20.94,48.26,70.34
73.10,73.10,17.02,53.89,71.08
74.15,74.15,17.78,52.05,70.15
71.76,71.76,20.36,53.52,70.89
67.80,67.80,23.71,54.99,71.75
71.06,71.06,26.58,53.30,71.34
70.88,70.88,28.32,48.66,70.41
70.87,70.87,26.89,49.52,69.90
71.25,71.25,22.96,54.08,69.97
74.26,74.26,19.36,52.55,69.84
74.70,74.70,18.90,50.62,70.25
76.89,76.89,22.10,51.36,70.37
78.68,78.68,26.05,50.97,69.32
79.41,79.41,28.43,50.39,69.79
79.15,79.15,28.58,52.52,68.85
79.17,79.17,21.13,53.66,70.35
78.39,78.39,19.77,43.60,74.61
78.52,78.52,22.37,47.75,76.03
78.09,78.09,24.75,53.19,76.18
77.99,77.99,25.96,54.76,74.63
78.33,78.33,27.43,48.14,74.10
77.53,77.53,23.91,45.52,74.00
74.92,74.92,16.14,51.67,73.50
75.73,75.73,15.93,51.20,69.04
73.33,73.33,17.55,49.57,72.65
74.22,74.22,21.77,45.61,70.99
74.88,74.88,23.45,51.85,69.25
74.37,74.37,24.91,53.15,69.52
74.72,74.72,29.37,46.60,67.66
73.94,73.94,31.05,47.00,68.74
73.78,73.78,30.05,50.58,67.08
73.47,73.47,26.38,50.15,69.26
75.96,75.96,25.47,53.39,66.49
74.86,74.86,28.87,56.02,68.30
77.05,77.05,29.84,53.59,62.65
75.44,75.44,25.75,55.99,60.45
76.57,76.57,23.21,55.86,58.49
75.78,75.78,18.27,60.08,62.90
76.11,76.11,12.74,68.25,73.41
74.50,74.50,13.08,70.11,76.84
75.23,75.23,15.25,68.53,76.82
75.76,75.76,17.82,60.02,74.13
74.03,74.03,17.93,56.92,73.87
72.89,72.89,19.58,65.14,74.38
72.97,72.97,18.98,67.59,71.28
72.21,72.21,19.78,66.60,72.16
69.41,69.41,18.63,63.74,70.47
68.27,68.27,16.35,62.49,70.85
68.32,68.32,11.65,63.77,71.34
65.96,65.96,12.61,63.62,79.09
61.51,61.51,9.67,63.25,78.10
55.58,55.58,11.76,64.64,76.61
58.74,58.74,13.53,65.86,75.53
58.03,58.03,16.11,65.35,72.81
59.39,59.39,18.26,63.46,73.05
64.67,64.67,18.59,62.99,72.49
70.18,70.18,22.11,62.89,71.57
72.45,72.45,27.47,63.51,69.74
72.61,72.61,31.43,63.74,70.50
74.01,74.01,34.47,63.46,69.46
73.14,73.14,30.35,64.61,72.64
73.77,73.77,25.17,64.73,72.14
73.12,73.12,32.68,63.91,73.79
72.64,72.64,34.11,60.89,72.72
72.68,72.68,37.63,60.63,71.08
72.46,72.46,28.56,62.60,70.63
71.95,71.95,21.26,63.64,69.31
70.94,70.94,27.52,63.16,68.58
67.80,67.80,24.36,61.54,68.59
65.73,65.73,24.47,61.54,67.51
67.68,67.68,26.90,61.86,67.76
65.74,65.74,18.95,62.14,66.91
64.07,64.07,5.38,62.05,70.83
66.21,66.21,4.79,59.91,75.31
67.89,67.89,10.22,58.16,76.19
69.16,69.16,16.69,60.91,73.84
82.16,82.16,20.33,63.49,74.06
80.90,80.90,20.40,62.48,73.45
79.61,79.61,19.69,54.87,71.95
78.14,78.14,22.11,52.40,71.94
78.95,78.95,22.20,52.90,71.04
80.24,80.24,24.25,50.57,70.00
79.47,79.47,21.29,48.46,69.37
79.34,79.34,16.87,48.26,69.07
76.64,76.64,13.38,48.12,66.40
74.82,74.82,8.00,58.61,75.18
76.43,76.43,8.02,62.59,75.01
74.82,74.82,10.21,61.84,76.72
71.60,71.60,11.67,57.40,74.90
71.34,71.34,12.49,52.45,75.60
69.10,69.10,17.82,53.16,74.41
69.56,69.56,15.03,56.15,73.52
71.56,71.56,19.24,57.91,74.75
70.67,70.67,19.44,56.16,73.59
69.90,69.90,22.53,52.28,72.19
71.38,71.38,25.36,52.90,73.72
72.26,72.26,28.18,52.73,73.22
73.06,73.06,31.42,51.07,74.02
72.86,72.86,29.30,50.90,72.39
74.31,74.31,27.87,53.86,72.63
74.20,74.20,35.82,55.32,71.42
73.71,73.71,31.65,52.07,69.54
74.96,74.96,28.17,51.87,71.20
74.28,74.28,33.27,49.22,69.07
75.83,75.83,35.60,50.82,67.86
74.95,74.95,28.16,50.72,69.56
74.12,74.12,26.17,49.28,69.83
76.32,76.32,30.82,52.09,70.06
78.72,78.72,26.85,54.01,71.26
77.73,77.73,28.94,54.59,72.30
77.06,77.06,28.31,52.01,69.90
73.34,73.34,31.94,46.78,67.62
69.24,69.24,25.62,51.35,68.84
63.53,63.53,26.00,53.89,70.09
62.52,62.52,25.87,53.65,68.18
62.53,62.53,29.93,48.76,68.21
61.05,61.05,25.88,50.12,67.66
61.61,61.61,27.89,52.60,69.53
66.32,66.32,15.24,53.85,68.67
68.75,68.75,12.98,56.30,75.25
66.86,66.86,11.44,52.14,73.71
66.39,66.39,13.47,52.01,73.19
67.52,67.52,19.29,48.50,73.71
68.15,68.15,21.41,53.14,72.00
67.25,67.25,27.91,55.56,71.46
67.24,67.24,27.89,55.56,70.99
67.20,67.20,24.17,52.29,69.43
65.67,65.67,25.16,52.26,68.41
66.27,66.27,17.79,49.63,66.40
68.17,68.17,12.15,49.63,66.04
75.35,75.35,8.23,52.97,62.92
80.90,80.90,5.08,56.64,64.01
82.24,82.24,5.61,61.82,75.58
82.06,82.06,13.13,60.80,76.86
80.92,80.92,17.99,58.09,76.06
80.79,80.79,20.45,56.48,74.80
79.01,79.01,21.16,55.74,73.85
78.28,78.28,25.82,56.28,73.84
77.83,77.83,21.37,55.68,74.02
78.55,78.55,16.61,55.13,73.62
77.02,77.02,17.72,51.26,73.31
78.94,78.94,18.30,46.48,72.28
79.26,79.26,13.89,48.99,73.90
79.81,79.81,18.11,53.84,70.11
78.41,78.41,18.40,52.21,71.39
77.70,77.70,19.46,53.02,74.90
76.60,76.60,19.73,50.25,72.24
75.42,75.42,24.80,46.69,70.34
77.21,77.21,24.12,48.24,73.04
76.86,76.86,20.32,52.86,70.79
77.70,77.70,29.38,51.93,70.45
77.19,77.19,24.03,50.80,72.50
73.46,73.46,22.24,50.77,70.38
70.31,70.31,27.98,53.18,68.93
69.28,69.28,25.82,55.23,72.82
69.20,69.20,17.56,53.22,74.06
68.49,68.49,18.51,49.25,74.43
67.29,67.29,18.01,51.49,75.02
65.70,65.70,26.54,54.18,73.66
68.17,68.17,24.61,54.83,74.13
63.58,63.58,28.78,53.00,71.36
61.49,61.49,30.85,51.67,69.80
56.58,56.58,34.48,51.88,72.26
56.58,56.58,33.76,52.27,68.81
57.83,57.83,34.34,51.89,69.16
58.39,58.39,38.18,53.59,70.46
61.26,61.26,37.48,53.21,70.04
58.87,58.87,33.73,51.45,67.09
61.35,61.35,34.76,52.50,68.44
52.18,52.18,35.07,53.84,69.36
52.34,52.34,33.75,53.69,65.45
53.31,53.31,37.30,53.69,66.75
54.28,54.28,36.15,51.41,65.20
58.36,58.36,36.42,49.49,66.99
53.98,53.98,35.55,48.95,63.81
53.42,53.42,34.79,46.04,63.49
49.11,49.11,31.68,45.32,62.09
44.88,44.88,26.76,48.80,60.17
41.90,41.90,27.50,54.62,64.20
34.06,34.06,27.20,59.67,75.02
35.89,35.89,26.35,61.87,80.37
41.48,41.48,24.05,60.43,80.23
42.30,42.30,24.74,58.15,78.53
40.77,40.77,26.16,56.91,77.45
41.19,41.19,27.02,56.79,78.54
41.30,41.30,27.72,56.08,77.23
37.01,37.01,26.35,55.24,76.67
39.29,39.29,26.76,50.63,75.70
39.32,39.32,31.16,46.75,76.37
37.08,37.08,31.91,47.92,74.28
35.46,35.46,28.35,46.94,78.88
35.23,35.23,27.19,50.12,78.06
33.56,33.56,26.68,46.58,74.50
42.76,42.76,27.82,42.52,75.14
45.04,45.04,29.67,47.67,77.58
43.22,43.22,31.48,51.34,74.22
46.64,46.64,32.75,48.97,75.74
47.64,47.64,32.20,49.43,75.90
49.96,49.96,30.04,47.12,73.71
49.48,49.48,29.53,49.40,74.80
51.81,51.81,23.82,52.71,75.99
51.24,51.24,22.08,53.90,71.73
51.54,51.54,18.20,50.91,75.16
51.87,51.87,18.78,50.61,77.42
53.61,53.61,15.78,54.87,78.75
55.80,55.80,15.69,56.59,80.26
59.36,59.36,17.56,55.75,80.01
60.27,60.27,16.06,51.66,79.05
59.21,59.21,19.01,49.14,76.40
61.40,61.40,18.22,53.91,76.08
59.53,59.53,20.42,54.85,77.83
62.31,62.31,13.68,53.27,73.68
63.32,63.32,13.75,54.00,77.26
64.36,64.36,11.67,53.23,76.28
64.31,64.31,4.94,51.87,75.21
63.70,63.70,14.37,54.81,75.66
63.10,63.10,20.12,56.12,73.08
59.41,59.41,20.35,57.00,73.95
54.42,54.42,19.42,53.98,74.33
51.19,51.19,22.82,50.23,70.82
46.96,46.96,23.75,50.67,70.18
43.55,43.55,24.09,49.82,70.21
39.91,39.91,21.52,49.94,68.48
39.74,39.74,18.14,52.64,67.62
45.97,45.97,14.89,58.25,74.94
44.04,44.04,7.14,60.90,76.60
52.52,52.52,19.41,60.57,79.02
72.53,72.53,38.29,57.38,78.95
64.53,64.53,29.39,56.90,76.20
62.48,62.48,17.01,54.05,76.83
69.91,69.91,15.24,55.18,77.39
73.81,73.81,18.04,55.77,73.96
74.32,74.32,18.37,56.21,74.68
74.52,74.52,19.03,51.59,73.64
74.32,74.32,19.41,45.55,73.39
73.51,73.51,15.73,48.52,74.66
74.13,74.13,23.35,51.37,73.43
73.91,73.91,22.00,47.41,75.08
72.56,72.56,25.48,44.20,73.52
74.35,74.35,22.10,40.73,72.69
74.28,74.28,30.47,47.02,72.26
73.31,73.31,26.16,51.34,71.83
73.54,73.54,29.29,52.24,70.45
72.41,72.41,34.61,47.08,70.78
72.12,72.12,31.01,43.26,71.71
72.03,72.03,33.11,41.44,70.20
71.94,71.94,31.14,51.94,71.31
73.36,73.36,33.81,51.95,72.25
75.59,75.59,23.66,43.12,73.86
75.02,75.02,22.61,46.10,72.39
71.53,71.53,21.07,52.03,75.32
70.18,70.18,19.76,53.52,77.52
69.82,69.82,19.65,51.77,77.35
70.43,70.43,16.88,49.63,75.87
71.03,71.03,19.80,48.23,74.84
71.88,71.88,19.04,47.77,74.26
70.59,70.59,21.94,49.56,74.11
70.71,70.71,22.48,53.82,71.00
66.84,66.84,15.17,49.30,75.28
66.07,66.07,5.88,48.41,71.32
69.63,69.63,2.64,49.59,68.74
67.92,67.92,0.37,50.84,70.74
68.19,68.19,0.49,55.18,68.41
68.61,68.61,5.96,55.77,69.62
74.50,74.50,3.66,49.22,71.54
74.38,74.38,0.71,48.74,71.66
75.42,75.42,3.59,47.06,67.94
75.76,75.76,13.44,45.99,65.76
75.21,75.21,8.40,51.09,67.25
74.86,74.86,13.63,50.47,65.07
75.41,75.41,19.77,45.22,63.28
75.23,75.23,22.16,48.79,65.29
76.02,76.02,20.33,50.34,74.68
76.24,76.24,18.04,59.85,76.41
76.95,76.95,11.22,59.41,80.49
76.71,76.71,9.58,60.32,79.04
76.81,76.81,9.34,59.15,77.91
78.49,78.49,10.81,56.79,77.89
78.88,78.88,10.50,52.85,76.70
80.18,80.18,17.70,57.01,76.06
79.28,79.28,20.63,52.60,75.95
78.06,78.06,22.98,48.11,74.92
77.16,77.16,27.44,43.87,76.33
76.25,76.25,18.77,46.32,74.90
78.21,78.21,15.62,48.41,70.95
78.52,78.52,17.13,48.07,72.65
79.24,79.24,18.45,44.30,71.68
78.62,78.62,20.51,50.24,73.38
77.80,77.80,22.35,53.22,71.01
78.30,78.30,22.88,53.05,71.57
77.71,77.71,21.04,51.87,72.68
74.59,74.59,17.23,49.86,72.05
71.57,71.57,15.96,52.33,72.98
69.59,69.59,16.58,51.81,73.44
70.10,70.10,18.17,52.79,72.27
69.32,69.32,19.70,52.58,74.61
67.40,67.40,25.11,52.59,72.91
73.25,73.25,29.18,47.24,68.36
78.70,78.70,29.84,50.84,72.66
79.72,79.72,31.69,54.71,71.10
79.77,79.77,35.74,54.57,70.41
79.27,79.27,33.51,52.44,70.84
78.04,78.04,29.18,50.80,71.75
77.72,77.72,21.65,51.92,69.11
78.24,78.24,19.43,51.28,68.81
78.51,78.51,14.57,54.11,70.35
78.66,78.66,13.79,53.83,70.26
79.82,79.82,14.12,53.24,67.29
80.70,80.70,21.96,50.32,68.77
80.38,80.38,23.22,52.51,68.60
79.25,79.25,23.62,52.93,66.13
79.35,79.35,29.10,53.51,67.18
79.77,79.77,29.87,52.58,67.54
79.72,79.72,26.21,52.16,65.63
80.12,80.12,24.11,51.77,65.09
80.03,80.03,21.96,51.65,62.92
78.56,78.56,18.13,51.42,60.95
77.19,77.19,15.04,50.65,61.80
77.53,77.53,13.76,50.27,59.81
77.56,77.56,10.25,52.78,72.27
77.13,77.13,11.38,55.40,74.72
78.07,78.07,20.07,50.54,75.05
79.81,79.81,23.16,49.10,72.67
79.48,79.48,20.03,53.14,70.90
78.61,78.61,15.06,54.21,69.72
78.02,78.02,20.00,50.94,68.97
77.26,77.26,23.51,48.14,70.53
77.17,77.17,22.01,41.30,69.25
77.86,77.86,21.21,45.73,69.86
78.07,78.07,25.38,44.55,70.57
79.10,79.10,30.06,41.13,70.64
79.73,79.73,30.02,45.29,70.22
78.18,78.18,20.74,47.37,71.13
74.59,74.59,16.85,45.72,70.27
73.02,73.02,18.20,42.64,70.50
73.59,73.59,22.28,46.62,68.92
70.31,70.31,20.80,46.72,68.89
66.80,66.80,20.38,42.88,70.23
73.67,73.67,17.68,41.58,70.41
69.62,69.62,18.81,43.84,67.27
71.30,71.30,15.90,39.23,68.07
65.31,65.31,17.92,41.49,70.45
69.71,69.71,23.56,46.71,68.84
69.24,69.24,31.50,43.74,72.94
71.94,71.94,34.12,47.70,69.26
70.62,70.62,29.13,44.36,73.15
71.41,71.41,37.37,47.44,73.01
70.71,70.71,29.86,43.18,67.96
70.60,70.60,28.05,44.64,71.67
70.32,70.32,32.46,43.72,68.00
71.77,71.77,30.43,44.10,67.95
71.86,71.86,35.44,42.74,65.79
70.92,70.92,30.19,42.89,67.61
69.03,69.03,29.68,40.94,68.62
65.65,65.65,28.65,41.49,68.91
62.18,62.18,23.17,45.02,69.19
62.95,62.95,23.67,43.76,68.65
63.77,63.77,24.24,42.90,63.96
68.36,68.36,20.78,42.65,65.56
78.72,78.72,20.31,42.56,68.90
78.05,78.05,21.47,43.62,67.24
77.63,77.63,28.31,46.00,65.07
75.41,75.41,29.57,45.04,63.60
74.90,74.90,28.23,49.49,63.42
75.14,75.14,17.14,50.82,61.23
75.48,75.48,15.24,47.30,56.77
78.11,78.11,11.96,45.87,69.17
74.72,74.72,10.64,53.52,75.64
66.81,66.81,13.51,54.74,75.21
66.45,66.45,15.51,54.55,74.17
67.24,67.24,18.05,49.16,72.25
64.10,64.10,19.61,54.56,71.37
60.07,60.07,20.80,55.51,72.10
64.43,64.43,21.01,53.87,72.43
67.53,67.53,22.16,45.18,73.35
67.06,67.06,21.73,47.88,72.45
61.88,61.88,20.31,50.29,70.26
58.96,58.96,20.20,49.50,72.87
58.51,58.51,16.98,51.08,74.07
59.26,59.26,16.02,51.44,72.08
59.73,59.73,17.02,45.85,71.97
60.35,60.35,18.15,47.14,71.36
61.50,61.50,19.24,51.13,71.65
62.48,62.48,20.91,50.88,69.74
63.96,63.96,18.60,47.95,70.90
62.36,62.36,21.31,46.28,69.59
60.46,60.46,19.59,47.70,69.51
60.01,60.01,19.68,50.13,69.67
51.00,51.00,19.00,50.23,70.36
49.00,49.00,21.13,47.35,71.43
46.04,46.04,12.10,48.11,77.76
47.45,47.45,8.01,50.28,77.78
56.32,56.32,12.79,51.95,81.78
61.92,61.92,15.95,46.75,79.03
66.14,66.14,19.88,44.65,79.05
66.68,66.68,23.66,48.87,77.91
70.05,70.05,25.42,51.25,76.90
69.88,69.88,32.89,49.07,76.72
70.27,70.27,32.07,46.09,74.66
70.61,70.61,28.11,43.91,76.13
70.55,70.55,23.02,50.62,75.26
69.40,69.40,29.15,48.87,76.67
68.85,68.85,21.82,44.98,74.07
67.89,67.89,28.20,44.58,72.79
65.82,65.82,28.25,51.87,74.72
63.46,63.46,20.65,49.59,72.28
65.50,65.50,25.94,48.96,72.94
62.19,62.19,27.21,48.32,72.46
55.99,55.99,30.96,51.63,72.97
58.15,58.15,30.78,53.82,66.02
53.19,53.19,26.64,53.46,66.47
59.57,59.57,19.55,49.94,64.76
67.90,67.90,11.04,48.76,71.00
71.24,71.24,10.42,49.71,77.40
79.15,79.15,19.19,55.88,80.40
80.42,80.42,20.65,57.12,81.61
78.79,78.79,23.00,59.70,80.32
82.78,82.78,27.13,59.79,79.10
81.62,81.62,28.58,56.76,78.73
82.43,82.43,29.21,53.36,77.94
82.72,82.72,25.90,49.63,77.63
81.01,81.01,27.79,49.58,77.21
80.30,80.30,23.28,47.98,76.88
79.72,79.72,22.19,48.07,77.49
76.60,76.60,19.40,47.58,79.45
81.26,81.26,17.99,42.23,78.24
81.55,81.55,13.98,42.42,77.01
80.36,80.36,11.16,42.70,76.92
77.33,77.33,18.47,48.46,77.02
75.36,75.36,27.42,51.66,75.32
78.73,78.73,30.79,48.42,74.94
77.71,77.71,31.05,45.19,73.78
77.26,77.26,39.41,43.23,73.83
78.08,78.08,32.32,43.34,74.11
79.32,79.32,35.14,45.98,72.94
79.07,79.07,38.33,46.57,75.35
78.01,78.01,34.62,50.05,74.72
72.16,72.16,30.10,45.98,72.31
72.60,72.60,31.52,41.77,71.38
72.12,72.12,37.16,48.09,70.72
74.50,74.50,31.27,48.75,72.08
73.13,73.13,44.14,49.02,72.93
72.58,72.58,35.19,49.73,72.45
72.63,72.63,34.23,48.12,72.08
69.37,69.37,33.42,50.23,71.01
65.45,65.45,28.84,49.76,71.12
66.57,66.57,20.08,50.92,72.65
70.32,70.32,22.30,50.89,70.37
65.70,65.70,24.53,52.31,71.97
72.23,72.23,26.43,52.91,69.86
80.05,80.05,30.39,50.22,70.11
80.04,80.04,28.10,44.24,70.34
79.42,79.42,25.67,49.65,69.14
80.74,80.74,24.42,51.96,69.42
80.93,80.93,21.75,50.58,66.74
80.73,80.73,25.51,47.87,63.74
81.16,81.16,29.18,49.02,62.08
80.75,80.75,30.09,46.50,61.84
80.72,80.72,26.24,47.79,55.85
78.18,78.18,23.51,54.65,64.10
80.24,80.24,14.69,61.96,75.67
79.41,79.41,12.31,62.74,78.69
79.04,79.04,15.24,59.21,78.51
79.68,79.68,17.38,53.41,76.68
77.67,77.67,19.24,53.52,76.52
76.34,76.34,24.02,58.96,76.51
79.41,79.41,24.24,59.32,75.51
79.23,79.23,27.65,57.58,75.84
78.46,78.46,33.74,53.24,74.89
77.76,77.76,33.36,51.39,75.31
78.87,78.87,36.81,50.74,76.97
78.94,78.94,31.72,53.47,80.70
77.75,77.75,35.28,58.73,77.79
77.11,77.11,39.72,59.02,76.35
77.96,77.96,42.53,57.37,76.34
78.40,78.40,38.60,51.52,76.42
79.67,79.67,37.81,51.86,74.67
80.92,80.92,42.21,54.96,73.16
79.79,79.79,44.80,55.48,72.89
78.98,78.98,39.48,54.99,72.08
73.98,73.98,31.06,54.73,72.53
68.13,68.13,26.05,55.21,72.59
68.62,68.62,28.36,54.02,73.18
69.69,69.69,23.93,55.06,74.36
72.74,72.74,24.60,53.84,72.95
79.04,79.04,23.06,55.68,75.13
82.10,82.10,25.61,56.97,75.02
81.69,81.69,25.68,57.88,73.30
81.88,81.88,23.82,56.56,73.09
81.89,81.89,21.41,53.70,71.71
79.30,79.30,21.05,52.91,70.94
72.88,72.88,31.04,55.30,72.48
73.52,73.52,36.28,56.79,70.51
73.39,73.39,36.46,54.51,71.14
73.49,73.49,34.60,51.44,68.56
73.88,73.88,34.80,52.27,69.02
72.17,72.17,30.09,56.46,69.31
71.79,71.79,29.67,57.83,70.37
72.25,72.25,33.25,57.09,71.14
64.74,64.74,31.48,52.63,68.33
59.13,59.13,23.72,45.18,66.85
59.82,59.82,24.12,49.01,66.47
61.48,61.48,19.21,48.16,62.93
63.11,63.11,16.62,48.65,64.20
63.06,63.06,20.55,49.77,66.25
68.98,68.98,29.74,57.07,71.10
66.87,66.87,31.97,62.28,79.63
80.07,80.07,36.10,60.91,80.37
81.53,81.53,32.81,55.50,78.65
80.94,80.94,28.95,53.89,77.28
80.55,80.55,33.29,56.42,77.16
81.16,81.16,32.01,58.64,76.20
81.77,81.77,34.46,57.66,76.73
78.78,78.78,35.67,54.72,75.19
78.50,78.50,28.87,50.90,74.11
78.34,78.34,23.28,52.96,74.06
78.34,78.34,30.41,53.09,73.37
78.22,78.22,35.24,55.80,77.50
76.61,76.61,33.30,52.05,78.38
77.38,77.38,28.08,44.05,71.87
79.27,79.27,22.53,47.47,74.80
79.55,79.55,23.03,53.19,76.52
78.74,78.74,23.78,55.50,72.39
79.96,79.96,23.07,54.34,73.27
80.07,80.07,23.80,52.01,76.49
79.35,79.35,23.42,50.99,71.47
79.81,79.81,23.16,52.25,72.85
79.81,79.81,21.56,53.28,75.53
78.89,78.89,24.02,53.88,70.31
79.79,79.79,25.62,52.34,69.94
79.01,79.01,28.58,51.03,73.85
74.34,74.34,30.24,54.82,70.10
65.98,65.98,26.35,55.91,73.86
70.82,70.82,33.63,54.65,74.55
72.51,72.51,32.48,51.77,70.34
73.08,73.08,34.58,51.77,73.80
71.52,71.52,35.60,54.25,72.77
71.21,71.21,36.55,54.77,70.86
68.94,68.94,37.33,54.76,71.05
65.52,65.52,28.04,54.88,71.97
64.33,64.33,26.67,52.92,71.05
66.59,66.59,27.03,51.26,68.00
76.85,76.85,32.46,52.14,71.73
85.26,85.26,35.39,52.40,68.53
81.74,81.74,28.43,50.94,66.55
79.38,79.38,29.60,51.30,70.76
78.56,78.56,32.92,49.72,67.73
79.32,79.32,28.61,49.22,66.27
79.71,79.71,31.39,47.09,64.36
79.92,79.92,29.93,48.41,63.18
79.94,79.94,32.33,48.77,59.98
80.34,80.34,36.17,48.91,63.51
80.39,80.39,34.94,50.60,59.07
79.64,79.64,38.63,55.04,67.50
79.32,79.32,34.10,61.74,77.60
80.48,80.48,34.92,61.10,79.54
80.15,80.15,32.70,56.67,78.90
79.93,79.93,32.85,54.03,77.67
78.78,78.78,30.36,55.49,76.55
78.00,78.00,27.40,57.98,76.34
78.00,78.00,30.62,56.92,76.36
75.55,75.55,29.55,55.61,75.74
76.27,76.27,22.87,49.38,75.44
76.68,76.68,22.91,47.21,72.27
69.45,69.45,21.72,54.91,77.06
70.37,70.37,21.42,56.14,77.08
67.15,67.15,20.73,52.13,72.75
59.38,59.38,23.21,47.88,76.31
59.04,59.04,27.52,48.23,75.83
61.03,61.03,25.27,53.44,73.47
59.51,59.51,27.97,54.38,74.43
62.22,62.22,29.15,54.36,75.28
68.36,68.36,31.48,52.84,72.52
67.98,67.98,30.93,51.29,73.91
61.34,61.34,25.03,52.81,74.39
54.93,54.93,18.11,54.75,71.40
57.25,57.25,19.22,53.46,74.87
66.47,66.47,28.45,52.46,73.59
70.11,70.11,33.06,56.32,79.15
71.88,71.88,30.86,58.14,78.62
70.80,70.80,30.17,57.33,78.36
68.64,68.64,32.10,55.16,76.50
63.90,63.90,33.68,53.30,77.42
57.87,57.87,31.17,55.02,75.13
53.62,53.62,29.73,55.93,72.73
50.26,50.26,22.13,55.46,75.34
52.27,52.27,18.94,55.29,74.11
65.02,65.02,30.23,52.98,70.01
65.67,65.67,28.23,53.72,72.94
65.98,65.98,30.94,56.58,72.01
73.78,73.78,30.37,56.41,70.50
72.78,72.78,24.78,54.28,70.32
64.92,64.92,26.19,53.09,70.85
74.04,74.04,29.15,54.69,69.77
82.59,82.59,22.75,52.35,67.38
79.53,79.53,21.98,50.43,66.94
73.40,73.40,31.93,50.37,68.73
76.89,76.89,22.77,50.92,66.13
76.02,76.02,30.01,48.15,66.33
75.16,75.16,36.62,49.38,66.92
67.16,67.16,23.51,52.66,66.44
70.59,70.59,17.00,60.34,76.32
70.86,70.86,34.39,63.68,78.78
82.04,82.04,30.64,61.48,80.21
82.05,82.05,25.53,57.51,78.47
81.84,81.84,26.40,50.27,75.81
81.46,81.46,27.81,56.93,77.17
80.46,80.46,22.32,60.60,75.50
79.87,79.87,22.67,59.21,74.11
81.16,81.16,19.18,58.26,75.08
78.48,78.48,14.44,54.31,72.04
75.84,75.84,13.69,54.89,76.49
78.97,78.97,15.14,55.82,75.22
81.71,81.71,16.83,55.08,73.55
82.19,82.19,19.36,54.27,74.61
80.30,80.30,19.54,54.81,73.01
78.56,78.56,18.69,55.90,73.36
78.01,78.01,19.83,54.76,72.67
80.15,80.15,19.93,53.83,73.59
79.98,79.98,23.56,53.98,72.46
77.60,77.60,25.02,53.80,72.83
75.10,75.10,20.40,55.09,74.91
76.05,76.05,19.04,55.24,72.07
75.65,75.65,14.19,54.79,73.20
75.97,75.97,21.78,54.44,76.86
75.71,75.71,20.58,53.63,77.13
76.49,76.49,27.89,57.06,78.66
74.77,74.77,29.40,57.64,78.36
74.24,74.24,25.24,55.72,75.62
72.88,72.88,31.66,52.95,75.82
71.01,71.01,28.69,53.16,75.20
70.65,70.65,34.55,54.86,74.17
69.82,69.82,29.82,55.53,72.08
65.18,65.18,29.02,55.42,73.50
66.72,66.72,29.58,52.00,74.95
70.67,70.67,23.71,52.50,74.55
76.97,76.97,26.33,56.92,72.78
79.17,79.17,28.87,57.17,73.52
80.97,80.97,30.69,54.89,71.72
78.25,78.25,33.14,52.38,70.95
78.23,78.23,34.51,53.59,70.69
78.90,78.90,37.00,51.04,69.43
80.30,80.30,35.18,49.68,69.83
79.68,79.68,32.45,49.63,64.57
80.86,80.86,32.11,50.15,64.59
80.79,80.79,30.13,45.85,67.82
79.82,79.82,27.96,53.34,74.54
78.93,78.93,26.46,57.16,75.33
77.91,77.91,23.94,55.44,80.54
78.26,78.26,26.85,56.69,79.88
79.19,79.19,32.86,59.40,78.77
78.40,78.40,33.46,57.60,76.85
79.48,79.48,37.47,53.76,77.74
79.51,79.51,35.67,45.10,76.20
78.52,78.52,34.27,47.17,75.63
79.47,79.47,33.07,46.22,77.04
80.21,80.21,32.18,49.14,74.86
75.66,75.66,34.60,46.56,76.14
77.00,77.00,34.72,43.81,77.04
79.02,79.02,30.14,47.56,73.61
76.29,76.29,36.69,41.52,76.90
78.52,78.52,33.33,43.00,77.00
77.18,77.18,33.82,42.43,73.78
73.89,73.89,35.89,45.84,72.47
65.29,65.29,31.44,44.82,75.85
66.63,66.63,31.25,43.15,72.77
65.73,65.73,31.32,40.14,73.23
67.36,67.36,30.72,35.49,75.74
67.51,67.51,26.79,33.76,72.05
70.19,70.19,25.68,44.05,78.80
72.78,72.78,23.30,47.78,78.17
75.22,75.22,18.02,46.03,81.58
74.93,74.93,20.79,43.15,79.10
75.08,75.08,27.08,44.17,79.29
75.54,75.54,31.78,50.13,79.00
75.56,75.56,34.59,49.40,78.56
69.31,69.31,32.78,46.46,77.30
71.88,71.88,34.38,42.83,74.49
72.20,72.20,33.42,45.27,77.10
66.53,66.53,35.14,46.48,74.65
61.23,61.23,36.56,42.84,72.23
64.38,64.38,30.53,41.96,73.19
58.73,58.73,23.23,49.29,75.47
49.50,49.50,18.02,49.31,71.85
54.31,54.31,18.43,49.86,71.03
57.41,57.41,20.62,47.14,71.83
76.12,76.12,32.31,44.13,70.52
74.58,74.58,37.42,48.63,71.21
74.21,74.21,38.34,49.77,69.40
71.08,71.08,38.46,48.57,71.93
72.45,72.45,33.40,42.29,67.44
72.10,72.10,41.00,46.66,76.96
70.41,70.41,37.89,47.07,75.94
65.28,65.28,27.49,47.12,76.50
70.42,70.42,32.68,48.43,71.02
83.73,83.73,32.04,47.04,71.44
82.25,82.25,27.59,46.55,68.84
79.02,79.02,24.23,47.83,71.03
76.12,76.12,23.45,46.74,70.24
80.53,80.53,25.83,43.65,70.58
80.11,80.11,23.01,36.69,69.32
80.15,80.15,21.57,43.20,69.68
81.82,81.82,20.76,44.59,69.18
81.75,81.75,23.62,41.72,67.26
80.88,80.88,23.49,38.63,68.20
80.70,80.70,21.42,48.28,73.08
80.19,80.19,24.32,47.66,71.85
79.13,79.13,27.46,41.22,71.70
78.99,78.99,28.53,40.46,71.49
80.70,80.70,27.27,46.69,69.34
81.10,81.10,30.62,48.30,69.48
79.70,79.70,28.28,43.06,67.58
78.09,78.09,17.71,43.75,68.31
78.07,78.07,16.28,41.02,66.51
79.81,79.81,21.08,46.45,66.60
79.06,79.06,22.80,47.33,66.51
78.53,78.53,21.35,40.60,72.62
78.71,78.71,25.10,47.26,74.85
79.13,79.13,28.87,48.74,79.86
73.35,73.35,23.67,45.37,75.56
76.43,76.43,27.72,44.14,77.98
74.09,74.09,27.66,45.73,76.09
71.73,71.73,25.67,47.20,75.27
68.97,68.97,25.11,44.19,74.08
69.01,69.01,23.21,36.04,73.35
67.85,67.85,22.99,37.42,73.37
65.36,65.36,23.75,42.63,72.04
66.46,66.46,25.05,44.71,69.32
77.63,77.63,25.30,40.63,69.95
76.53,76.53,28.38,46.62,71.41
77.68,77.68,27.33,46.41,70.50
78.36,78.36,33.34,44.90,72.07
77.34,77.34,25.27,39.59,66.92
77.86,77.86,26.56,46.71,66.06
76.95,76.95,25.94,50.31,70.40
75.60,75.60,32.73,49.50,64.66
74.57,74.57,29.00,51.14,67.86
74.02,74.02,24.94,51.31,66.07
77.43,77.43,24.85,48.82,64.21
78.90,78.90,21.04,42.34,69.90
79.46,79.46,24.50,43.06,73.74
79.21,79.21,23.55,48.44,77.43
80.60,80.60,27.43,50.08,71.27
80.66,80.66,25.87,49.88,70.35
80.58,80.58,26.92,46.86,68.09
79.79,79.79,24.60,48.71,70.89
79.11,79.11,24.51,49.53,68.54
78.14,78.14,23.82,46.23,68.31
77.95,77.95,23.77,36.87,68.13
77.70,77.70,23.34,42.75,69.86
77.98,77.98,20.47,44.46,69.31
79.03,79.03,20.12,41.79,71.06
79.46,79.46,16.63,41.62,72.68
77.94,77.94,13.49,47.52,72.69
77.53,77.53,14.75,46.57,72.84
76.71,76.71,19.52,41.45,70.64
74.28,74.28,18.17,42.24,72.33
73.21,73.21,19.19,46.52,70.02
72.93,72.93,20.60,43.73,71.91
72.20,72.20,19.91,42.08,69.25
72.06,72.06,18.15,43.82,70.33
73.48,73.48,12.39,43.50,69.42
75.22,75.22,7.34,48.02,68.94
73.35,73.35,1.39,46.95,69.95
71.76,71.76,2.72,44.38,75.91
73.12,73.12,9.95,48.32,77.32
71.41,71.41,17.39,47.14,76.35
71.40,71.40,22.19,40.48,78.12
67.85,67.85,27.39,41.30,72.86
68.35,68.35,26.43,45.63,76.04
71.77,71.77,24.10,45.06,72.60
71.29,71.29,27.59,42.79,73.29
71.68,71.68,24.30,43.00,74.03
69.32,69.32,27.90,49.62,73.29
72.53,72.53,27.52,44.50,68.98
66.52,66.52,23.40,43.91,73.03
65.13,65.13,25.77,47.32,71.57
67.24,67.24,29.11,46.27,69.86
67.30,67.30,27.19,44.36,72.28
71.09,71.09,26.77,41.10,71.48
69.15,69.15,28.73,42.90,70.70
69.34,69.34,30.39,50.76,67.24
68.18,68.18,31.12,54.04,69.07
68.84,68.84,34.04,53.20,65.72
71.03,71.03,30.49,44.63,66.90
69.87,69.87,22.66,42.45,65.30
69.77,69.77,15.93,45.42,61.51
71.75,71.75,16.55,52.57,77.46
71.53,71.53,16.14,52.27,81.18
72.54,72.54,21.42,51.02,80.51
71.93,71.93,23.80,49.40,77.74
70.25,70.25,17.19,48.00,76.87
72.50,72.50,16.57,49.27,77.12
71.75,71.75,17.56,50.36,76.59
69.44,69.44,16.68,51.14,76.92
70.21,70.21,19.20,50.29,75.59
67.88,67.88,17.82,50.93,76.17
68.69,68.69,16.84,50.26,74.00
66.84,66.84,16.27,50.44,79.16
67.61,67.61,16.69,52.14,79.49
67.58,67.58,15.51,51.26,76.03
70.00,70.00,15.98,51.98,76.12
69.64,69.64,15.00,50.97,74.56
71.38,71.38,16.99,51.22,74.06
68.69,68.69,17.31,50.43,74.17
67.08,67.08,18.10,50.25,74.66
67.06,67.06,17.85,51.96,75.11
64.04,64.04,18.00,52.03,74.84
66.76,66.76,16.23,51.37,74.17
71.94,71.94,18.27,53.20,75.35
71.97,71.97,18.44,53.42,74.74
69.05,69.05,24.16,53.74,71.20
62.10,62.10,26.77,53.69,72.01
59.61,59.61,29.35,54.14,72.96
59.42,59.42,30.04,53.99,73.39
56.56,56.56,28.89,54.48,70.92
54.10,54.10,28.46,54.70,70.79
54.67,54.67,27.69,55.49,72.79
53.07,53.07,26.39,56.18,70.29
52.33,52.33,24.09,56.56,69.68
50.75,50.75,20.72,56.77,69.54
54.02,54.02,20.34,55.88,75.24
52.66,52.66,19.41,57.66,73.96
67.58,67.58,31.00,57.96,75.04
61.21,61.21,32.56,57.34,72.22
62.46,62.46,37.36,57.02,72.39
70.97,70.97,33.54,57.23,72.90
80.25,80.25,33.33,58.24,69.09
82.72,82.72,26.25,54.96,71.14
81.27,81.27,23.26,54.00,69.45
80.51,80.51,22.16,50.82,67.93
78.08,78.08,19.02,52.18,64.68
76.13,76.13,18.51,55.78,63.72
75.56,75.56,16.84,58.53,78.31
76.39,76.39,21.79,56.92,80.23
76.68,76.68,21.05,55.90,79.18
74.59,74.59,20.25,53.89,77.10
71.49,71.49,20.47,50.24,75.23
72.22,72.22,23.37,51.53,76.32
72.65,72.65,25.94,52.69,76.94
74.10,74.10,25.52,52.00,76.35
72.94,72.94,26.76,52.49,76.15
70.01,70.01,28.30,51.99,75.45
67.27,67.27,27.05,52.51,75.17
65.53,65.53,24.37,53.61,75.19
67.82,67.82,27.97,56.09,76.08
69.80,69.80,27.97,56.86,74.12
72.13,72.13,27.29,56.08,73.85
69.63,69.63,26.71,56.18,74.72
70.25,70.25,25.32,56.42,74.11
71.66,71.66,26.08,56.87,74.30
70.88,70.88,26.07,56.89,73.68
69.76,69.76,27.51,57.03,74.01
67.84,67.84,29.49,57.33,73.26
69.07,69.07,28.54,57.33,72.70
73.71,73.71,20.98,58.08,74.25
72.75,72.75,19.10,57.46,75.55
73.76,73.76,21.52,58.76,75.98
71.71,71.71,21.74,58.89,71.35
71.89,71.89,23.77,57.87,71.75
73.05,73.05,25.14,58.67,71.79
73.10,73.10,23.80,58.93,72.44
72.46,72.46,27.46,59.26,69.61
71.11,71.11,27.27,58.93,70.60
72.25,72.25,29.33,58.64,69.59
72.20,72.20,27.53,58.79,68.79
70.89,70.89,25.48,59.57,68.99
70.98,70.98,25.04,58.51,69.67
71.54,71.54,22.15,57.45,75.52
73.43,73.43,19.74,59.16,73.34
74.22,74.22,22.46,58.89,72.54
74.79,74.79,23.69,58.88,71.56
75.65,75.65,21.53,59.79,70.23
76.84,76.84,23.00,60.13,71.71
76.97,76.97,23.92,56.96,70.74
76.31,76.31,22.35,54.24,69.47
75.83,75.83,16.93,51.52,68.93
74.66,74.66,11.48,43.07,68.25
75.68,75.68,14.58,53.12,65.82
74.90,74.90,14.44,61.39,74.08
74.24,74.24,16.35,60.65,74.12
74.49,74.49,17.90,60.16,76.17
72.56,72.56,22.37,59.32,73.47
74.16,74.16,29.37,57.30,71.21
73.51,73.51,23.10,59.42,72.54
73.07,73.07,16.58,60.46,72.53
73.18,73.18,13.57,60.01,71.64
71.15,71.15,11.77,59.21,71.12
72.01,72.01,11.97,58.91,69.70
72.75,72.75,13.85,59.40,71.71
73.93,73.93,18.03,59.45,75.26
73.72,73.72,23.05,59.88,76.32
75.08,75.08,22.18,60.23,74.51
75.50,75.50,24.12,59.54,75.77
73.94,73.94,23.10,59.35,76.02
73.33,73.33,23.36,59.47,71.76
76.25,76.25,25.11,59.40,72.93
76.39,76.39,25.96,60.06,74.50
74.60,74.60,25.42,59.93,69.35
71.93,71.93,23.40,60.76,71.03
68.09,68.09,19.24,61.71,72.76
65.29,65.29,22.93,62.28,70.83
60.10,60.10,18.39,63.25,77.74
66.81,66.81,19.75,62.14,79.39
63.07,63.07,13.42,62.46,79.51
67.13,67.13,11.64,63.85,80.92
70.24,70.24,17.82,63.43,78.29
72.48,72.48,16.55,62.99,78.54
74.43,74.43,15.59,62.38,76.59
72.82,72.82,15.76,61.96,75.75
71.53,71.53,17.84,62.24,76.94
71.45,71.45,15.97,62.34,74.48
68.67,68.67,13.70,62.25,73.23
72.07,72.07,14.49,62.04,74.50
71.73,71.73,20.12,62.16,70.36
70.24,70.24,19.02,61.13,71.00
70.20,70.20,20.17,60.31,73.95
65.07,65.07,19.10,61.12,71.12
60.11,60.11,24.08,61.81,70.92
56.61,56.61,28.21,60.87,70.15
56.92,56.92,28.35,56.75,70.41
57.77,57.77,26.98,54.06,69.14
54.34,54.34,26.15,50.89,67.94
55.89,55.89,23.32,50.50,70.47
53.25,53.25,20.81,42.25,66.83
47.78,47.78,14.39,46.72,65.77
45.05,45.05,12.62,57.00,74.81
42.49,42.49,7.89,59.89,80.82
44.77,44.77,8.78,59.47,83.17
40.48,40.48,10.78,58.53,83.31
43.86,43.86,13.18,55.63,79.75
40.03,40.03,13.81,54.68,79.67
37.32,37.32,15.79,54.49,80.17
37.71,37.71,16.38,56.29,78.68
42.64,42.64,14.60,56.92,78.30
39.36,39.36,12.18,55.65,76.54
41.37,41.37,11.79,55.69,76.22
38.99,38.99,11.44,56.09,79.10
38.19,38.19,13.29,56.58,75.95
43.51,43.51,15.43,57.59,80.30
47.18,47.18,18.51,57.74,79.88
49.61,49.61,20.01,56.66,77.04
52.36,52.36,21.02,56.05,78.53
53.00,53.00,21.94,56.41,78.81
55.53,55.53,23.98,56.64,75.52
56.89,56.89,25.05,56.57,76.68
58.11,58.11,25.05,56.54,77.78
58.92,58.92,26.61,57.67,73.57
59.13,59.13,27.93,58.81,76.10
58.88,58.88,28.67,58.67,75.97
58.83,58.83,22.55,57.89,81.10
59.87,59.87,25.10,58.89,83.32
61.41,61.41,23.02,59.99,85.24
63.95,63.95,21.23,60.73,81.15
64.11,64.11,18.59,60.76,81.88
65.13,65.13,17.02,60.98,81.71
66.43,66.43,11.55,60.57,79.62
68.85,68.85,12.41,60.60,79.43
68.72,68.72,9.03,60.73,78.28
69.79,69.79,16.68,59.79,79.47
71.18,71.18,29.39,58.95,79.17
73.02,73.02,28.31,60.00,76.54
72.58,72.58,23.79,60.33,77.85
72.91,72.91,23.04,60.46,77.27
71.30,71.30,24.20,59.88,79.18
69.32,69.32,22.74,59.25,76.77
67.53,67.53,15.92,58.00,75.79
66.04,66.04,15.00,53.80,78.22
63.45,63.45,19.48,51.15,74.70
63.10,63.10,20.36,45.98,75.52
61.04,61.04,21.31,50.50,74.93
62.11,62.11,25.32,47.69,73.03
64.68,64.68,26.25,45.75,74.35
73.70,73.70,28.27,54.87,82.95
69.84,69.84,29.05,58.02,87.09
73.70,73.70,34.38,53.78,85.40
78.52,78.52,27.78,57.19,78.62
77.45,77.45,29.24,56.93,78.46
76.83,76.83,33.83,53.20,83.20
79.29,79.29,32.51,55.49,83.76
83.40,83.40,21.91,52.82,76.01
80.32,80.32,22.68,52.70,77.48
73.46,73.46,24.62,53.54,84.20
72.22,72.22,25.09,51.51,83.91
72.22,72.22,22.97,54.74,81.40
70.74,70.74,21.80,51.05,79.50
73.26,73.26,22.54,51.59,81.75
79.73,79.73,25.78,49.79,80.60
79.26,79.26,26.68,53.19,80.90
83.78,83.78,27.27,55.10,79.82
83.40,83.40,25.42,53.78,80.34
78.75,78.75,24.81,53.23,79.76
75.68,75.68,22.69,53.79,79.75
76.92,76.92,20.61,53.98,79.52
83.60,83.60,26.79,53.40,78.32
78.00,78.00,27.66,54.56,78.56
80.48,80.48,28.51,51.95,76.99
81.63,81.63,26.38,56.84,77.88
83.13,83.13,27.14,52.50,74.97
84.21,84.21,23.46,54.60,78.15
85.21,85.21,22.27,54.64,75.50
85.20,85.20,26.44,56.30,75.93
85.03,85.03,30.63,52.76,74.46
84.14,84.14,26.46,52.98,73.99
82.61,82.61,28.94,54.40,71.77
83.90,83.90,29.58,49.57,71.65
82.81,82.81,29.71,49.93,72.53
81.86,81.86,30.91,50.91,71.99
79.14,79.14,27.27,51.57,71.26
80.10,80.10,25.76,51.87,76.96
78.53,78.53,21.11,49.37,72.82
78.43,78.43,31.14,52.34,73.89
76.88,76.88,26.46,47.93,73.60
75.57,75.57,28.61,52.91,74.69
75.51,75.51,21.56,51.04,73.61
77.76,77.76,33.78,52.55,72.52
80.42,80.42,28.63,51.43,71.82
79.89,79.89,28.70,51.40,72.48
85.47,85.47,27.99,50.96,72.16
83.44,83.44,25.53,50.80,71.70
79.47,79.47,24.67,49.51,71.90
76.99,76.99,26.57,45.34,74.36
80.08,80.08,26.99,49.99,82.61
80.70,80.70,27.04,47.20,82.00
83.58,83.58,27.66,45.51,81.59
82.79,82.79,31.20,46.51,80.15
80.80,80.80,28.84,47.57,81.25
80.99,80.99,25.01,45.39,80.79
83.24,83.24,23.40,45.59,79.98
84.36,84.36,31.43,50.01,78.86
85.33,85.33,36.44,47.86,77.82
85.47,85.47,27.91,48.25,77.15
84.14,84.14,27.65,49.85,76.38
84.09,84.09,33.78,49.30,76.43
83.59,83.59,33.22,47.50,74.58
83.63,83.63,29.53,45.63,75.84
80.56,80.56,33.31,50.46,76.25
79.81,79.81,31.45,48.77,74.29
83.50,83.50,39.54,48.49,76.81
82.52,82.52,35.43,45.48,74.33
83.00,83.00,30.32,52.04,75.07
85.79,85.79,34.03,49.15,73.20
79.89,79.89,28.76,48.37,72.27
79.31,79.31,29.35,50.71,72.72
81.11,81.11,30.07,47.31,72.60
78.91,78.91,30.96,48.69,79.55
76.57,76.57,29.57,51.22,76.49
73.79,73.79,33.04,51.62,77.98
69.81,69.81,28.66,47.81,78.00
68.95,68.95,27.05,48.62,77.07
68.75,68.75,13.51,50.75,77.23
68.56,68.56,12.32,48.77,76.48
68.15,68.15,34.26,49.45,74.76
75.16,75.16,44.17,50.38,74.05
76.13,76.13,41.61,52.83,75.13
75.14,75.14,40.01,48.51,74.46
73.70,73.70,35.41,48.32,75.77
73.55,73.55,34.20,51.02,74.62
74.54,74.54,40.37,49.31,74.68
77.99,77.99,37.16,47.05,77.51
82.73,82.73,34.73,50.52,75.31
81.22,81.22,37.56,51.93,75.66
81.47,81.47,44.63,50.05,76.57
83.48,83.48,31.38,52.40,73.14
84.85,84.85,32.28,51.98,70.55
86.22,86.22,39.07,50.52,69.64
84.17,84.17,29.99,50.43,77.47
82.55,82.55,26.81,49.41,73.93
86.22,86.22,34.40,47.93,76.12
85.52,85.52,35.53,52.08,73.41
84.09,84.09,37.58,51.24,70.58
78.04,78.04,33.96,54.50,71.56
83.54,83.54,35.14,51.33,70.07
78.48,78.48,30.22,55.70,73.70
80.60,80.60,33.17,51.90,71.41
83.02,83.02,32.25,52.11,72.17
84.68,84.68,27.83,50.19,71.55
81.37,81.37,29.12,52.06,70.62
84.33,84.33,35.26,52.81,69.87
82.77,82.77,28.04,52.05,70.73
83.48,83.48,30.41,53.71,71.47
81.59,81.59,34.79,52.91,69.17
78.30,78.30,22.51,55.59,70.61
81.84,81.84,26.37,51.90,70.65
82.45,82.45,23.61,53.61,74.81
79.05,79.05,19.77,52.97,74.85
78.67,78.67,19.58,54.38,72.32
81.82,81.82,21.40,51.12,72.42
82.42,82.42,25.20,54.81,72.27
82.48,82.48,22.93,52.25,74.16
79.86,79.86,22.31,52.64,77.78
79.18,79.18,25.38,49.50,77.16
73.99,73.99,21.76,54.25,78.12
77.20,77.20,19.38,53.22,76.34
71.73,71.73,18.90,53.61,78.54
71.25,71.25,14.75,52.10,79.28
70.67,70.67,11.08,51.27,74.39
67.01,67.01,10.94,51.75,75.92
64.48,64.48,21.55,52.32,78.50
66.24,66.24,26.03,53.34,74.42
69.08,69.08,29.48,51.21,74.87
71.78,71.78,29.38,53.76,75.67
74.46,74.46,33.84,49.23,74.76
73.83,73.83,33.95,54.35,68.29
73.96,73.96,33.63,51.18,72.59
75.70,75.70,36.71,51.82,70.64
82.02,82.02,36.03,47.84,71.79
82.23,82.23,35.57,52.71,73.15
82.46,82.46,37.22,51.69,72.24
83.06,83.06,32.45,50.77,72.18
81.45,81.45,35.06,51.66,71.03
74.38,74.38,31.15,49.51,74.87
80.35,80.35,27.57,51.95,73.31
82.10,82.10,29.93,47.97,77.83
81.63,81.63,25.33,53.12,77.82
85.73,85.73,28.04,50.68,77.16
84.62,84.62,23.49,56.64,79.76
83.47,83.47,29.96,51.70,81.66
78.41,78.41,29.49,53.88,80.31
78.78,78.78,30.32,53.55,79.42
81.54,81.54,27.47,56.35,79.06
82.03,82.03,31.98,55.19,79.80
79.39,79.39,30.02,56.32,78.47
78.09,78.09,26.27,55.04,80.91
82.09,82.09,30.97,55.04,79.36
82.18,82.18,25.12,52.46,80.97
81.89,81.89,23.00,51.49,78.10
82.51,82.51,22.81,55.39,80.49
83.67,83.67,21.87,52.03,78.42
84.81,84.81,21.77,58.52,78.62
85.81,85.81,23.88,52.72,78.17
85.12,85.12,23.34,57.18,76.78
85.84,85.84,28.12,50.82,77.34
84.50,84.50,27.78,54.09,75.04
81.59,81.59,25.99,53.24,76.22
80.64,80.64,25.80,56.68,73.87
78.71,78.71,26.44,55.31,76.09
80.60,80.60,29.61,55.98,74.71
83.70,83.70,28.58,55.19,80.98
80.83,80.83,26.37,54.36,78.47
78.89,78.89,22.81,57.50,79.55
79.44,79.44,19.63,54.26,78.92
78.13,78.13,21.74,59.19,78.22
74.39,74.39,24.72,51.96,78.01
72.79,72.79,23.26,57.52,75.24
75.11,75.11,21.13,56.59,75.42
75.46,75.46,20.08,57.50,69.32
72.43,72.43,21.24,55.00,72.70
70.87,70.87,25.02,55.31,72.73
70.28,70.28,27.76,52.19,78.62
72.78,72.78,36.29,52.56,78.12
73.83,73.83,35.79,53.33,75.87
73.02,73.02,32.09,53.64,73.26
71.69,71.69,29.57,55.80,72.41
70.35,70.35,24.65,55.29,72.87
72.06,72.06,31.80,58.68,72.47
72.19,72.19,33.53,56.07,74.26
77.73,77.73,26.52,60.31,74.47
81.76,81.76,35.79,58.29,76.24
82.23,82.23,35.66,59.08,72.97
85.20,85.20,30.17,57.35,70.33
85.17,85.17,28.74,55.93,73.23
82.26,82.26,29.98,55.63,77.73
79.20,79.20,26.88,55.52,80.66
81.38,81.38,26.16,54.05,82.66
79.54,79.54,29.33,51.97,81.97
74.80,74.80,31.16,53.89,81.24
80.35,80.35,31.05,53.51,81.84
81.22,81.22,24.24,50.48,82.18
80.90,80.90,21.94,52.49,82.50
81.73,81.73,24.04,51.69,81.94
83.68,83.68,22.53,50.10,81.69
83.48,83.48,21.60,51.48,81.08
80.33,80.33,28.11,52.15,80.99
81.78,81.78,21.64,54.61,78.77
81.90,81.90,21.50,53.93,80.49
77.79,77.79,22.25,53.84,80.29
75.48,75.48,26.71,54.65,80.18
81.38,81.38,20.89,52.62,79.03
79.59,79.59,18.72,52.60,79.13
76.71,76.71,20.02,53.48,79.44
73.92,73.92,19.98,54.11,77.69
80.92,80.92,22.83,54.42,78.28
83.89,83.89,23.44,54.69,79.08
80.65,80.65,18.71,51.94,79.04
73.53,73.53,19.27,55.86,82.81
84.65,84.65,21.55,56.16,77.40
84.36,84.36,20.19,55.86,82.04
78.48,78.48,25.17,53.81,80.21
74.04,74.04,24.17,53.95,79.69
76.03,76.03,21.39,53.68,79.66
74.90,74.90,23.65,52.78,77.18
77.87,77.87,20.49,54.99,72.86
79.45,79.45,21.90,53.60,77.42
84.50,84.50,21.89,54.55,70.67
79.50,79.50,20.11,56.30,75.87
77.70,77.70,18.31,54.39,79.00
76.14,76.14,16.40,55.83,74.13
75.40,75.40,15.27,53.26,74.46
74.31,74.31,19.21,54.17,77.69
75.73,75.73,19.06,55.30,75.48
80.63,80.63,19.66,58.10,76.93
82.43,82.43,18.90,56.65,76.26
78.45,78.45,20.33,57.61,76.89
76.05,76.05,18.99,56.79,72.76
74.04,74.04,14.75,57.71,72.27
72.74,72.74,16.55,55.73,74.46
74.82,74.82,16.08,56.41,77.56
72.74,72.74,15.18,55.93,78.72
74.27,74.27,23.69,56.03,73.96
74.92,74.92,32.31,54.82,79.02
74.65,74.65,37.88,54.35,78.37
75.78,75.78,31.31,55.66,79.71
75.22,75.22,34.34,54.62,78.00
73.46,73.46,35.10,55.26,78.10
71.56,71.56,34.91,55.14,76.27
69.40,69.40,19.15,56.33,79.09
67.79,67.79,19.92,54.17,77.09
63.11,63.11,23.15,55.69,76.46
64.24,64.24,25.91,52.16,72.80
67.11,67.11,25.18,54.07,78.16
77.86,77.86,28.46,53.63,80.36
84.89,84.89,28.19,54.47,78.46
81.14,81.14,26.48,52.88,78.91
80.72,80.72,27.52,52.54,79.87
87.50,87.50,22.15,53.31,75.83
81.55,81.55,24.82,54.52,76.94
81.04,81.04,23.57,52.70,75.66
85.08,85.08,27.02,53.49,74.79
80.82,80.82,28.23,51.85,73.52
82.04,82.04,37.63,53.27,75.35
83.13,83.13,38.05,55.06,76.41
81.93,81.93,36.24,56.51,77.52
77.09,77.09,35.17,56.69,79.13
76.06,76.06,25.88,52.39,75.88
74.38,74.38,23.17,57.21,78.12
70.34,70.34,13.45,53.72,75.37
70.91,70.91,9.51,53.42,73.77
71.16,71.16,8.51,53.84,76.52
66.82,66.82,10.12,55.83,75.65
64.51,64.51,13.29,54.07,73.81
66.54,66.54,21.11,54.29,76.40
70.16,70.16,29.23,55.64,78.96
72.37,72.37,21.91,54.73,77.85
73.64,73.64,29.68,52.62,76.62
70.98,70.98,37.78,53.87,75.98
84.61,84.61,34.66,53.37,75.98
85.83,85.83,31.50,53.45,74.88
82.47,82.47,28.93,53.21,73.58
86.98,86.98,30.46,55.24,73.22
86.89,86.89,30.46,52.72,72.95
82.79,82.79,27.35,49.95,71.58
84.43,84.43,24.81,48.85,69.49
86.38,86.38,26.93,47.70,71.95
80.44,80.44,25.68,50.81,74.55
81.23,81.23,31.02,50.53,79.71
83.27,83.27,31.63,56.04,77.51
78.85,78.85,32.95,57.50,77.89
78.71,78.71,32.19,53.26,78.02
80.18,80.18,32.39,54.36,78.82
78.07,78.07,25.38,55.25,78.10
77.41,77.41,23.20,52.86,78.26
76.26,76.26,24.25,55.76,76.38
74.31,74.31,16.78,56.43,76.35
71.33,71.33,30.57,53.85,76.94
68.80,68.80,30.93,53.78,79.08
67.09,67.09,27.55,51.88,76.78
68.02,68.02,25.21,53.05,78.56
68.15,68.15,25.87,55.11,81.86
75.55,75.55,25.69,50.37,81.28
79.48,79.48,23.98,50.37,81.62
78.28,78.28,25.34,52.53,80.46
78.81,78.81,27.09,48.68,80.28
81.86,81.86,24.60,51.18,79.51
81.70,81.70,29.40,52.42,80.42
78.76,78.76,29.97,46.24,79.43
76.18,76.18,34.05,45.13,79.74
83.20,83.20,29.41,42.96,81.75
84.34,84.34,31.94,50.87,80.38
76.25,76.25,28.69,51.00,79.81
78.75,78.75,31.15,50.63,79.00
81.06,81.06,32.55,51.98,80.89
75.49,75.49,33.51,54.65,77.44
76.95,76.95,28.12,48.68,77.60
76.67,76.67,28.16,52.78,80.39
74.40,74.40,27.10,54.69,77.45
72.79,72.79,24.08,52.31,75.85
73.28,73.28,23.43,52.22,78.92
69.29,69.29,20.81,51.07,77.50
72.52,72.52,20.69,52.97,77.35
75.66,75.66,18.28,52.62,76.05
78.96,78.96,19.14,54.31,75.32
81.13,81.13,22.90,53.42,76.90
83.14,83.14,29.52,52.02,76.70
82.73,82.73,32.09,51.70,78.01
81.42,81.42,31.05,54.20,75.65
79.16,79.16,32.40,54.79,76.57
81.11,81.11,25.66,54.33,75.76
79.81,79.81,30.69,52.04,74.81
80.77,80.77,35.82,57.19,75.36
83.13,83.13,29.41,54.66,72.26
79.13,79.13,37.69,55.92,74.54
78.71,78.71,36.31,58.89,76.58
79.58,79.58,29.30,56.61,74.50
76.22,76.22,27.68,55.56,76.21
73.57,73.57,24.86,58.56,80.25
71.85,71.85,33.21,57.06,77.50
74.93,74.93,34.86,56.52,79.56
76.34,76.34,28.87,58.88,77.78
77.45,77.45,34.54,55.45,75.74
76.35,76.35,32.72,55.50,78.29
75.09,75.09,29.67,54.86,75.44
76.13,76.13,32.06,54.77,77.32
74.15,74.15,30.19,54.81,79.43
72.11,72.11,24.98,55.06,84.94
70.80,70.80,21.99,52.98,84.05
73.35,73.35,19.60,59.28,84.75
79.54,79.54,26.23,57.25,83.37
84.38,84.38,30.33,56.42,82.95
79.67,79.67,29.65,57.30,80.86
72.42,72.42,26.96,55.75,81.54
77.89,77.89,27.40,58.29,80.66
76.85,76.85,25.79,57.87,80.24
69.46,69.46,29.30,54.88,78.57
75.64,75.64,24.53,54.28,81.03
80.23,80.23,27.42,57.85,78.51
80.93,80.93,22.85,54.72,74.77
82.44,82.44,19.87,58.37,80.08
82.72,82.72,22.52,57.18,81.34
77.88,77.88,15.40,54.33,79.83
76.24,76.24,19.89,58.25,80.80
79.85,79.85,20.18,58.12,81.22
83.35,83.35,25.22,58.01,77.37
83.17,83.17,26.84,59.24,78.88
79.68,79.68,25.10,56.88,77.68
79.41,79.41,27.24,55.56,74.55
81.88,81.88,23.22,58.65,80.50
80.14,80.14,27.87,56.51,77.07
81.41,81.41,27.80,56.53,78.03
79.97,79.97,28.83,58.16,80.69
76.77,76.77,27.99,55.63,79.79
77.60,77.60,26.84,58.64,78.74
79.63,79.63,24.65,56.99,76.75
82.29,82.29,24.29,55.67,73.13
83.71,83.71,23.45,55.86,78.02
83.44,83.44,21.42,58.07,78.49
83.44,83.44,25.42,56.15,75.06
84.26,84.26,22.90,59.57,73.90
85.05,85.05,25.49,48.71,75.11
84.00,84.00,27.37,50.21,79.63
83.40,83.40,28.97,45.65,77.65
84.40,84.40,26.20,54.21,75.66
82.33,82.33,25.31,55.87,75.88
83.55,83.55,22.12,53.71,81.13
81.30,81.30,20.40,56.82,82.03
76.00,76.00,22.27,55.58,77.44
80.77,80.77,23.47,56.83,72.86
80.06,80.06,21.47,54.67,71.87
76.74,76.74,22.15,53.54,70.32
76.37,76.37,27.98,56.45,75.16
83.71,83.71,27.70,56.81,73.61
80.08,80.08,26.82,57.83,72.83
82.33,82.33,29.37,56.01,70.62
81.16,81.16,27.13,59.28,72.07
88.04,88.04,27.21,54.29,70.18
78.75,78.75,23.93,57.17,70.34
75.08,75.08,24.88,56.73,71.87
72.79,72.79,27.37,57.85,73.59
73.91,73.91,23.65,54.68,70.86
75.15,75.15,20.97,55.91,74.76
79.51,79.51,19.58,52.46,76.13
79.28,79.28,20.22,54.07,81.45
80.01,80.01,19.73,57.22,78.64
79.87,79.87,20.36,53.41,77.59
78.28,78.28,22.71,55.14,78.55
80.85,80.85,18.98,54.07,78.55
80.24,80.24,16.89,58.16,76.72
80.53,80.53,16.58,55.36,75.78
79.39,79.39,16.23,57.17,77.80
79.66,79.66,21.41,54.01,76.43
79.03,79.03,22.55,55.07,77.57
78.90,78.90,22.08,52.40,76.23
81.88,81.88,20.98,53.29,78.48
82.72,82.72,26.63,51.99,74.78
74.69,74.69,23.50,54.49,74.24
74.55,74.55,25.75,53.18,74.56
76.81,76.81,25.79,54.11,73.61
77.02,77.02,28.31,58.27,76.14
75.19,75.19,28.01,55.16,72.37
71.77,71.77,24.03,56.29,73.84
73.36,73.36,23.45,54.39,72.71
75.13,75.13,21.92,56.45,73.40
78.63,78.63,19.30,54.18,74.57
82.09,82.09,19.63,54.95,73.79
83.31,83.31,20.59,51.14,76.67
82.91,82.91,23.50,53.96,77.56
84.58,84.58,26.73,51.32,77.78
83.42,83.42,24.90,54.06,84.43
82.33,82.33,23.88,54.36,81.48
79.12,79.12,23.18,54.69,81.08
73.14,73.14,25.72,56.64,82.67
71.15,71.15,17.82,53.35,79.35
70.92,70.92,11.93,55.90,82.99
71.71,71.71,9.17,52.29,79.27
70.44,70.44,6.98,51.35,81.05
73.33,73.33,18.12,50.07,79.18
73.32,73.32,17.03,54.31,77.77
76.28,76.28,23.96,51.07,79.25
78.28,78.28,26.01,53.05,76.50
78.87,78.87,23.36,52.83,76.76
82.86,82.86,23.24,52.17,77.02
79.49,79.49,24.04,51.40,74.41
82.54,82.54,24.96,54.29,74.69
84.86,84.86,26.59,54.58,73.06
80.78,80.78,27.83,53.91,73.50
84.83,84.83,29.11,56.80,75.50
86.13,86.13,26.38,52.94,73.56
79.93,79.93,25.51,52.11,73.52
79.57,79.57,21.77,52.22,76.45
79.92,79.92,16.21,57.18,80.70
78.76,78.76,15.83,52.24,82.41
76.86,76.86,11.86,55.54,79.97
78.78,78.78,10.55,53.26,80.01
76.48,76.48,11.19,57.52,80.33
71.23,71.23,14.16,54.21,79.60
72.89,72.89,17.90,56.50,77.93
76.69,76.69,20.27,54.12,78.55
71.98,71.98,19.82,56.92,78.15
71.33,71.33,17.11,54.93,75.04
76.00,76.00,14.68,53.57,77.08
76.79,76.79,22.21,54.04,74.44
78.47,78.47,22.23,53.96,74.89
83.68,83.68,20.75,57.39,76.34
83.74,83.74,19.51,54.55,74.38
82.92,82.92,20.90,58.08,77.53
84.19,84.19,19.41,53.08,76.53
85.40,85.40,23.17,57.71,74.94
84.09,84.09,22.43,53.05,74.96
81.50,81.50,15.92,56.78,71.44
80.93,80.93,17.89,53.59,69.81
82.23,82.23,15.40,56.30,73.22
81.34,81.34,24.60,54.06,74.07
79.23,79.23,19.30,56.44,73.74
86.71,86.71,18.39,54.05,75.95
81.06,81.06,16.85,55.01,78.99
79.01,79.01,17.78,57.05,80.48
78.78,78.78,17.12,57.59,78.13
76.49,76.49,18.38,58.05,78.50
74.93,74.93,21.35,55.45,78.05
77.02,77.02,22.79,58.00,78.17
76.39,76.39,19.72,55.77,78.59
78.16,78.16,18.60,59.10,78.53
71.82,71.82,18.65,56.19,78.60
71.02,71.02,19.67,59.22,78.97
67.75,67.75,27.23,51.64,77.33
73.59,73.59,25.91,56.30,78.51
80.54,80.54,25.29,55.50,78.44
83.60,83.60,28.82,57.85,77.49
80.47,80.47,31.97,56.56,77.32
83.72,83.72,28.79,55.97,75.26
81.79,81.79,30.72,56.37,74.98
81.79,81.79,30.89,56.89,74.78
76.65,76.65,26.43,56.64,72.81
71.56,71.56,25.27,53.66,74.59
71.75,71.75,26.38,58.19,74.71
71.50,71.50,23.78,50.80,72.87
66.20,66.20,20.02,57.09,74.33
65.17,65.17,16.88,54.29,75.85
67.02,67.02,14.61,57.13,75.30
70.10,70.10,26.87,54.03,75.37
75.03,75.03,34.28,55.85,76.25
74.36,74.36,36.11,53.79,77.03
73.73,73.73,35.36,54.59,76.82
72.88,72.88,21.85,55.63,75.50
70.80,70.80,25.71,54.57,72.39
71.39,71.39,12.83,56.94,72.00
78.58,78.58,23.39,52.76,70.03
83.09,83.09,25.72,55.88,72.65
80.12,80.12,17.90,51.67,71.78
80.87,80.87,24.06,55.08,72.89
78.92,78.92,21.60,51.24,71.54
80.99,80.99,21.98,54.99,72.08
81.11,81.11,21.56,51.95,73.79
81.70,81.70,22.61,57.39,70.17
79.17,79.17,22.10,53.84,71.99
82.63,82.63,21.63,55.60,72.26
81.54,81.54,21.49,54.64,70.51
83.24,83.24,20.13,53.28,69.60
78.08,78.08,17.95,54.61,76.26
79.63,79.63,13.99,51.94,77.98
77.11,77.11,14.00,56.04,77.30
77.12,77.12,13.44,53.07,75.94
75.49,75.49,14.16,54.21,74.77
74.56,74.56,13.44,53.09,75.31
81.48,81.48,13.72,56.60,75.08
83.81,83.81,17.30,53.84,73.04
76.67,76.67,19.72,57.77,72.61
75.25,75.25,19.10,55.06,75.18
78.00,78.00,26.31,56.65,75.98
80.33,80.33,33.51,55.90,77.81
75.21,75.21,31.95,53.28,76.95
72.50,72.50,30.21,52.65,77.58
72.12,72.12,29.20,52.95,77.26
70.85,70.85,22.20,56.88,75.02
72.90,72.90,19.22,54.75,76.43
74.47,74.47,23.47,55.22,75.24
75.17,75.17,24.51,50.51,73.25
70.54,70.54,27.16,53.70,73.73
67.33,67.33,30.79,51.71,73.75
65.38,65.38,34.10,55.88,74.17
65.57,65.57,32.26,53.96,74.35
66.18,66.18,30.39,56.74,74.87
73.73,73.73,26.90,52.88,73.37
70.64,70.64,20.51,55.08,74.70
69.04,69.04,18.03,56.28,73.43
66.75,66.75,21.56,53.42,74.19
69.22,69.22,21.88,55.61,74.48
70.85,70.85,16.96,52.94,75.78
73.23,73.23,21.95,54.74,75.25
73.64,73.64,18.81,53.01,75.70
73.47,73.47,25.46,55.36,74.82
75.21,75.21,35.78,51.63,76.02
75.10,75.10,32.24,56.34,75.28
76.41,76.41,36.03,52.70,73.39
75.05,75.05,39.76,56.03,69.52
75.25,75.25,39.52,53.55,76.67
73.73,73.73,31.49,56.19,70.99
73.68,73.68,37.12,52.33,73.51
71.08,71.08,32.82,55.66,74.78
69.68,69.68,23.25,55.52,70.62
68.78,68.78,27.87,53.58,73.76
67.31,67.31,25.81,55.04,72.78
64.79,64.79,24.09,51.99,74.49
61.39,61.39,21.91,53.66,72.88
67.46,67.46,17.83,50.86,73.22
74.41,74.41,17.01,56.31,76.28
82.43,82.43,23.21,50.24,81.03
85.20,85.20,24.15,50.17,76.93
80.28,80.28,20.23,50.50,75.56
80.26,80.26,20.34,49.27,75.81
81.40,81.40,19.02,48.16,73.04
83.00,83.00,22.32,51.61,75.24
85.29,85.29,25.39,52.76,76.50
82.85,82.85,25.97,52.46,75.67
85.04,85.04,27.72,52.20,75.46
86.36,86.36,27.48,50.55,76.56
81.49,81.49,28.34,51.33,77.44
81.32,81.32,27.78,53.02,78.33
80.84,80.84,25.75,53.05,78.24
78.29,78.29,21.38,52.96,77.64
73.25,73.25,21.07,51.25,78.69
71.60,71.60,23.26,52.94,78.69
72.03,72.03,24.95,52.43,79.43
74.04,74.04,30.98,53.67,77.00
74.90,74.90,35.81,52.79,76.30
77.26,77.26,38.82,52.62,77.08
77.52,77.52,33.99,53.81,78.67
77.13,77.13,38.50,54.81,78.91
75.30,75.30,36.59,53.79,74.48
74.82,74.82,37.75,53.66,78.01
73.86,73.86,34.16,53.76,78.79
76.37,76.37,32.16,55.07,79.70
80.88,80.88,28.30,54.71,81.24
76.34,76.34,34.58,55.09,78.68
76.67,76.67,31.62,54.42,81.67
74.38,74.38,32.63,53.22,78.95
71.96,71.96,30.54,53.74,79.02
70.61,70.61,18.73,55.30,78.05
79.20,79.20,20.00,55.17,77.82
76.25,76.25,26.01,55.57,75.13
82.07,82.07,19.65,52.38,78.33
75.81,75.81,21.44,53.91,77.45
78.59,78.59,22.71,53.83,74.41
79.11,79.11,25.47,54.82,73.48
74.61,74.61,26.43,53.17,74.47
80.64,80.64,22.56,52.00,73.04
81.49,81.49,28.38,52.93,71.27
75.95,75.95,28.19,52.31,69.72
77.93,77.93,24.13,52.67,75.98
81.56,81.56,24.79,53.10,72.79
82.99,82.99,25.94,50.58,73.16
84.96,84.96,23.14,50.91,76.49
85.74,85.74,24.12,53.03,78.87
83.58,83.58,27.00,51.93,78.84
81.73,81.73,26.61,50.39,80.97
82.00,82.00,26.17,48.12,79.77
74.78,74.78,28.63,49.51,79.94
77.11,77.11,32.96,50.44,80.36
79.48,79.48,30.08,51.62,78.18
80.55,80.55,28.10,51.14,78.05
81.45,81.45,24.72,49.10,76.72
79.02,79.02,28.67,50.81,76.22
81.02,81.02,27.64,49.39,78.71
81.52,81.52,30.23,50.65,79.75
75.59,75.59,28.83,49.92,81.22
72.75,72.75,26.18,50.55,79.96
81.21,81.21,25.75,49.25,80.38
77.41,77.41,30.18,51.99,81.84
84.97,84.97,30.50,52.01,80.14
82.45,82.45,30.59,51.66,79.55
81.87,81.87,33.19,51.21,80.69
81.52,81.52,32.97,49.89,75.31
82.85,82.85,30.25,50.68,79.22
80.96,80.96,29.52,52.04,75.94
81.28,81.28,26.22,51.36,76.02
75.10,75.10,22.29,51.53,81.47
78.77,78.77,19.01,49.76,80.49
72.70,72.70,16.46,51.29,82.31
72.52,72.52,9.10,52.18,84.50
73.67,73.67,11.66,53.69,82.97
72.30,72.30,12.44,51.90,82.10
71.88,71.88,15.41,52.69,77.98
76.70,76.70,17.35,51.44,77.96
75.88,75.88,21.01,51.71,77.12
72.45,72.45,21.73,51.79,75.58
75.21,75.21,25.17,50.29,73.96
77.49,77.49,25.71,50.58,78.48
77.44,77.44,19.73,49.77,75.71
75.81,75.81,30.20,50.65,80.29
74.08,74.08,25.77,50.58,81.56
75.52,75.52,28.58,50.57,76.53
75.87,75.87,30.49,51.40,77.46
79.29,79.29,31.77,50.12,76.01
78.06,78.06,28.66,52.40,72.78
75.32,75.32,27.63,51.36,74.58
74.98,74.98,21.16,48.54,74.23
67.65,67.65,18.13,48.04,72.81
68.50,68.50,22.11,50.68,71.23
72.66,72.66,25.36,54.12,78.82
69.36,69.36,27.25,51.25,81.49
71.49,71.49,25.00,54.11,81.86
64.99,64.99,22.25,56.86,79.88
65.15,65.15,19.71,56.03,82.76
62.25,62.25,20.21,52.65,79.97
64.01,64.01,21.69,55.58,79.94
67.42,67.42,29.12,57.21,79.30
66.44,66.44,26.97,55.04,79.81
68.39,68.39,33.60,56.86,78.52
65.95,65.95,26.34,56.80,80.03
66.11,66.11,23.00,55.11,78.25
70.16,70.16,18.37,56.06,78.04
77.82,77.82,13.06,52.41,80.20
80.36,80.36,21.82,53.48,83.72
80.99,80.99,24.92,58.23,81.53
81.29,81.29,23.47,55.90,84.71
81.21,81.21,24.17,55.27,82.86
77.52,77.52,26.71,57.37,82.80
77.37,77.37,28.99,55.21,82.88
76.56,76.56,33.96,56.16,78.45
79.23,79.23,30.72,58.99,78.78
79.66,79.66,32.85,55.81,78.49
74.26,74.26,29.90,55.90,80.31
79.16,79.16,28.23,55.51,78.74
77.17,77.17,24.59,53.36,79.07
81.54,81.54,28.74,57.96,77.62
81.02,81.02,27.60,57.31,81.46
73.02,73.02,29.35,56.05,78.12
72.11,72.11,24.37,58.91,79.98
78.23,78.23,18.44,55.84,79.67
79.02,79.02,21.06,55.05,77.32
70.06,70.06,28.22,58.73,80.30
75.32,75.32,34.92,58.06,79.60
76.27,76.27,41.79,57.41,77.59
76.13,76.13,39.51,58.63,80.77
76.66,76.66,37.56,56.07,78.48
76.39,76.39,35.34,57.37,78.90
76.56,76.56,30.46,60.44,81.03
76.61,76.61,35.48,57.08,76.60
74.56,74.56,40.83,57.78,78.10
74.68,74.68,34.98,58.14,77.01
75.85,75.85,29.60,56.23,75.85
72.58,72.58,26.53,57.96,74.12
71.49,71.49,24.43,58.00,75.79
69.59,69.59,29.99,56.13,75.36
68.49,68.49,21.53,58.61,76.64
70.79,70.79,16.86,57.30,74.80
76.95,76.95,21.84,56.22,73.94
78.66,78.66,11.03,58.53,75.96
79.56,79.56,14.61,56.20,76.31
83.99,83.99,12.77,55.91,72.10
85.55,85.55,5.72,59.63,77.67
83.90,83.90,7.41,56.98,74.60
83.28,83.28,12.62,56.80,77.02
84.77,84.77,16.80,60.34,76.53
83.87,83.87,16.88,57.27,74.93
80.93,80.93,19.61,56.73,74.76
82.48,82.48,20.12,57.46,73.95
85.13,85.13,21.28,55.73,75.08
84.29,84.29,22.73,57.18,78.87
84.44,84.44,27.14,56.14,78.05
77.99,77.99,26.65,54.35,78.53
78.73,78.73,26.05,57.64,79.27
81.32,81.32,28.34,57.16,81.50
79.17,79.17,17.67,55.49,81.44
75.47,75.47,22.21,56.85,79.64
77.31,77.31,24.08,56.00,79.54
78.29,78.29,24.93,55.92,79.36
72.62,72.62,28.44,57.66,77.58
78.59,78.59,35.26,53.86,76.45
77.84,77.84,32.45,54.91,79.72
79.66,79.66,38.36,57.17,80.64
74.23,74.23,28.44,54.43,78.28
74.75,74.75,20.12,57.79,77.56
74.39,74.39,19.32,57.88,78.20
72.66,72.66,15.47,54.72,78.83
76.28,76.28,19.34,56.45,79.23
76.57,76.57,23.26,56.25,75.56
77.45,77.45,24.31,55.81,79.09
77.10,77.10,19.65,57.62,78.63
78.99,78.99,18.79,54.44,74.71
75.77,75.77,21.01,53.83,80.14
73.77,73.77,24.85,57.09,76.54
75.26,75.26,28.84,54.44,74.82
77.62,77.62,34.23,55.26,73.51
77.84,77.84,30.29,56.61,75.82
77.00,77.00,27.29,55.17,74.52
72.75,72.75,26.57,57.40,74.98
70.28,70.28,33.12,57.93,77.45
69.91,69.91,22.32,55.06,74.43
69.54,69.54,20.82,55.71,75.95
67.62,67.62,18.59,55.73,78.53
65.57,65.57,19.55,52.91,81.82
67.45,67.45,20.23,50.70,84.15
70.45,70.45,30.61,41.53,83.78
73.87,73.87,27.38,53.22,76.95
82.00,82.00,28.89,51.49,77.45
83.26,83.26,33.13,54.26,84.54
81.60,81.60,28.04,50.55,83.32
76.48,76.48,25.45,54.38,72.56
81.24,81.24,24.87,52.20,76.25
83.42,83.42,21.59,54.75,83.41
83.33,83.33,20.04,52.09,81.88
85.71,85.71,24.59,52.24,79.29
87.01,87.01,26.26,50.77,78.70
87.24,87.24,26.47,52.18,80.09
86.75,86.75,25.45,52.99,78.66
88.05,88.05,24.28,49.92,80.63
87.87,87.87,25.66,52.79,78.43
87.49,87.49,22.82,47.61,79.23
86.90,86.90,23.25,51.11,78.71
83.40,83.40,24.30,50.30,79.32
84.29,84.29,23.20,52.88,78.04
83.50,83.50,23.12,50.86,76.85
79.66,79.66,19.52,54.73,75.22
86.40,86.40,17.03,52.11,74.00
82.67,82.67,15.77,54.86,75.50
87.23,87.23,11.72,53.20,73.15
84.82,84.82,11.76,52.84,73.98
85.05,85.05,13.05,52.83,73.91
78.93,78.93,15.74,54.00,75.41
80.01,80.01,17.17,56.29,74.85
76.51,76.51,15.70,53.81,72.94
78.87,78.87,16.56,56.16,73.06
77.97,77.97,14.70,52.17,74.28
77.06,77.06,19.67,55.91,74.62
76.86,76.86,20.80,53.47,75.69
77.06,77.06,21.19,56.18,75.50
78.43,78.43,21.72,53.00,72.65
81.45,81.45,21.74,55.52,75.79
85.81,85.81,22.61,53.01,73.65
87.06,87.06,22.49,55.35,73.52
85.81,85.81,24.01,53.54,71.74
85.79,85.79,23.00,53.05,74.17
85.10,85.10,21.98,53.47,72.15
77.96,77.96,20.61,51.82,71.16
73.25,73.25,19.26,54.07,71.36
76.09,76.09,19.10,53.32,72.94
84.14,84.14,19.40,54.94,71.21
86.21,86.21,19.67,51.16,71.67
86.05,86.05,21.06,53.84,71.23
82.87,82.87,21.61,50.49,79.77
78.52,78.52,17.54,53.86,80.77
82.60,82.60,19.13,51.62,77.84
86.40,86.40,19.92,55.03,78.34
83.67,83.67,20.78,51.63,78.60
81.32,81.32,23.40,54.42,77.68
83.60,83.60,17.89,51.23,77.78
82.53,82.53,18.64,53.08,77.54
80.52,80.52,19.03,49.35,77.21
79.17,79.17,23.25,52.77,75.09
77.57,77.57,22.48,52.96,74.42
75.94,75.94,29.75,50.66,76.02
78.42,78.42,28.08,52.43,76.25
82.60,82.60,29.48,47.85,74.74
81.07,81.07,26.43,51.22,75.04
81.76,81.76,28.65,49.14,76.37
80.00,80.00,33.14,54.66,74.72
80.34,80.34,28.72,51.55,72.81
82.14,82.14,28.69,55.26,71.74
81.33,81.33,27.50,51.84,69.88
85.19,85.19,26.28,54.69,71.67
83.49,83.49,24.81,52.03,71.70
81.40,81.40,25.31,54.36,76.25
77.56,77.56,31.04,52.63,77.30
78.31,78.31,33.41,53.93,75.78
75.78,75.78,29.09,53.16,73.74
64.94,64.94,21.30,53.74,73.29
68.86,68.86,17.89,55.67,73.26
68.06,68.06,17.95,52.37,72.22
70.98,70.98,30.81,54.61,73.06
73.75,73.75,36.29,50.10,75.89
76.88,76.88,40.20,55.13,73.44
77.36,77.36,39.72,50.72,71.30
77.13,77.13,26.83,54.48,76.05
76.72,76.72,20.40,51.51,77.35
76.83,76.83,18.01,54.86,74.45
74.42,74.42,23.24,50.47,75.73
80.86,80.86,21.31,53.27,75.17
81.12,81.12,25.97,48.87,72.55
84.03,84.03,27.27,49.65,73.33
83.14,83.14,24.10,51.87,71.46
83.32,83.32,23.45,50.14,70.49
82.69,82.69,22.16,53.16,70.96
83.31,83.31,23.25,50.94,70.75
86.71,86.71,22.46,55.16,71.48
88.92,88.92,24.15,51.96,70.38
88.81,88.81,24.30,54.92,76.44
86.43,86.43,24.24,51.55,76.96
84.04,84.04,26.13,55.72,80.18
80.80,80.80,28.68,51.82,81.48
80.12,80.12,29.05,55.09,81.18
82.02,82.02,27.40,52.01,80.95
84.61,84.61,26.10,50.74,79.11
77.22,77.22,23.83,50.01,79.67
78.54,78.54,23.60,49.79,80.32
79.97,79.97,23.77,52.05,77.28
77.21,77.21,23.99,49.61,78.81
74.60,74.60,26.37,52.59,77.70
79.51,79.51,24.01,47.80,79.39
77.86,77.86,23.20,51.99,78.40
79.44,79.44,26.49,48.85,76.96
82.50,82.50,29.98,52.33,77.49
83.61,83.61,29.65,48.84,77.50
82.81,82.81,29.12,51.55,75.28
80.35,80.35,25.86,48.95,75.50
77.70,77.70,24.06,51.52,76.07
78.88,78.88,24.91,50.83,74.00
81.03,81.03,25.68,49.05,73.87
76.79,76.79,21.90,50.71,73.79
78.01,78.01,22.98,47.29,73.77
78.36,78.36,29.12,52.35,78.86
75.59,75.59,26.64,51.33,73.74
70.64,70.64,25.03,53.50,73.92
71.85,71.85,22.64,50.40,78.02
71.02,71.02,18.90,52.16,76.05
71.16,71.16,23.51,50.91,75.55
74.34,74.34,23.71,53.98,76.84
75.71,75.71,31.92,52.00,74.87
76.48,76.48,32.11,53.19,72.20
75.91,75.91,30.69,52.71,74.63
75.91,75.91,31.75,52.06,75.28
76.45,76.45,26.35,53.39,71.94
73.82,73.82,20.01,50.88,73.76
74.34,74.34,20.38,52.73,74.14
83.24,83.24,27.60,50.76,70.97
80.56,80.56,28.15,54.22,72.78
83.41,83.41,25.04,52.46,75.48
83.06,83.06,24.07,55.39,72.61
87.08,87.08,21.91,50.91,73.06
80.73,80.73,20.97,51.68,74.26
79.78,79.78,21.63,50.50,71.58
82.36,82.36,19.12,52.83,74.63
82.31,82.31,19.03,50.99,74.64
80.35,80.35,13.72,50.16,77.75
82.72,82.72,13.95,50.59,75.99
79.26,79.26,15.13,50.44,78.76
80.03,80.03,16.93,51.36,77.95
82.59,82.59,17.76,49.29,75.87
77.78,77.78,19.95,52.85,72.98
80.83,80.83,21.19,50.13,73.82
82.14,82.14,21.95,54.08,73.53
80.25,80.25,25.53,51.80,71.80
84.97,84.97,25.97,54.63,72.71
83.64,83.64,32.46,49.79,73.36
77.68,77.68,30.86,53.10,76.48
81.58,81.58,31.18,51.24,74.71
79.73,79.73,27.34,55.74,77.73
74.71,74.71,31.70,53.97,76.11
75.09,75.09,30.82,55.07,74.72
76.72,76.72,28.79,53.49,73.21
80.32,80.32,30.24,51.50,73.46
81.17,81.17,25.31,51.61,75.38
79.37,79.37,18.75,53.00,73.70
78.50,78.50,14.95,54.20,73.47
79.05,79.05,12.41,50.91,74.72
75.96,75.96,13.12,53.24,75.57
76.28,76.28,7.66,49.79,80.78
77.33,77.33,7.05,53.19,79.67
74.20,74.20,11.66,51.93,81.27
72.59,72.59,16.16,54.60,78.45
72.50,72.50,18.20,51.02,79.38
70.49,70.49,18.51,54.66,79.62
72.04,72.04,17.60,50.76,77.72
74.09,74.09,21.73,54.30,76.20
76.20,76.20,23.08,53.15,77.66
75.91,75.91,19.80,54.27,74.66
76.60,76.60,34.03,54.38,72.15
75.92,75.92,31.23,53.59,71.72
75.27,75.27,27.76,55.75,72.53
73.38,73.38,27.23,52.79,68.13
71.64,71.64,25.95,54.11,71.95
70.93,70.93,25.54,51.69,73.17
77.97,77.97,26.04,56.65,73.14
85.68,85.68,25.46,50.55,72.90
89.00,89.00,22.16,55.97,68.86
80.66,80.66,19.32,53.18,71.84
83.46,83.46,20.06,56.99,72.53
81.13,81.13,24.27,49.67,73.93
77.00,77.00,25.17,44.53,70.37
79.24,79.24,19.08,51.05,76.35
81.11,81.11,19.36,53.27,81.96
80.22,80.22,17.41,49.74,84.13
80.39,80.39,18.05,51.95,83.57
79.48,79.48,23.17,51.69,81.59
79.28,79.28,22.93,51.89,80.86
80.17,80.17,22.33,51.67,82.52
79.10,79.10,20.37,50.46,81.21
78.61,78.61,20.31,51.39,81.84
80.58,80.58,17.34,51.35,80.74
81.96,81.96,16.16,51.55,78.87
83.84,83.84,16.79,50.90,81.05
82.05,82.05,14.25,50.45,78.24
84.80,84.80,13.39,51.41,78.02
82.02,82.02,12.93,52.07,79.37
79.50,79.50,14.13,51.25,77.61
77.37,77.37,13.46,51.03,75.51
77.52,77.52,14.80,49.02,77.38
83.88,83.88,11.93,50.55,78.42
77.51,77.51,13.27,50.89,75.71
74.05,74.05,12.63,50.88,73.87
76.53,76.53,11.90,50.76,72.41
80.99,80.99,7.75,48.86,71.76
82.32,82.32,8.37,50.47,76.55
78.00,78.00,11.69,50.29,79.00
82.69,82.69,15.83,50.67,82.73
85.16,85.16,23.26,49.28,81.67
81.32,81.32,11.83,48.63,80.70
75.03,75.03,14.80,49.24,79.84
78.63,78.63,14.74,48.28,79.07
79.83,79.83,15.14,49.61,77.12
79.20,79.20,15.09,48.03,77.79
78.12,78.12,17.10,48.69,76.71
79.20,79.20,20.63,46.13,77.44
79.05,79.05,17.84,49.01,75.95
76.51,76.51,15.74,48.66,78.24
80.36,80.36,20.93,48.61,77.97
81.14,81.14,24.36,49.55,75.26
78.63,78.63,16.75,47.39,74.79
77.69,77.69,19.30,50.51,78.58
77.00,77.00,14.70,49.84,77.26
76.83,76.83,17.12,50.73,76.25
77.88,77.88,19.11,49.58,77.51
77.55,77.55,18.13,48.35,73.13
75.29,75.29,19.84,47.32,75.05
74.74,74.74,20.90,49.37,73.39
79.61,79.61,14.12,48.77,76.84
80.46,80.46,22.27,48.26,77.39
76.70,76.70,27.69,47.06,82.71
73.34,73.34,25.29,46.34,80.45
77.19,77.19,26.68,48.82,77.75
79.05,79.05,26.80,47.76,73.79
72.65,72.65,27.32,47.78,76.54
70.38,70.38,23.54,46.42,73.71
70.50,70.50,27.22,46.22,76.99
75.57,75.57,26.12,45.27,72.25
71.68,71.68,24.84,46.82,75.34
70.55,70.55,21.06,46.31,74.59
78.10,78.10,25.27,45.05,79.96
74.69,74.69,31.09,43.46,80.18
79.97,79.97,29.56,45.30,80.73
82.49,82.49,29.63,45.27,79.64
76.69,76.69,29.47,45.41,81.65
77.54,77.54,25.73,45.06,78.88
81.64,81.64,32.51,43.76,81.09
81.26,81.26,32.04,42.72,79.20
78.92,78.92,32.53,45.14,77.37
74.00,74.00,29.33,45.17,75.79
78.62,78.62,27.90,44.87,78.20
76.03,76.03,27.84,42.85,78.31
74.13,74.13,26.56,44.99,80.51
73.10,73.10,23.68,45.06,79.89
68.72,68.72,23.29,45.32,82.66
66.06,66.06,23.29,47.56,79.72
58.50,58.50,21.16,45.00,79.60
61.07,61.07,18.96,46.97,81.57
56.70,56.70,12.21,47.54,78.88
61.68,61.68,22.43,47.81,79.68
73.87,73.87,32.06,47.19,79.25
74.49,74.49,38.82,47.54,74.73
74.11,74.11,32.11,48.75,79.60
75.50,75.50,33.61,47.11,77.64
77.03,77.03,30.21,46.91,77.22
76.91,76.91,36.74,46.13,74.01
83.02,83.02,40.78,43.49,79.14
82.88,82.88,41.03,44.71,74.96
84.71,84.71,32.65,45.78,77.80
84.89,84.89,27.43,45.32,74.05
83.46,83.46,29.88,45.32,76.64
80.18,80.18,34.46,46.96,74.19
82.88,82.88,33.47,45.64,75.66
81.01,81.01,37.97,44.58,74.83
80.71,80.71,33.90,35.67,75.94
83.03,83.03,29.21,41.19,78.70
83.31,83.31,30.55,49.14,81.09
83.04,83.04,39.67,52.01,78.37
75.29,75.29,32.74,49.46,79.54
72.35,72.35,29.87,49.88,80.66
74.02,74.02,25.17,53.07,80.31
70.17,70.17,23.98,49.57,77.25
73.98,73.98,29.77,49.79,77.11
75.46,75.46,38.06,51.75,77.52
76.73,76.73,36.56,47.15,75.71
76.37,76.37,34.65,47.48,76.45
78.44,78.44,36.13,50.57,79.35
77.16,77.16,33.85,48.65,82.93
75.04,75.04,28.08,48.25,87.74
74.75,74.75,34.70,48.73,88.63
76.36,76.36,24.30,48.44,85.49
81.24,81.24,28.11,51.20,85.90
78.22,78.22,32.89,49.43,86.93
81.42,81.42,31.74,45.96,86.80
82.64,82.64,23.64,47.81,85.49
83.84,83.84,27.32,46.66,83.16
82.09,82.09,26.69,46.03,83.35
78.74,78.74,21.90,50.13,81.41
75.73,75.73,23.35,46.51,82.48
78.68,78.68,31.01,43.90,82.16
80.12,80.12,17.92,46.19,80.52
82.59,82.59,15.00,44.53,81.43
82.34,82.34,21.93,44.72,79.75
80.02,80.02,20.39,47.04,79.89
80.60,80.60,28.32,46.59,80.92
79.09,79.09,29.15,49.27,80.01
74.95,74.95,25.51,46.63,73.71
81.90,81.90,24.88,46.16,80.21
81.66,81.66,23.97,48.81,77.44
81.93,81.93,18.02,47.74,79.44
80.79,80.79,11.25,46.15,80.80
77.04,77.04,9.07,48.16,81.73
77.90,77.90,11.22,45.95,79.90
77.91,77.91,14.87,45.93,83.92
80.57,80.57,18.09,49.26,77.54
81.45,81.45,15.42,47.36,79.15
84.83,84.83,17.88,47.72,78.08
84.73,84.73,19.62,49.33,78.26
80.72,80.72,20.65,47.78,79.28
79.60,79.60,19.27,50.22,76.61
78.04,78.04,20.01,51.06,77.99
76.04,76.04,19.73,48.85,76.52
75.75,75.75,22.07,51.79,79.90
76.89,76.89,29.04,50.93,75.23
74.80,74.80,23.18,50.45,77.50
75.84,75.84,25.46,54.12,78.28
75.54,75.54,23.30,52.39,79.54
73.14,73.14,26.21,51.98,80.13
73.44,73.44,23.47,54.59,77.18
70.92,70.92,16.61,51.24,75.57
68.39,68.39,17.61,50.57,77.72
64.85,64.85,18.17,53.37,77.69
68.49,68.49,18.83,50.36,75.66
72.15,72.15,19.44,51.33,76.28
75.11,75.11,23.37,50.16,80.24
74.30,74.30,27.54,50.16,83.38
80.47,80.47,22.16,53.70,84.75
81.70,81.70,23.32,51.69,85.40
79.39,79.39,23.99,49.15,83.97
78.46,78.46,23.46,52.30,82.87
77.77,77.77,17.44,51.01,81.94
76.35,76.35,22.20,49.89,80.03
79.12,79.12,25.60,50.79,81.19
79.06,79.06,22.17,48.86,80.81
81.88,81.88,23.15,49.10,79.86
84.35,84.35,22.81,51.06,78.75
78.67,78.67,24.56,49.14,77.34
76.42,76.42,23.31,48.54,78.57
80.97,80.97,32.81,49.76,78.11
80.33,80.33,31.64,48.35,78.20
80.83,80.83,26.43,51.38,78.45
81.56,81.56,25.79,50.38,82.11
79.73,79.73,22.03,48.41,78.98
77.49,77.49,23.06,50.26,78.27
78.53,78.53,23.39,49.00,78.47
75.51,75.51,20.96,48.07,78.27
74.35,74.35,18.17,51.10,76.50
76.28,76.28,17.96,47.42,79.86
77.81,77.81,18.64,48.20,77.40
78.45,78.45,19.67,50.90,81.17
81.20,81.20,20.56,48.72,77.02
85.44,85.44,17.42,50.91,80.48
84.12,84.12,17.76,51.34,76.59
81.76,81.76,19.54,48.65,75.46
77.93,77.93,17.29,50.46,74.40
79.91,79.91,19.00,45.93,74.87
83.04,83.04,20.08,39.56,70.52
82.01,82.01,20.08,35.68,71.36
77.70,77.70,19.32,45.27,72.04
77.84,77.84,16.20,48.66,71.37
79.45,79.45,15.27,49.85,81.62
77.87,77.87,11.51,48.43,86.31
75.26,75.26,17.17,48.64,83.45
76.41,76.41,20.09,50.51,76.25
77.83,77.83,17.54,49.24,76.09
80.39,80.39,17.69,53.64,76.27
81.27,81.27,19.65,50.15,75.82
79.97,79.97,18.83,52.83,74.42
77.74,77.74,20.64,50.00,71.68
74.32,74.32,26.99,52.29,70.68
74.97,74.97,30.73,49.75,72.65
76.64,76.64,19.43,53.43,78.36
75.67,75.67,23.55,49.73,78.50
75.22,75.22,25.37,51.20,76.80
73.59,73.59,20.63,50.75,76.71
70.87,70.87,17.49,51.30,75.48
70.62,70.62,19.04,50.79,77.55
66.76,66.76,29.28,49.47,76.99
65.85,65.85,32.76,49.65,77.38
65.87,65.87,25.70,48.04,76.87
64.59,64.59,25.80,50.16,77.80
64.14,64.14,25.10,47.94,78.81
66.84,66.84,15.39,50.54,75.81
71.07,71.07,4.68,47.68,81.70
79.36,79.36,4.09,50.14,80.38
81.34,81.34,1.89,46.87,81.53
83.55,83.55,4.66,52.31,77.99
82.88,82.88,6.37,49.13,78.42
83.41,83.41,8.96,50.51,77.89
80.25,80.25,10.04,47.91,76.87
78.46,78.46,12.66,48.96,77.97
81.68,81.68,13.00,47.38,78.33
76.40,76.40,15.01,47.58,74.40
73.30,73.30,12.62,45.81,73.77
74.44,74.44,19.66,46.65,74.30
74.02,74.02,25.51,48.93,76.05
74.21,74.21,24.84,47.08,74.73
73.92,73.92,27.19,49.51,74.49
74.53,74.53,21.39,46.07,77.03
74.24,74.24,24.62,48.04,76.67
73.74,73.74,34.52,44.09,75.27
74.16,74.16,36.43,50.69,75.14
74.83,74.83,31.51,46.48,74.46
74.41,74.41,32.17,48.73,74.37
73.93,73.93,32.25,48.63,73.34
72.97,72.97,29.45,50.05,75.50
72.23,72.23,20.31,49.84,82.05
71.03,71.03,11.37,51.00,80.85
69.74,69.74,6.37,52.46,81.76
72.74,72.74,15.22,51.25,78.48
77.93,77.93,19.01,52.81,81.60
83.35,83.35,19.35,50.07,77.72
85.29,85.29,22.40,51.97,81.04
84.46,84.46,20.69,48.26,75.31
81.10,81.10,17.80,52.28,77.46
73.83,73.83,17.99,50.80,77.34
66.76,66.76,21.55,53.76,77.90
66.48,66.48,23.82,50.08,80.10
66.68,66.68,23.01,51.33,79.36
74.03,74.03,20.83,50.84,80.46
80.10,80.10,17.23,50.42,78.09
77.66,77.66,17.37,49.86,80.19
79.55,79.55,21.55,50.94,76.81
75.17,75.17,24.26,51.74,78.27
74.81,74.81,28.66,51.23,78.05
73.55,73.55,25.33,50.01,75.72
70.59,70.59,18.54,48.31,75.92
73.94,73.94,16.90,52.00,76.35
74.76,74.76,14.55,48.85,74.52
78.93,78.93,15.23,52.12,75.54
78.46,78.46,15.03,49.39,76.30
78.50,78.50,14.10,52.44,76.04
81.47,81.47,13.13,48.63,73.48
77.55,77.55,13.98,50.13,74.18
76.20,76.20,18.59,50.72,73.39
78.40,78.40,16.36,51.73,73.30
75.42,75.42,13.41,47.24,71.85
73.76,73.76,12.92,48.63,72.27
76.65,76.65,14.15,51.50,73.72
75.45,75.45,20.81,48.08,72.97
75.47,75.47,27.95,50.74,76.74
75.14,75.14,36.72,47.87,76.86
81.22,81.22,40.19,50.92,78.04
84.38,84.38,37.44,47.09,75.04
87.71,87.71,25.52,50.32,76.05
86.69,86.69,22.50,48.87,75.21
82.80,82.80,16.36,50.39,75.60
80.33,80.33,18.72,47.38,71.51
79.20,79.20,20.04,46.63,72.87
78.26,78.26,23.65,49.02,70.30
79.40,79.40,23.10,50.59,70.67
83.34,83.34,24.25,51.78,69.67
78.43,78.43,20.69,49.35,69.43
74.64,74.64,18.56,50.08,76.43
72.72,72.72,20.56,47.78,78.47
74.70,74.70,22.51,53.78,80.65
70.64,70.64,17.51,49.96,74.25
66.81,66.81,19.25,52.38,76.96
64.01,64.01,19.53,48.72,76.77
66.00,66.00,29.50,50.24,75.40
66.09,66.09,22.04,50.92,73.53
63.35,63.35,17.45,49.24,75.91
64.50,64.50,18.22,50.19,76.39
65.10,65.10,16.42,50.03,73.84
67.13,67.13,23.67,49.28,74.65
69.40,69.40,24.91,49.09,74.77
70.34,70.34,30.76,50.61,76.02
72.90,72.90,31.24,49.42,71.48
78.95,78.95,32.38,51.89,72.41
79.09,79.09,33.94,49.34,70.52
81.36,81.36,31.11,50.47,72.97
81.21,81.21,28.58,47.86,72.86
78.50,78.50,28.68,50.81,73.35
74.29,74.29,29.07,48.60,70.87
79.92,79.92,29.41,50.83,73.50
83.44,83.44,31.81,49.28,72.29
82.38,82.38,28.83,50.18,76.22
83.52,83.52,29.08,50.63,84.91
83.40,83.40,23.79,51.46,80.83
79.45,79.45,28.42,52.57,80.24
78.36,78.36,23.69,50.24,81.27
80.43,80.43,24.50,51.78,81.22
79.38,79.38,25.85,51.36,81.02
73.39,73.39,24.65,53.55,78.56
71.18,71.18,23.62,51.19,77.87
76.41,76.41,16.80,51.02,77.99
73.54,73.54,9.31,46.62,75.31
76.37,76.37,16.84,49.64,76.78
80.26,80.26,15.01,47.37,77.60
80.18,80.18,10.59,50.75,79.27
74.89,74.89,14.29,48.55,71.68
78.89,78.89,11.21,50.73,76.43
78.54,78.54,13.07,49.32,72.81
73.79,73.79,13.19,50.70,72.73
76.91,76.91,9.23,51.40,68.24
75.30,75.30,13.79,50.39,69.30
81.25,81.25,15.82,51.74,70.82
83.65,83.65,24.17,50.03,71.79
79.64,79.64,22.82,53.36,73.30
85.57,85.57,21.38,50.72,72.78
83.58,83.58,22.91,53.60,73.00
79.67,79.67,18.27,52.08,72.46
80.82,80.82,18.13,54.97,72.60
82.80,82.80,14.93,49.92,72.78
81.28,81.28,14.98,52.86,69.04
78.58,78.58,14.23,49.93,69.17
76.31,76.31,16.31,51.68,68.68
80.58,80.58,16.27,51.09,68.36
73.84,73.84,16.45,50.64,68.76
77.41,77.41,14.01,51.86,73.15
73.85,73.85,13.75,48.20,77.30
72.28,72.28,8.81,49.91,78.63
72.27,72.27,8.76,47.00,76.13
72.48,72.48,8.23,51.52,75.08
71.22,71.22,12.79,47.75,73.70
70.30,70.30,12.91,52.03,74.52
69.97,69.97,15.18,44.74,74.55
67.08,67.08,17.42,49.75,75.08
69.90,69.90,18.13,43.84,73.68
66.94,66.94,19.60,52.24,74.34
66.49,66.49,18.40,49.02,75.34
65.94,65.94,16.67,54.24,72.56
71.02,71.02,21.17,52.27,78.03
74.47,74.47,27.11,52.75,84.76
73.52,73.52,26.48,53.26,83.04
75.39,75.39,31.24,51.02,85.46
75.25,75.25,28.52,48.43,82.57
75.74,75.74,35.64,46.78,80.41
76.65,76.65,28.96,48.67,83.05
74.61,74.61,30.57,43.64,82.10
72.72,72.72,22.44,48.86,80.43
71.06,71.06,19.54,45.88,80.40
67.77,67.77,20.78,49.97,80.67
68.54,68.54,22.26,44.19,77.30
65.39,65.39,17.66,51.02,75.88
68.10,68.10,15.26,49.77,74.48
73.23,73.23,20.59,52.71,73.73
75.23,75.23,31.28,45.95,71.63
77.78,77.78,35.43,48.98,73.86
77.47,77.47,38.41,51.76,74.50
77.65,77.65,41.05,51.46,73.29
76.66,76.66,44.00,50.32,71.43
75.95,75.95,46.01,48.05,73.08
75.52,75.52,39.05,51.38,74.05
73.41,73.41,39.72,47.76,75.54
72.02,72.02,35.23,55.74,75.85
73.45,73.45,28.92,57.00,76.51
73.54,73.54,24.15,57.86,77.43
77.25,77.25,17.86,58.21,77.86
75.90,75.90,23.43,57.56,79.19
75.57,75.57,26.35,56.58,75.37
77.35,77.35,26.71,55.78,77.82
78.44,78.44,32.55,57.45,78.17
80.60,80.60,35.83,57.80,76.65
82.84,82.84,35.51,57.37,79.67
78.71,78.71,34.59,56.54,80.32
81.34,81.34,31.57,54.12,77.73
75.71,75.71,38.29,53.84,79.96
81.18,81.18,28.13,54.03,80.63
82.97,82.97,32.55,54.33,80.84
80.86,80.86,29.50,53.73,80.57
83.99,83.99,24.53,52.65,80.35
81.69,81.69,26.56,53.80,79.20
78.58,78.58,26.41,54.44,77.42
80.62,80.62,27.26,54.21,78.26
77.18,77.18,32.03,53.87,74.50
73.23,73.23,34.23,53.44,77.15
78.94,78.94,34.27,55.33,73.40
73.68,73.68,32.60,54.55,76.85
76.13,76.13,27.00,54.44,77.56
75.72,75.72,27.80,55.00,78.98
74.38,74.38,31.44,53.36,75.29
74.45,74.45,35.27,52.54,78.86
75.29,75.29,38.45,53.84,78.84
75.01,75.01,37.40,53.27,78.65
75.86,75.86,43.59,52.26,74.35
72.97,72.97,41.09,50.72,76.01
75.16,75.16,32.35,50.33,74.50
71.94,71.94,31.36,51.30,75.76
70.58,70.58,24.83,51.72,73.34
66.01,66.01,20.05,49.53,73.51
64.91,64.91,20.40,48.57,84.96
66.00,66.00,21.54,50.90,80.75
67.16,67.16,37.79,48.97,81.96
67.05,67.05,28.07,49.62,79.72
70.23,70.23,23.02,51.14,78.98
70.97,70.97,30.24,51.35,80.77
75.53,75.53,27.74,48.93,78.64
77.66,77.66,21.21,49.52,76.32
76.02,76.02,25.98,50.24,74.61
76.55,76.55,26.72,50.18,76.04
79.03,79.03,24.71,49.41,76.73
77.99,77.99,22.97,48.14,77.07
78.05,78.05,25.00,49.35,77.65
77.76,77.76,22.29,50.24,80.25
79.27,79.27,27.16,48.83,79.39
76.92,76.92,26.21,48.66,80.32
76.20,76.20,25.20,48.34,77.37
75.69,75.69,24.54,49.71,77.71
70.18,70.18,23.45,50.54,78.79
69.42,69.42,16.66,50.44,79.81
70.45,70.45,17.24,50.32,80.41
70.34,70.34,24.06,47.71,78.31
75.11,75.11,31.95,49.78,79.86
75.84,75.84,34.02,50.83,83.24
76.69,76.69,29.26,51.65,80.55
76.22,76.22,32.92,51.56,82.21
76.45,76.45,29.91,49.67,78.67
74.17,74.17,27.83,49.83,80.95
73.39,73.39,30.46,51.67,80.76
70.77,70.77,27.05,52.66,79.81
74.10,74.10,30.94,52.36,78.49
73.78,73.78,24.61,50.75,78.20
76.41,76.41,26.79,52.55,78.90
80.50,80.50,25.92,54.21,79.40
80.18,80.18,21.71,55.36,78.42
77.04,77.04,20.32,54.72,81.54
77.37,77.37,17.12,52.59,80.29
79.07,79.07,28.93,54.12,81.98
79.60,79.60,19.86,55.13,80.51
77.48,77.48,23.30,53.92,79.59
77.17,77.17,23.28,54.51,80.12
77.37,77.37,27.04,53.53,79.45
80.01,80.01,30.69,54.03,77.86
79.88,79.88,28.38,54.97,77.37
78.20,78.20,25.62,55.20,74.85
75.00,75.00,25.81,54.76,77.61
73.84,73.84,26.96,54.23,75.29
73.84,73.84,22.55,55.40,79.43
73.89,73.89,32.51,56.08,75.47
76.08,76.08,28.04,55.90,75.52
80.68,80.68,27.04,56.10,77.01
81.82,81.82,27.46,54.91,73.90
83.23,83.23,25.76,54.77,77.47
79.43,79.43,25.29,53.96,76.94
73.56,73.56,23.35,54.18,77.20
76.93,76.93,23.18,55.14,76.44
79.46,79.46,21.25,53.80,77.50
81.10,81.10,21.77,54.13,79.79
81.28,81.28,21.22,55.92,78.51
78.62,78.62,20.04,59.25,74.91
80.27,80.27,16.79,58.05,80.45
82.49,82.49,17.34,56.50,79.08
82.34,82.34,22.44,57.72,80.39
81.29,81.29,27.01,60.48,74.69
81.16,81.16,29.93,58.70,75.32
81.63,81.63,30.21,57.52,77.87
78.73,78.73,27.84,57.71,75.88
78.93,78.93,22.18,59.93,75.14
78.60,78.60,18.20,59.07,76.92
76.39,76.39,15.83,58.03,77.61
76.67,76.67,20.85,57.42,79.91
76.38,76.38,16.28,60.32,76.60
77.78,77.78,20.92,59.86,78.59
79.17,79.17,23.55,58.43,76.25
80.24,80.24,24.09,57.31,75.39
79.87,79.87,26.63,59.94,75.60
77.42,77.42,31.21,58.82,76.52
79.41,79.41,25.80,58.52,72.04
76.40,76.40,21.68,58.93,73.99
77.41,77.41,28.94,60.12,76.50
78.97,78.97,27.14,58.72,77.01
77.58,77.58,24.06,57.81,75.39
78.70,78.70,27.24,58.13,78.62
79.50,79.50,29.47,57.95,78.75
79.14,79.14,33.56,57.66,76.65
77.71,77.71,30.74,57.41,77.49
74.83,74.83,28.71,58.68,76.51
72.83,72.83,32.17,60.06,77.49
74.19,74.19,25.45,57.20,77.25
78.19,78.19,29.80,56.36,75.91
77.40,77.40,21.66,59.03,75.04
78.56,78.56,30.34,58.67,76.79
76.07,76.07,32.26,56.67,72.33
72.84,72.84,31.88,56.43,72.54
73.49,73.49,31.50,58.39,72.62
72.19,72.19,29.72,57.70,70.80
73.47,73.47,33.36,55.86,73.33
75.88,75.88,28.26,55.56,71.70
81.46,81.46,29.79,57.42,72.33
81.94,81.94,29.04,56.58,72.05
81.06,81.06,27.51,55.99,74.31
80.85,80.85,33.08,56.79,74.50
80.19,80.19,36.68,58.86,74.08
81.44,81.44,38.85,56.28,71.67
81.47,81.47,40.41,55.24,74.20
81.14,81.14,36.51,56.16,76.73
82.14,82.14,37.33,56.68,81.47
80.87,80.87,32.22,55.12,76.94
74.05,74.05,34.95,55.54,76.32
78.08,78.08,30.05,56.77,77.84
82.17,82.17,29.40,56.63,77.59
80.88,80.88,25.37,54.42,77.11
79.74,79.74,27.19,55.21,74.28
74.28,74.28,25.54,58.03,77.28
74.32,74.32,31.98,55.20,74.20
78.07,78.07,28.84,54.32,75.91
74.85,74.85,29.95,55.50,73.95
68.07,68.07,29.88,57.65,77.46
70.80,70.80,26.34,55.17,76.73
73.03,73.03,17.93,53.75,74.36
67.60,67.60,27.07,55.31,76.89
73.12,73.12,26.12,57.11,76.25
70.12,70.12,26.97,55.02,77.70
68.93,68.93,32.32,55.78,77.38
72.08,72.08,30.00,56.32,77.69
70.08,70.08,26.97,56.64,77.74
68.74,68.74,29.31,55.23,78.23
71.78,71.78,26.80,54.72,82.21
76.32,76.32,30.02,54.78,79.17
78.13,78.13,32.23,55.65,77.16
76.47,76.47,31.25,53.54,75.63
77.02,77.02,27.32,53.13,74.41
75.85,75.85,24.48,54.84,76.65
75.50,75.50,26.03,56.99,75.85
78.83,78.83,27.29,53.45,76.52
78.42,78.42,25.54,53.81,75.48
72.83,72.83,24.07,55.30,75.89
70.45,70.45,27.68,57.33,77.29
68.95,68.95,19.31,55.52,77.42
67.40,67.40,20.52,54.62,76.02
71.21,71.21,23.14,55.39,76.76
71.57,71.57,30.28,57.41,75.93
71.93,71.93,26.03,56.01,77.45
74.54,74.54,23.73,55.93,76.64
76.73,76.73,23.27,57.41,77.31
76.07,76.07,21.87,57.85,78.90
68.15,68.15,21.70,56.30,77.48
67.07,67.07,21.22,56.94,78.48
62.66,62.66,22.39,57.32,75.35
68.02,68.02,20.68,57.40,76.63
67.26,67.26,25.90,55.42,77.27
71.30,71.30,35.56,54.54,73.27
71.18,71.18,27.48,55.28,82.90
71.55,71.55,35.64,57.63,81.40
68.59,68.59,34.15,56.84,77.90
71.42,71.42,25.98,56.54,79.81
70.43,70.43,19.92,57.30,76.82
75.32,75.32,16.73,59.02,77.96
83.82,83.82,21.83,57.43,76.56
82.30,82.30,25.26,57.24,76.81
75.43,75.43,26.42,58.11,76.41
83.94,83.94,24.69,58.35,76.06
85.80,85.80,25.98,56.86,75.70
80.17,80.17,24.03,57.94,75.91
86.39,86.39,28.87,60.05,77.67
82.76,82.76,28.10,58.88,76.62
76.08,76.08,25.95,57.13,76.47
82.27,82.27,25.72,57.95,76.67
80.32,80.32,25.28,60.46,75.22
77.36,77.36,25.57,60.17,76.74
79.66,79.66,23.94,59.20,76.21
74.94,74.94,20.82,59.56,74.98
71.95,71.95,17.46,61.22,77.29
69.90,69.90,23.23,60.06,77.78
72.11,72.11,20.07,57.62,80.34
73.96,73.96,24.52,58.38,82.68
77.73,77.73,21.95,61.09,77.41
81.24,81.24,23.09,60.86,76.25
81.75,81.75,20.30,58.44,77.27
79.63,79.63,18.94,58.20,74.34
80.45,80.45,21.32,59.40,76.28
80.36,80.36,19.94,59.83,74.25
81.89,81.89,20.90,58.85,74.13
82.12,82.12,16.36,58.69,75.46
79.06,79.06,15.86,60.00,72.81
73.31,73.31,21.23,59.80,75.69
73.16,73.16,15.12,58.93,75.34
73.84,73.84,17.62,58.60,76.59
76.71,76.71,19.78,60.27,73.28
79.79,79.79,14.06,59.90,75.06
77.56,77.56,18.32,58.80,74.85
71.40,71.40,19.94,58.88,73.89
71.74,71.74,22.31,60.52,75.22
73.20,73.20,19.99,58.56,72.11
76.09,76.09,18.76,58.18,73.36
76.62,76.62,21.60,58.72,74.62
74.91,74.91,18.11,60.78,74.82
74.16,74.16,18.63,59.32,78.53
76.58,76.58,17.13,58.53,79.92
75.69,75.69,17.14,59.86,80.44
75.24,75.24,19.95,61.54,79.37
77.31,77.31,24.48,59.33,78.88
80.43,80.43,26.78,58.63,77.00
80.55,80.55,25.56,59.86,78.21
80.44,80.44,26.40,62.01,77.32
81.36,81.36,23.14,59.97,75.37
81.44,81.44,23.30,59.55,79.40
80.33,80.33,27.24,61.07,77.37
80.58,80.58,21.76,61.91,78.31
82.12,82.12,19.57,59.31,79.75
82.18,82.18,26.34,59.11,77.10
81.64,81.64,24.41,61.00,81.10
80.88,80.88,21.38,62.07,78.13
79.36,79.36,23.09,59.78,76.88
80.04,80.04,23.18,60.12,80.34
79.76,79.76,23.73,62.72,76.72
81.02,81.02,19.89,61.05,76.29
81.96,81.96,14.95,60.30,77.90
82.54,82.54,14.93,60.97,76.74
83.11,83.11,16.84,62.45,77.69
83.20,83.20,20.16,58.88,77.29
80.82,80.82,23.11,58.42,82.35
78.72,78.72,28.96,58.78,78.13
76.45,76.45,23.66,60.44,81.48
77.57,77.57,26.33,58.41,76.32
77.77,77.77,25.20,58.09,76.54
77.94,77.94,24.61,58.47,77.06
78.98,78.98,25.04,61.16,77.52
80.93,80.93,24.07,58.67,74.56
81.06,81.06,29.26,57.71,74.45
77.66,77.66,25.28,58.41,74.54
71.60,71.60,22.27,60.03,74.83
71.00,71.00,21.57,57.66,73.58
73.64,73.64,30.94,57.23,76.68
73.26,73.26,27.38,58.08,74.40
71.49,71.49,25.12,58.95,74.44
71.42,71.42,30.29,57.11,76.83
71.76,71.76,28.16,57.10,75.91
71.42,71.42,28.91,59.18,76.50
71.89,71.89,27.81,59.07,74.15
70.96,70.96,25.63,57.75,76.82
69.10,69.10,20.74,58.08,74.57
64.81,64.81,18.78,59.87,76.60
60.25,60.25,23.33,58.08,76.73
68.72,68.72,18.07,56.19,78.53
69.72,69.72,16.96,56.71,82.83
67.65,67.65,22.14,59.13,80.85
66.98,66.98,25.78,56.58,82.01
69.34,69.34,24.08,55.69,76.97
76.19,76.19,30.30,56.90,77.23
78.77,78.77,33.58,59.66,78.48
80.43,80.43,37.29,58.25,76.36
81.28,81.28,35.69,57.80,80.03
81.88,81.88,31.53,57.59,77.27
80.63,80.63,33.07,59.28,77.29
80.88,80.88,33.20,57.55,79.59
79.48,79.48,31.71,56.82,81.14
80.87,80.87,25.23,56.70,79.30
80.83,80.83,29.72,58.85,74.04
75.47,75.47,25.51,57.93,76.06
78.10,78.10,23.09,56.99,78.38
77.65,77.65,21.55,57.18,75.85
81.47,81.47,24.30,59.65,75.27
80.90,80.90,26.83,58.67,73.21
81.01,81.01,28.03,58.84,76.10
76.96,76.96,31.78,59.56,76.32
74.19,74.19,30.80,60.97,76.96
82.56,82.56,29.72,59.41,81.38
77.99,77.99,25.72,58.83,81.57
78.81,78.81,26.92,58.98,79.50
82.71,82.71,27.32,60.51,77.10
81.90,81.90,28.84,59.21,77.01
79.93,79.93,33.95,58.73,76.81
81.05,81.05,34.37,59.54,76.73
82.21,82.21,28.38,61.66,76.44
78.51,78.51,36.52,59.35,77.37
78.59,78.59,35.04,58.76,75.85
78.14,78.14,30.74,60.11,78.62
82.56,82.56,30.82,61.83,78.96
80.19,80.19,33.25,59.07,77.15
77.86,77.86,31.41,59.78,76.60
75.47,75.47,29.88,61.32,75.01
78.53,78.53,26.99,63.20,73.59
79.43,79.43,30.98,60.77,76.15
77.81,77.81,26.63,60.64,75.04
74.96,74.96,27.46,62.29,77.33
77.04,77.04,25.75,63.91,74.49
81.03,81.03,27.00,61.43,74.31
78.99,78.99,23.80,62.09,75.67
75.21,75.21,29.22,63.95,75.80
81.44,81.44,30.58,64.24,75.95
79.08,79.08,25.25,61.67,78.04
78.11,78.11,20.03,61.16,82.19
75.37,75.37,24.47,61.46,85.00
77.37,77.37,26.55,62.41,82.94
81.44,81.44,27.58,60.72,82.14
74.88,74.88,26.94,61.04,79.26
81.66,81.66,28.45,62.30,79.86
80.90,80.90,28.32,63.05,77.57
80.11,80.11,29.65,61.47,75.78
81.06,81.06,28.84,61.08,77.51
79.32,79.32,25.84,61.74,77.11
80.00,80.00,28.57,63.11,76.13
78.74,78.74,30.52,62.01,78.51
74.19,74.19,27.17,61.66,80.88
73.35,73.35,31.06,62.94,79.84
73.92,73.92,29.96,63.26,78.07
75.83,75.83,27.30,62.37,78.04
72.54,72.54,26.25,62.03,78.03
68.90,68.90,25.26,64.29,76.17
72.13,72.13,20.91,63.52,77.33
72.08,72.08,22.51,62.18,79.47
74.44,74.44,15.37,61.95,79.39
74.26,74.26,18.57,64.32,79.30
78.15,78.15,19.75,61.99,77.95
79.26,79.26,18.99,60.43,85.50
77.68,77.68,21.21,60.86,76.87
73.36,73.36,19.91,63.66,85.77
78.07,78.07,23.90,62.65,80.52
81.87,81.87,23.85,61.74,79.94
78.69,78.69,23.57,61.97,80.39
74.18,74.18,25.04,63.84,79.89
76.38,76.38,27.67,62.40,80.85
78.14,78.14,22.03,61.91,80.63
78.19,78.19,22.35,62.72,81.69
77.50,77.50,27.07,63.20,78.27
74.02,74.02,26.59,61.01,81.06
73.28,73.28,28.98,60.89,80.21
74.22,74.22,24.59,62.49,80.03
76.74,76.74,22.60,63.05,77.35
78.76,78.76,27.25,61.61,78.19
80.33,80.33,29.09,61.36,79.53
77.86,77.86,29.92,62.77,76.81
76.41,76.41,27.66,62.34,77.58
82.36,82.36,27.98,61.34,79.01
83.40,83.40,28.62,61.20,74.99
78.01,78.01,24.71,63.12,79.61
75.01,75.01,25.18,61.85,77.36
80.94,80.94,23.98,60.18,77.23
79.53,79.53,20.96,60.35,79.11
76.09,76.09,16.94,62.75,81.07
73.41,73.41,19.17,61.22,80.73
75.32,75.32,21.64,60.25,78.04
79.23,79.23,22.73,60.15,79.41
78.27,78.27,22.46,62.24,77.89
79.95,79.95,23.52,60.36,78.60
79.01,79.01,24.11,60.01,78.59
78.59,78.59,23.82,60.56,78.24
76.24,76.24,27.04,61.59,77.18
75.23,75.23,27.96,59.53,79.34
73.05,73.05,21.87,59.77,81.32
81.21,81.21,26.50,60.76,84.75
81.18,81.18,26.18,59.34,82.38
80.98,80.98,25.22,57.22,82.16
80.77,80.77,25.02,59.03,80.40
83.97,83.97,26.27,60.85,80.47
80.34,80.34,26.07,58.79,82.92
81.46,81.46,27.37,57.62,83.13
83.62,83.62,25.90,58.04,80.52
82.77,82.77,24.50,60.41,78.49
76.92,76.92,24.96,58.68,78.65
73.49,73.49,22.51,56.93,83.34
70.96,70.96,21.90,57.22,84.05
79.62,79.62,22.38,59.12,82.21
84.96,84.96,20.78,58.03,83.43
81.62,81.62,22.38,57.36,80.30
78.63,78.63,22.41,58.59,82.07
79.12,79.12,26.01,60.50,79.08
73.94,73.94,26.05,59.15,80.55
74.61,74.61,27.07,59.32,81.65
76.77,76.77,23.38,59.56,81.24
75.03,75.03,27.19,60.84,77.96
77.53,77.53,27.95,59.50,78.99
76.02,76.02,31.43,58.69,79.32
77.87,77.87,31.34,58.18,81.64
73.45,73.45,28.93,59.23,78.87
80.48,80.48,25.54,57.64,83.59
81.27,81.27,28.15,57.95,79.49
78.30,78.30,26.90,59.06,79.16
82.19,82.19,25.59,60.87,77.65
83.86,83.86,24.45,59.04,78.45
83.52,83.52,23.26,59.12,77.86
82.51,82.51,20.69,59.47,77.48
80.79,80.79,20.71,61.29,79.97
78.19,78.19,24.47,60.10,79.83
80.36,80.36,22.46,59.62,81.69
82.40,82.40,16.75,60.33,82.01
80.61,80.61,16.54,62.22,81.06
78.29,78.29,20.61,60.75,82.70
78.70,78.70,21.28,60.26,81.13
78.04,78.04,25.60,61.13,79.03
82.91,82.91,20.23,63.44,79.65
81.67,81.67,28.36,61.39,79.28
82.42,82.42,22.47,61.35,77.71
79.28,79.28,27.26,62.27,76.48
80.43,80.43,28.25,63.73,78.58
77.34,77.34,27.55,60.84,83.30
77.22,77.22,28.85,59.66,85.75
78.86,78.86,36.18,61.28,84.24
82.12,82.12,27.46,62.64,82.84
81.23,81.23,20.34,59.55,80.68
77.59,77.59,18.70,59.72,82.00
75.74,75.74,16.86,61.64,81.95
79.61,79.61,14.95,62.79,82.44
81.91,81.91,13.97,61.08,82.86
79.90,79.90,16.41,61.97,82.32
79.51,79.51,13.72,62.92,81.34
78.00,78.00,18.59,62.77,82.75
79.56,79.56,24.61,61.32,81.92
80.63,80.63,25.00,60.86,88.16
78.22,78.22,26.95,61.98,82.72
75.81,75.81,27.01,62.55,85.30
76.93,76.93,25.58,61.59,86.45
78.55,78.55,23.86,62.79,82.49
77.02,77.02,14.66,64.25,81.89
78.24,78.24,14.46,63.88,83.83
78.35,78.35,19.15,61.82,81.15
78.70,78.70,24.66,61.84,82.38
78.45,78.45,36.47,63.37,82.67
79.77,79.77,44.86,62.67,81.59
80.20,80.20,43.51,61.00,77.64
80.14,80.14,49.00,60.37,75.49
80.20,80.20,52.25,62.13,80.24
80.62,80.62,48.53,61.98,78.20
81.92,81.92,48.52,59.77,75.71
82.16,82.16,47.64,59.72,75.77
81.36,81.36,48.05,61.20,76.76
81.13,81.13,47.72,59.50,78.28
80.36,80.36,42.20,56.82,70.83
78.94,78.94,42.57,55.82,75.80
79.20,79.20,30.93,54.36,73.48
79.42,79.42,19.33,46.32,77.64
78.72,78.72,20.56,40.56,82.76
74.49,74.49,22.19,43.93,82.60
75.40,75.40,17.24,42.64,77.63
77.78,77.78,16.76,51.74,77.61
75.35,75.35,18.62,51.03,75.19
73.84,73.84,18.54,46.33,75.39
74.06,74.06,17.78,45.38,77.58
73.41,73.41,17.69,48.89,76.26
73.74,73.74,16.03,51.20,75.34
75.22,75.22,17.94,49.02,76.41
75.96,75.96,13.13,46.90,74.78
78.64,78.64,9.51,46.10,74.72
78.75,78.75,11.81,47.33,76.22
76.94,76.94,13.09,49.06,74.09
77.20,77.20,10.30,47.66,74.49
74.56,74.56,17.24,47.63,75.74
75.32,75.32,18.59,50.19,78.32
71.13,71.13,11.99,50.59,77.50
72.64,72.64,9.51,45.39,74.85
73.17,73.17,11.42,47.92,77.85
67.58,67.58,17.19,48.77,77.52
67.34,67.34,16.89,49.07,78.27
67.66,67.66,16.35,48.76,78.89
69.30,69.30,16.96,47.19,75.05
62.87,62.87,18.06,45.24,81.19
60.69,60.69,22.65,44.44,81.11
61.32,61.32,32.94,45.50,80.40
68.36,68.36,40.50,45.99,81.02
74.12,74.12,45.72,45.41,80.95
75.65,75.65,42.62,43.45,80.34
77.71,77.71,52.99,41.17,77.75
77.04,77.04,48.28,39.86,78.92
76.58,76.58,44.10,42.03,78.91
76.78,76.78,44.21,40.48,76.69
76.96,76.96,47.10,35.87,78.35
75.54,75.54,40.56,37.14,80.75
74.37,74.37,40.11,34.93,80.05
71.99,71.99,37.25,28.90,81.16
70.19,70.19,31.07,33.31,80.92
67.88,67.88,30.61,42.34,79.18
67.04,67.04,22.23,43.13,78.02
69.41,69.41,17.88,43.70,79.56
69.91,69.91,14.79,45.69,75.64
75.89,75.89,11.77,44.92,73.66
79.54,79.54,18.93,48.49,74.86
77.76,77.76,22.91,41.34,73.55
73.54,73.54,17.91,40.28,71.20
72.68,72.68,13.80,38.88,76.84
76.74,76.74,15.24,39.41,78.99
79.69,79.69,2.45,43.98,80.39
81.58,81.58,3.10,49.54,76.04
80.64,80.64,6.65,50.56,75.49
73.74,73.74,14.17,46.01,75.41
67.93,67.93,18.21,48.27,77.55
62.98,62.98,24.77,49.22,77.75
64.27,64.27,27.41,49.95,75.73
68.23,68.23,32.70,50.69,73.97
70.26,70.26,29.46,48.42,75.34
71.45,71.45,39.26,49.49,75.12
71.98,71.98,37.24,49.93,74.82
74.16,74.16,42.30,48.08,77.06
75.77,75.77,46.30,50.10,75.64
77.74,77.74,40.98,51.23,71.47
77.58,77.58,43.09,50.32,76.46
77.53,77.53,46.87,49.63,75.36
77.52,77.52,49.95,51.52,71.32
75.22,75.22,41.79,51.49,74.40
73.87,73.87,40.97,50.84,72.29
70.36,70.36,36.14,49.49,72.60
67.52,67.52,27.81,47.79,72.49
73.46,73.46,21.25,53.24,71.73
80.08,80.08,23.78,51.03,73.00
81.98,81.98,18.77,45.85,75.42
79.48,79.48,10.93,48.50,73.11
80.50,80.50,14.18,47.94,73.25
78.21,78.21,18.64,47.59,73.60
74.91,74.91,17.71,47.32,71.69
74.84,74.84,20.20,44.08,70.54
76.30,76.30,18.76,43.31,71.79
70.86,70.86,16.95,42.15,70.93
75.15,75.15,23.22,41.60,71.37
78.13,78.13,27.68,37.27,75.48
79.52,79.52,21.51,35.51,81.81
77.28,77.28,27.47,35.95,74.58
78.43,78.43,23.26,39.65,80.57
72.25,72.25,21.89,36.15,82.10
71.07,71.07,20.81,33.41,74.73
71.81,71.81,19.04,30.61,77.77
75.06,75.06,23.95,34.62,82.68
79.63,79.63,32.14,40.73,76.78
78.57,78.57,32.92,40.41,73.20
76.14,76.14,34.53,37.80,78.85
80.19,80.19,37.07,44.34,76.28
80.40,80.40,27.71,41.11,69.48
76.58,76.58,18.93,51.82,74.56
75.86,75.86,23.29,56.19,76.11
78.00,78.00,30.43,53.03,75.84
81.47,81.47,31.68,52.81,72.64
81.15,81.15,28.97,56.46,74.54
74.40,74.40,21.32,56.74,72.81
75.02,75.02,25.11,55.24,73.51
80.22,80.22,27.45,56.54,72.71
75.77,75.77,22.97,57.18,74.73
71.28,71.28,21.31,56.47,72.73
74.33,74.33,23.43,56.98,71.59
74.47,74.47,22.81,56.54,75.17
74.88,74.88,25.95,56.59,74.15
75.05,75.05,23.04,58.05,76.59
80.74,80.74,28.81,55.97,74.54
79.47,79.47,21.89,54.92,74.65
74.76,74.76,27.45,54.55,74.98
73.25,73.25,29.15,54.46,73.44
75.97,75.97,31.70,56.34,73.15
73.78,73.78,34.39,57.15,71.71
73.68,73.68,34.79,56.45,75.73
68.85,68.85,36.16,58.15,71.63
69.69,69.69,36.46,57.78,72.35
70.54,70.54,29.28,54.65,74.04
73.75,73.75,33.07,55.58,76.13
75.63,75.63,36.91,58.67,72.92
76.60,76.60,21.89,60.57,77.72
77.95,77.95,24.07,62.33,75.32
78.22,78.22,38.05,61.10,78.78
78.20,78.20,32.97,60.42,72.42
77.82,77.82,36.82,61.53,75.59
77.78,77.78,32.39,60.68,73.44
76.61,76.61,30.64,60.52,73.95
72.82,72.82,22.46,60.30,73.09
71.42,71.42,24.52,58.29,73.04
72.37,72.37,30.62,57.83,75.45
69.93,69.93,30.29,57.56,75.14
65.48,65.48,29.33,56.95,76.09
70.17,70.17,28.06,57.88,74.97
77.27,77.27,32.43,58.05,73.27
78.72,78.72,36.31,56.32,74.90
79.15,79.15,39.39,53.63,75.04
76.69,76.69,39.22,45.56,72.42
72.73,72.73,41.74,37.43,74.73
69.67,69.67,41.57,28.59,75.13
71.67,71.67,35.27,34.48,71.46
75.70,75.70,32.45,48.13,71.70
77.58,77.58,27.15,51.74,74.12
78.88,78.88,21.64,50.05,77.66
75.30,75.30,23.79,42.04,75.78
75.09,75.09,27.24,43.40,77.11
80.65,80.65,27.30,46.02,74.32
82.73,82.73,26.46,45.61,76.11
80.79,80.79,22.20,42.92,77.20
74.16,74.16,26.42,41.97,75.19
72.30,72.30,27.44,39.56,77.03
73.86,73.86,28.14,37.24,75.19
70.29,70.29,24.50,35.76,73.55
68.31,68.31,21.62,36.80,77.22
73.10,73.10,22.18,36.91,78.46
78.34,78.34,27.18,36.42,77.66
79.58,79.58,27.60,39.03,77.58
78.88,78.88,29.54,36.85,75.54
76.53,76.53,32.43,32.50,77.30
76.19,76.19,30.90,29.89,77.67
76.88,76.88,31.02,33.76,76.00
76.07,76.07,29.91,33.95,75.74
77.32,77.32,32.23,35.48,75.00
77.27,77.27,30.50,34.58,73.50
76.45,76.45,32.01,35.09,78.08
76.35,76.35,25.94,40.16,80.13
75.31,75.31,25.67,39.51,77.06
76.29,76.29,22.45,39.87,79.01
77.63,77.63,16.20,41.80,79.45
80.34,80.34,17.48,43.10,75.88
80.96,80.96,24.56,44.13,75.56
80.57,80.57,22.23,43.17,76.35
79.91,79.91,22.85,42.69,73.94
79.60,79.60,29.40,43.80,74.79
76.79,76.79,27.19,40.47,74.08
79.96,79.96,25.09,38.79,74.95
79.00,79.00,21.01,37.33,76.93
79.90,79.90,16.43,37.14,76.03
78.02,78.02,21.00,43.72,74.73
75.61,75.61,17.45,46.18,74.60
75.00,75.00,22.02,40.29,78.19
67.39,67.39,26.25,35.66,75.46
67.73,67.73,25.85,38.21,75.60
74.23,74.23,31.89,37.27,75.41
71.85,71.85,31.73,40.25,71.65
75.64,75.64,27.87,39.87,67.32
72.43,72.43,28.83,45.07,69.10
73.56,73.56,27.23,45.30,72.10
75.06,75.06,16.51,49.76,73.26
75.06,75.06,21.55,40.99,72.14
78.04,78.04,27.90,39.39,81.30
77.73,77.73,25.86,37.56,82.69
75.13,75.13,12.85,37.37,81.11
72.29,72.29,17.09,36.50,78.46
78.43,78.43,27.40,37.10,78.11
80.92,80.92,25.99,36.34,77.16
83.25,83.25,30.70,29.74,77.29
84.82,84.82,26.12,32.81,76.03
85.24,85.24,25.35,33.96,75.11
84.48,84.48,24.38,34.77,75.54
83.96,83.96,28.64,34.38,75.05
82.49,82.49,20.51,36.40,73.23
81.61,81.61,26.29,35.78,73.43
84.34,84.34,30.38,35.11,73.98
84.67,84.67,30.53,36.92,73.50
84.42,84.42,25.32,34.69,73.02
83.44,83.44,25.43,30.67,72.61
82.90,82.90,24.91,39.50,72.62
81.90,81.90,30.14,43.64,72.91
79.56,79.56,21.93,43.69,72.64
76.89,76.89,19.88,40.44,72.77
84.03,84.03,26.68,38.73,73.28
84.09,84.09,27.00,39.35,74.37
79.10,79.10,17.42,34.13,72.23
68.46,68.46,14.44,39.84,73.16
70.07,70.07,9.73,41.80,72.51
73.69,73.69,10.52,37.55,73.01
74.74,74.74,21.43,42.23,73.06
74.03,74.03,31.34,43.10,71.31
76.44,76.44,39.89,41.82,69.83
78.36,78.36,45.24,39.58,71.06
80.28,80.28,44.93,42.15,72.08
78.26,78.26,42.01,44.52,75.99
76.22,76.22,41.23,43.46,70.79
79.50,79.50,34.16,43.51,76.80
74.18,74.18,30.32,40.22,69.28
74.67,74.67,31.96,41.44,72.82
76.21,76.21,22.47,44.60,67.87
77.21,77.21,26.99,45.84,71.16
75.13,75.13,25.34,45.42,70.90
79.76,79.76,18.52,43.99,67.18
83.59,83.59,11.22,45.89,65.23
80.16,80.16,19.40,42.79,63.91
78.65,78.65,20.37,40.06,63.96
75.04,75.04,20.91,44.61,73.23
77.49,77.49,25.42,52.22,67.45
77.15,77.15,29.46,54.82,66.71
79.22,79.22,32.92,52.33,68.85
75.84,75.84,28.82,47.55,69.40
78.23,78.23,32.67,48.46,62.96
80.60,80.60,26.24,55.79,56.42
79.92,79.92,26.00,59.16,60.54
79.09,79.09,29.60,59.87,60.34
79.81,79.81,34.07,59.28,62.81
80.86,80.86,32.67,57.53,65.75
78.54,78.54,34.01,56.39,73.84
74.43,74.43,31.45,56.76,81.50
76.74,76.74,31.55,57.87,77.35
78.53,78.53,33.49,58.51,71.88
77.74,77.74,32.49,57.21,73.13
78.95,78.95,23.92,55.75,71.94
81.87,81.87,33.96,54.46,67.00
82.94,82.94,31.95,54.63,70.53
80.57,80.57,29.41,54.29,68.62
74.00,74.00,29.07,54.41,67.71
74.34,74.34,25.89,54.19,67.61
73.03,73.03,22.66,53.53,68.80
81.42,81.42,18.56,49.89,73.89
74.11,74.11,17.60,49.83,75.44
79.65,79.65,26.51,50.08,78.72
78.10,78.10,22.24,47.05,77.13
76.49,76.49,25.06,47.86,73.48
78.75,78.75,27.40,52.15,70.60
75.45,75.45,28.36,51.60,72.84
72.93,72.93,33.30,50.00,71.30
80.74,80.74,36.49,47.39,71.35
81.04,81.04,31.89,45.08,69.16
77.97,77.97,21.49,44.71,72.32
75.67,75.67,23.91,36.20,76.48
70.19,70.19,23.06,30.15,73.68
71.98,71.98,27.31,36.62,74.69
72.12,72.12,26.31,42.85,74.67
73.30,73.30,35.34,41.86,76.59
76.49,76.49,32.17,40.33,74.37
79.31,79.31,22.39,38.72,67.98
80.61,80.61,14.68,40.40,72.87
80.66,80.66,20.54,34.87,72.59
82.66,82.66,18.44,40.32,69.27
82.90,82.90,21.65,38.32,68.04
83.18,83.18,24.40,39.52,73.30
78.63,78.63,21.15,46.40,70.01
82.64,82.64,15.48,52.15,73.59
81.56,81.56,19.45,57.23,77.69
81.49,81.49,21.50,59.81,75.38
81.67,81.67,20.28,61.84,70.83
79.48,79.48,27.43,61.97,68.67
85.16,85.16,19.92,60.93,67.56
84.91,84.91,22.89,60.32,67.66
77.33,77.33,28.07,60.16,69.93
77.59,77.59,27.36,60.90,67.72
80.42,80.42,33.65,59.70,70.76
78.78,78.78,26.99,55.93,72.76
80.26,80.26,32.01,53.51,75.94
76.97,76.97,24.51,51.85,73.60
75.82,75.82,22.09,53.62,79.46
79.48,79.48,27.65,52.84,79.60
77.61,77.61,31.93,49.20,75.95
77.54,77.54,29.97,48.93,77.73
73.18,73.18,32.71,48.37,77.01
78.77,78.77,34.12,50.84,74.80
77.69,77.69,31.26,50.96,75.16
75.38,75.38,33.46,50.04,77.13
73.31,73.31,28.54,49.43,74.90
72.84,72.84,24.97,50.27,73.82
75.60,75.60,21.79,52.78,76.76
79.78,79.78,17.86,52.68,77.91
76.98,76.98,18.63,50.30,78.91
70.49,70.49,14.77,46.40,81.49
68.14,68.14,12.33,45.92,81.60
64.30,64.30,14.74,50.15,78.96
64.07,64.07,14.06,51.13,80.02
58.22,58.22,15.48,48.45,78.39
60.21,60.21,15.76,47.30,76.91
59.76,59.76,17.63,48.43,77.96
54.65,54.65,12.44,48.34,76.58
57.49,57.49,10.90,44.54,75.55
69.10,69.10,11.02,42.40,80.24
79.44,79.44,13.19,34.08,77.67
83.60,83.60,12.07,32.29,77.34
79.62,79.62,20.57,39.84,75.53
76.41,76.41,19.23,44.20,74.86
74.66,74.66,19.96,43.61,74.90
75.05,75.05,21.85,37.03,72.52
70.13,70.13,15.58,38.80,75.37
69.96,69.96,21.97,31.42,74.91
73.41,73.41,19.59,36.75,73.13
71.51,71.51,21.10,53.52,75.76
69.93,69.93,15.30,52.15,78.00
69.03,69.03,19.62,52.08,78.93
70.22,70.22,22.39,52.88,84.49
72.00,72.00,15.48,48.56,84.85
72.75,72.75,16.36,44.48,83.88
74.94,74.94,16.93,46.65,83.32
71.78,71.78,18.26,42.05,83.12
72.47,72.47,21.77,40.85,82.15
73.52,73.52,21.67,40.12,80.51
70.96,70.96,24.25,38.28,78.04
71.87,71.87,21.47,35.38,76.87
70.64,70.64,13.93,43.47,82.12
69.04,69.04,17.68,38.00,79.81
65.24,65.24,17.79,40.98,81.84
64.97,64.97,22.01,38.71,79.58
66.19,66.19,21.72,41.86,78.44
67.85,67.85,19.94,38.33,78.41
73.73,73.73,22.10,36.60,79.10
74.08,74.08,17.28,35.35,77.06
74.39,74.39,19.85,40.49,76.98
68.14,68.14,18.44,43.03,76.65
72.65,72.65,15.52,43.89,73.50
70.13,70.13,15.29,45.24,76.92
66.11,66.11,13.87,46.54,74.22
68.99,68.99,12.69,42.27,79.30
71.22,71.22,15.87,36.17,75.64
70.11,70.11,20.10,43.19,79.42
66.69,66.69,17.58,48.37,78.99
66.47,66.47,16.59,47.74,80.00
62.30,62.30,20.03,46.17,79.66
63.29,63.29,22.74,47.45,77.61
54.57,54.57,21.83,49.93,79.13
60.28,60.28,18.56,49.66,78.84
65.91,65.91,18.68,49.74,74.86
71.57,71.57,23.29,51.11,75.20
73.23,73.23,31.43,53.05,78.36
74.31,74.31,32.69,49.01,81.42
73.72,73.72,27.42,47.00,77.27
73.41,73.41,34.37,44.19,76.89
72.98,72.98,29.89,49.24,80.96
72.22,72.22,32.90,53.43,76.14
71.23,71.23,19.26,52.45,75.54
68.15,68.15,22.32,50.17,77.38
66.30,66.30,14.66,47.26,74.46
63.93,63.93,14.89,43.53,70.80
64.27,64.27,15.48,43.21,71.97
68.84,68.84,12.90,47.53,75.45
66.99,66.99,14.93,52.98,76.48
69.61,69.61,25.82,56.96,77.83
78.22,78.22,27.82,52.69,71.68
79.69,79.69,25.79,46.97,76.18
83.19,83.19,15.84,34.49,78.56
81.78,81.78,14.18,43.71,76.22
82.64,82.64,15.90,44.65,72.78
82.83,82.83,19.13,42.29,71.74
79.63,79.63,17.59,38.65,74.20
84.17,84.17,16.94,40.29,72.16
82.24,82.24,18.83,48.28,74.28
80.44,80.44,18.20,42.94,72.17
82.71,82.71,19.28,45.08,77.29
79.57,79.57,18.30,44.19,74.42
78.25,78.25,24.25,34.85,75.00
81.21,81.21,31.85,42.53,78.08
81.94,81.94,34.60,41.42,74.90
83.43,83.43,36.28,43.10,73.25
80.70,80.70,36.79,38.13,75.97
76.54,76.54,37.05,39.97,74.55
84.66,84.66,36.06,45.77,72.61
76.87,76.87,36.13,45.51,75.72
74.08,74.08,34.88,46.14,74.84
74.56,74.56,33.85,47.63,73.26
73.47,73.47,25.48,43.67,75.62
70.94,70.94,17.07,42.35,78.82
69.26,69.26,25.43,43.45,77.16
70.79,70.79,42.25,44.39,78.63
73.33,73.33,49.25,45.24,79.19
76.41,76.41,56.14,44.81,76.65
77.45,77.45,60.94,46.86,76.36
77.18,77.18,59.67,44.73,75.92
77.45,77.45,56.61,44.20,76.15
77.74,77.74,52.78,44.71,73.19
76.12,76.12,49.14,43.29,73.16
76.17,76.17,47.51,41.68,79.50
73.82,73.82,46.10,34.50,80.99
71.47,71.47,38.88,39.00,81.64
73.17,73.17,31.25,32.97,82.63
74.32,74.32,30.22,35.89,79.14
77.31,77.31,27.88,41.73,81.03
82.44,82.44,30.21,46.70,81.84
83.39,83.39,32.65,49.48,78.78
84.65,84.65,29.97,48.78,75.36
85.21,85.21,27.10,48.64,77.71
85.02,85.02,23.66,44.01,74.30
83.51,83.51,26.48,34.50,67.88
81.22,81.22,28.80,35.72,72.88
81.05,81.05,26.76,46.53,77.75
82.04,82.04,23.11,46.78,80.98
83.09,83.09,25.02,49.40,81.00
82.21,82.21,27.89,55.13,79.64
79.25,79.25,23.76,58.60,76.83
76.61,76.61,17.17,59.12,76.64
79.39,79.39,15.43,55.15,78.08
74.15,74.15,19.83,47.66,76.31
76.46,76.46,19.66,50.78,72.87
74.11,74.11,16.69,50.67,74.45
71.49,71.49,19.47,45.43,73.54
78.10,78.10,21.82,49.75,75.63
80.46,80.46,25.72,46.39,74.23
82.50,82.50,28.36,44.83,74.20
81.59,81.59,31.26,41.80,78.54
78.97,78.97,31.66,39.62,74.78
77.82,77.82,34.85,44.52,75.27
73.85,73.85,37.98,45.71,78.48
74.57,74.57,43.69,44.82,75.01
72.62,72.62,42.88,45.60,75.27
71.52,71.52,41.40,50.11,76.60
67.66,67.66,36.36,54.48,73.56
78.79,78.79,26.16,50.16,76.98
82.17,82.17,23.91,38.41,74.99
81.22,81.22,25.49,39.13,79.14
78.97,78.97,26.06,46.97,80.33
82.95,82.95,26.71,48.49,80.99
84.71,84.71,26.41,49.67,79.42
85.50,85.50,28.23,42.66,76.87
82.32,82.32,30.62,42.23,78.48
77.54,77.54,29.93,41.18,78.55
77.39,77.39,28.29,39.74,75.91
74.01,74.01,26.66,45.50,77.04
72.85,72.85,23.35,44.77,75.49
70.40,70.40,20.97,43.66,75.01
72.89,72.89,24.56,44.98,77.33
77.23,77.23,22.51,43.44,74.82
75.61,75.61,17.52,45.98,76.29
75.19,75.19,16.76,42.99,73.44
76.15,76.15,16.61,43.47,76.82
77.90,77.90,12.79,47.06,77.35
77.98,77.98,14.52,47.57,71.46
76.63,76.63,32.30,48.88,75.07
75.86,75.86,34.08,46.56,74.15
70.64,70.64,31.18,52.35,72.99
70.76,70.76,15.10,40.82,72.49
73.64,73.64,17.46,57.87,74.10
74.11,74.11,18.14,62.45,75.47
76.93,76.93,23.16,59.41,79.49
75.91,75.91,19.55,54.71,79.17
77.61,77.61,20.19,49.72,76.81
79.92,79.92,25.00,49.19,77.69
74.44,74.44,14.68,48.92,74.71
75.31,75.31,16.31,47.07,78.67
77.62,77.62,19.37,44.04,78.03
73.78,73.78,20.46,44.51,77.14
70.61,70.61,24.51,45.09,78.77
71.32,71.32,18.66,46.81,77.01
75.47,75.47,16.97,46.41,79.08
77.57,77.57,23.59,43.72,78.27
74.77,74.77,22.60,41.53,82.09
72.19,72.19,20.96,44.04,80.22
72.58,72.58,19.44,45.65,78.23
63.88,63.88,22.11,43.87,76.26
63.84,63.84,23.51,43.62,79.84
62.81,62.81,19.19,45.77,76.77
61.55,61.55,17.35,45.65,77.68
61.14,61.14,25.30,46.37,77.51
60.68,60.68,19.97,47.65,78.06
61.53,61.53,22.38,44.95,77.60
61.24,61.24,19.05,46.26,80.20
66.88,66.88,12.26,45.36,80.11
79.82,79.82,7.90,45.95,82.12
80.72,80.72,4.13,48.58,76.33
80.42,80.42,8.45,49.31,81.94
77.61,77.61,13.23,48.14,77.47
76.59,76.59,13.11,49.82,78.66
79.48,79.48,12.15,50.91,78.46
78.57,78.57,14.44,50.46,78.57
80.87,80.87,14.68,50.25,76.22
82.74,82.74,13.10,48.93,75.23
82.29,82.29,13.89,47.93,78.36
72.49,72.49,18.84,48.45,77.45
80.00,80.00,18.94,46.80,76.60
77.00,77.00,15.38,47.04,74.98
80.75,80.75,22.21,48.19,78.43
77.89,77.89,23.24,45.44,74.52
74.75,74.75,26.39,43.02,74.34
80.10,80.10,28.04,43.45,75.53
84.42,84.42,25.70,39.50,72.92
82.94,82.94,27.90,41.43,68.54
79.57,79.57,28.76,46.04,67.25
74.12,74.12,26.52,47.67,68.05
72.79,72.79,20.45,48.70,65.14
71.53,71.53,16.67,60.47,71.97
76.12,76.12,25.76,60.84,80.10
74.67,74.67,34.98,52.98,77.55
75.73,75.73,43.46,49.07,77.99
77.94,77.94,44.17,48.70,75.40
77.47,77.47,47.54,46.84,79.15
78.05,78.05,45.84,45.85,77.75
77.18,77.18,39.38,47.32,76.43
76.54,76.54,36.57,48.85,75.87
73.51,73.51,38.92,49.14,75.60
68.32,68.32,30.38,48.94,76.65
61.92,61.92,22.99,47.36,76.83
61.96,61.96,21.29,48.49,75.64
70.83,70.83,25.97,49.01,75.88
79.94,79.94,24.80,46.82,74.89
83.30,83.30,26.13,47.05,74.75
84.80,84.80,30.02,47.96,77.05
82.17,82.17,33.94,48.07,73.83
81.07,81.07,38.49,48.69,72.95
83.31,83.31,37.70,47.84,73.38
82.70,82.70,35.54,47.10,72.75
80.61,80.61,23.79,51.29,75.11
81.34,81.34,13.76,51.80,75.72
82.68,82.68,10.29,49.86,74.12
79.67,79.67,5.14,46.23,78.83
79.54,79.54,6.39,47.89,76.76
78.44,78.44,10.88,50.59,71.51
80.67,80.67,18.65,52.95,78.57
83.56,83.56,20.42,50.71,75.07
82.93,82.93,21.75,48.55,74.43
78.40,78.40,19.74,49.31,75.34
77.82,77.82,21.12,48.61,75.07
76.53,76.53,24.50,51.00,74.28
71.98,71.98,20.51,50.52,73.72
76.66,76.66,15.14,48.23,78.33
70.69,70.69,18.52,48.66,74.51
67.27,67.27,12.49,51.56,80.41
63.72,63.72,15.56,48.46,78.17
63.07,63.07,18.62,46.78,75.90
60.99,60.99,21.73,46.75,70.89
61.39,61.39,21.93,46.21,80.44
63.78,63.78,26.76,46.40,75.05
61.21,61.21,28.47,45.38,73.19
61.46,61.46,30.16,44.26,80.30
62.06,62.06,33.96,45.42,74.79
61.71,61.71,39.80,45.89,70.86
60.95,60.95,23.99,48.59,75.61
59.77,59.77,22.00,47.15,80.52
63.33,63.33,22.93,42.00,83.64
65.98,65.98,17.54,40.04,84.99
69.16,69.16,19.19,39.08,84.57
80.32,80.32,29.30,35.84,81.28
81.72,81.72,27.68,31.08,80.04
81.49,81.49,20.65,35.90,80.21
82.76,82.76,21.94,33.14,80.70
82.76,82.76,23.83,34.34,79.85
80.95,80.95,28.23,35.21,80.10
79.70,79.70,26.88,34.34,80.12
80.15,80.15,30.44,28.72,81.21
78.40,78.40,27.95,28.30,78.81
80.71,80.71,24.46,30.21,78.28
77.43,77.43,25.74,28.18,79.18
78.81,78.81,23.21,29.20,78.73
79.20,79.20,23.90,33.00,78.18
82.08,82.08,21.47,29.10,78.02
79.75,79.75,23.19,27.79,77.04
76.88,76.88,23.09,35.82,77.45
74.41,74.41,24.83,31.71,76.58
73.69,73.69,27.45,30.76,76.97
68.62,68.62,25.11,37.63,74.42
70.12,70.12,26.33,35.21,74.45
72.29,72.29,24.47,33.92,76.01
71.37,71.37,24.76,36.45,75.38
75.02,75.02,24.49,40.20,74.15
78.32,78.32,24.66,40.36,73.28
79.31,79.31,31.29,37.88,74.19
76.51,76.51,33.23,37.80,73.06
74.92,74.92,39.78,40.45,73.74
76.82,76.82,34.86,40.61,74.28
77.53,77.53,27.92,40.68,72.50
74.33,74.33,25.57,38.45,73.13
77.23,77.23,27.51,40.33,80.24
77.41,77.41,23.79,41.38,78.63
78.44,78.44,28.13,39.76,76.56
76.26,76.26,14.36,38.63,77.81
72.57,72.57,23.36,41.53,78.78
75.53,75.53,26.17,47.33,75.30
75.65,75.65,25.81,49.23,75.83
78.50,78.50,19.53,50.87,80.24
79.70,79.70,20.05,50.52,74.98
80.29,80.29,22.90,47.75,69.98
77.61,77.61,17.13,50.59,79.09
73.49,73.49,8.88,52.21,80.06
73.77,73.77,5.46,49.04,80.05
72.70,72.70,9.53,40.26,77.28
66.50,66.50,17.89,37.81,78.38
60.95,60.95,22.71,41.32,75.54
56.61,56.61,20.92,44.47,75.37
56.15,56.15,17.01,47.17,72.39
60.37,60.37,20.79,44.87,75.53
67.90,67.90,32.80,44.77,78.24
70.64,70.64,33.25,47.19,75.63
74.72,74.72,41.73,50.34,74.77
76.18,76.18,38.51,49.78,80.41
77.45,77.45,42.60,43.79,82.06
76.48,76.48,43.96,42.43,78.14
77.44,77.44,44.97,41.92,79.68
76.82,76.82,40.59,44.81,82.48
73.94,73.94,34.46,45.13,75.87
71.52,71.52,26.09,42.73,78.87
73.92,73.92,28.53,40.77,80.23
77.04,77.04,26.00,43.75,78.37
77.70,77.70,25.34,44.91,76.96
73.64,73.64,26.36,43.39,77.64
70.49,70.49,22.99,43.20,80.17
73.80,73.80,16.94,40.05,80.17
73.30,73.30,13.91,40.79,76.18
71.62,71.62,9.06,46.98,74.31
78.69,78.69,13.14,50.95,76.93
79.69,79.69,17.70,48.64,76.37
74.91,74.91,21.31,44.91,76.18
70.69,70.69,20.96,43.49,75.67
71.00,71.00,18.04,43.34,75.41
72.53,72.53,16.77,43.33,72.68
71.44,71.44,12.55,38.15,74.00
71.05,71.05,13.80,43.82,75.96
82.12,82.12,10.11,45.77,72.39
84.77,84.77,9.27,45.31,77.37
84.62,84.62,16.97,47.19,78.20
80.39,80.39,32.08,46.19,77.76
76.74,76.74,37.93,46.16,80.33
77.43,77.43,38.56,39.67,79.98
77.17,77.17,42.27,43.68,77.87
77.51,77.51,44.95,47.68,80.18
77.38,77.38,42.19,49.32,79.38
77.37,77.37,45.79,51.31,78.26
76.54,76.54,42.36,50.88,78.86
73.15,73.15,32.21,53.00,80.28
70.59,70.59,33.84,54.75,78.24
64.96,64.96,21.67,49.60,75.79
61.73,61.73,26.16,34.98,84.65
63.05,63.05,31.48,36.99,84.33
69.19,69.19,37.23,40.19,80.97
69.25,69.25,38.70,47.96,78.39
68.99,68.99,30.08,47.73,79.72
70.29,70.29,29.06,37.41,80.27
71.07,71.07,32.22,35.71,79.18
74.90,74.90,31.40,41.19,78.51
77.51,77.51,31.43,39.09,77.81
80.19,80.19,34.89,41.31,79.22
80.99,80.99,32.46,39.95,79.85
80.20,80.20,25.84,37.12,77.81
78.19,78.19,23.74,39.73,76.47
77.29,77.29,29.30,33.57,78.11
75.60,75.60,33.04,39.36,80.15
74.06,74.06,37.72,38.93,75.90
77.35,77.35,32.54,41.67,76.08
71.26,71.26,27.82,42.93,78.76
72.07,72.07,25.09,42.45,75.95
75.49,75.49,27.76,40.28,75.86
78.92,78.92,31.02,37.42,78.59
78.65,78.65,27.84,38.40,75.46
77.66,77.66,24.08,40.92,77.41
76.95,76.95,25.08,38.65,81.21
75.20,75.20,28.50,31.88,82.00
76.01,76.01,33.50,41.41,81.54
76.55,76.55,31.30,46.78,79.43
75.11,75.11,26.83,42.49,77.26
76.90,76.90,29.10,36.95,79.62
76.75,76.75,36.87,33.76,77.67
80.65,80.65,31.71,39.83,77.99
81.68,81.68,34.46,37.99,79.33
79.14,79.14,29.71,39.78,78.61
73.11,73.11,32.29,29.66,77.40
72.87,72.87,30.05,34.38,79.13
71.18,71.18,34.61,31.81,76.17
76.51,76.51,26.80,34.32,76.64
80.22,80.22,28.85,40.00,72.90
72.43,72.43,31.78,34.21,77.59
76.14,76.14,24.68,37.30,79.01
75.26,75.26,23.06,28.22,72.88
76.07,76.07,21.56,37.91,73.88
81.34,81.34,23.68,37.07,77.95
80.33,80.33,27.65,34.08,77.18
68.44,68.44,28.63,40.46,73.08
70.19,70.19,27.73,49.17,74.73
64.01,64.01,27.75,50.62,77.24
70.47,70.47,22.42,53.95,83.77
67.03,67.03,17.72,44.89,81.13
61.27,61.27,19.25,47.62,78.65
64.21,64.21,19.52,52.37,75.24
58.70,58.70,17.95,53.41,73.74
54.97,54.97,15.50,48.57,78.32
59.72,59.72,11.65,44.00,78.36
52.52,52.52,8.55,46.53,80.43
52.40,52.40,9.56,49.70,77.37
54.59,54.59,10.33,47.62,81.98
53.29,53.29,14.57,39.28,82.39
53.72,53.72,23.35,36.21,80.00
46.44,46.44,19.25,41.77,75.49
48.41,48.41,11.80,43.53,84.19
49.53,49.53,11.56,43.72,76.47
52.96,52.96,9.85,48.08,76.90
55.06,55.06,13.14,45.90,79.45
57.46,57.46,13.37,45.85,74.87
55.94,55.94,16.73,47.01,77.84
58.21,58.21,18.50,47.46,76.99
55.87,55.87,17.45,52.72,77.33
51.27,51.27,14.38,53.75,76.81
52.21,52.21,9.32,54.04,79.94
55.31,55.31,4.87,54.09,77.16
59.25,59.25,0.92,52.63,83.15
64.08,64.08,6.88,54.32,83.95
67.22,67.22,15.66,55.25,83.14
67.36,67.36,26.76,55.49,81.80
68.60,68.60,27.55,54.90,81.67
69.73,69.73,27.96,52.73,80.22
70.24,70.24,30.14,49.89,80.50
70.31,70.31,29.56,49.30,80.74
70.30,70.30,33.83,51.56,80.89
70.87,70.87,38.90,52.76,81.82
70.94,70.94,37.79,51.66,80.95
70.49,70.49,34.14,48.03,80.45
69.24,69.24,25.52,51.00,78.69
66.88,66.88,25.49,49.02,83.20
61.67,61.67,18.11,47.47,81.17
58.53,58.53,18.85,52.80,76.65
53.80,53.80,20.60,51.60,80.69
49.93,49.93,20.65,52.39,81.02
49.09,49.09,17.03,53.67,74.53
49.80,49.80,14.60,51.65,78.32
55.25,55.25,19.93,47.65,80.27
62.95,62.95,26.95,41.81,76.96
64.34,64.34,21.03,49.20,81.26
65.38,65.38,21.56,45.26,81.19
65.77,65.77,18.35,50.46,84.59
67.14,67.14,28.66,51.12,81.11
69.60,69.60,25.38,46.33,79.87
70.47,70.47,24.29,42.13,80.84
71.29,71.29,21.02,32.33,81.31
71.89,71.89,18.38,35.78,79.08
71.34,71.34,17.12,42.10,80.08
71.41,71.41,8.87,41.31,78.30
71.32,71.32,12.50,34.59,77.83
73.69,73.69,17.90,36.83,78.15
71.27,71.27,23.05,36.20,79.47
69.22,69.22,21.42,42.52,79.10
73.01,73.01,20.29,43.59,76.35
73.66,73.66,21.12,39.01,78.67
69.29,69.29,18.24,35.39,77.11
72.40,72.40,17.04,36.95,76.02
74.41,74.41,17.73,37.96,76.45
73.47,73.47,12.45,37.74,76.56
74.20,74.20,17.62,38.11,77.97
70.19,70.19,14.59,40.28,74.68
71.49,71.49,13.07,40.07,77.69
72.06,72.06,7.21,37.32,77.61
69.99,69.99,10.51,38.37,77.83
70.41,70.41,11.38,36.04,79.29
73.14,73.14,22.49,40.06,79.38
74.00,74.00,19.09,42.31,78.29
75.86,75.86,23.30,45.26,78.28
74.29,74.29,17.30,41.62,77.90
69.77,69.77,27.99,35.71,75.87
70.41,70.41,32.95,38.60,77.10
71.75,71.75,26.67,46.21,78.06
73.25,73.25,20.68,43.77,72.67
74.04,74.04,34.21,37.61,76.63
73.65,73.65,32.99,38.56,81.31
74.12,74.12,30.11,40.35,82.34
74.70,74.70,25.45,34.63,79.71
78.40,78.40,25.17,35.64,83.08
75.45,75.45,22.79,43.17,82.11
76.60,76.60,22.10,48.91,77.36
74.89,74.89,20.47,49.10,80.99
74.68,74.68,20.31,47.29,80.31
75.81,75.81,22.01,46.27,72.46
75.31,75.31,17.66,48.95,72.36
74.61,74.61,20.46,47.42,78.68
75.32,75.32,17.31,43.42,76.00
75.76,75.76,12.70,39.76,73.10
72.93,72.93,12.04,36.69,76.83
73.31,73.31,18.54,31.38,79.63
74.07,74.07,23.95,43.44,77.46
72.77,72.77,28.05,47.02,72.34
73.40,73.40,27.72,40.59,73.73
75.27,75.27,24.36,34.55,77.06
75.23,75.23,21.84,40.77,75.79
76.41,76.41,19.02,41.56,76.59
76.77,76.77,20.32,40.36,78.02
76.31,76.31,24.28,26.84,77.19
76.92,76.92,30.04,28.97,79.86
80.69,80.69,30.75,24.78,83.36
78.51,78.51,28.48,32.83,81.31
71.50,71.50,30.53,41.42,80.80
73.96,73.96,26.36,36.21,81.85
73.88,73.88,27.20,37.52,80.32
74.46,74.46,17.31,40.07,81.79
73.10,73.10,22.11,41.84,78.68
70.36,70.36,14.85,43.20,77.40
67.20,67.20,27.13,42.97,78.15
68.25,68.25,30.55,47.29,80.50
68.38,68.38,20.18,55.52,83.15
66.98,66.98,22.97,57.87,81.17
65.66,65.66,22.59,57.49,77.18
65.69,65.69,19.73,58.37,78.72
68.93,68.93,17.94,56.00,80.26
65.66,65.66,20.03,52.24,78.28
64.23,64.23,23.61,50.33,78.61
68.39,68.39,24.50,50.61,78.89
70.98,70.98,33.02,50.11,77.85
73.12,73.12,31.65,47.71,74.79
72.91,72.91,40.93,47.71,75.35
73.66,73.66,46.19,45.12,76.04
73.62,73.62,41.34,44.38,75.49
75.29,75.29,42.08,46.49,75.76
74.80,74.80,45.38,48.99,78.83
75.72,75.72,38.68,47.40,78.26
76.46,76.46,43.42,39.85,77.59
77.95,77.95,45.63,38.67,74.04
77.89,77.89,42.69,45.39,73.42
78.82,78.82,39.91,49.53,75.49
77.33,77.33,45.45,50.89,68.77
75.72,75.72,43.15,49.91,68.52
73.31,73.31,35.44,52.06,78.67
72.21,72.21,37.60,52.13,76.10
70.31,70.31,36.56,57.70,75.05
69.17,69.17,37.08,61.15,78.53
77.73,77.73,24.79,62.33,78.17
77.32,77.32,30.79,63.67,73.86
76.23,76.23,35.48,64.03,73.25
80.18,80.18,34.23,63.02,75.20
80.53,80.53,25.82,63.92,72.50
77.75,77.75,20.56,64.38,77.04
78.92,78.92,26.33,63.08,72.38
78.30,78.30,19.85,63.42,72.52
78.71,78.71,19.16,63.29,68.97
80.75,80.75,18.94,63.56,71.47
77.33,77.33,18.13,65.09,76.47
78.82,78.82,22.79,63.00,72.29
84.30,84.30,19.67,62.00,76.34
81.92,81.92,19.34,63.15,76.70
79.99,79.99,15.31,61.97,73.48
79.52,79.52,10.66,62.60,71.90
81.36,81.36,11.35,63.68,71.26
77.59,77.59,15.50,62.22,67.53
79.55,79.55,17.24,62.42,74.49
81.89,81.89,19.42,62.48,74.78
78.44,78.44,17.05,61.03,76.88
78.53,78.53,15.70,60.48,69.93
79.14,79.14,10.31,58.51,80.13
78.56,78.56,15.95,57.73,74.13
78.43,78.43,18.03,59.62,76.07
76.26,76.26,21.11,59.61,77.10
76.65,76.65,22.32,59.30,77.14
77.36,77.36,25.89,59.68,74.02
78.52,78.52,17.70,58.69,77.25
76.26,76.26,21.74,58.63,70.19
76.14,76.14,25.94,57.48,76.76
74.25,74.25,25.52,56.08,73.77
73.86,73.86,23.81,57.47,73.36
72.56,72.56,19.84,56.90,77.72
72.11,72.11,14.67,53.96,80.91
73.77,73.77,14.27,54.16,78.86
76.63,76.63,16.36,52.43,74.71
77.89,77.89,20.66,51.51,73.43
79.56,79.56,26.17,53.63,73.20
76.74,76.74,31.89,53.62,66.94
76.36,76.36,35.92,52.64,68.65
76.47,76.47,33.96,45.75,68.37
77.12,77.12,29.04,40.36,67.95
79.24,79.24,30.75,44.68,66.57
80.76,80.76,26.15,54.23,67.58
80.41,80.41,30.10,63.62,69.32
80.80,80.80,31.53,59.83,72.61
80.87,80.87,30.61,56.94,72.23
80.23,80.23,36.79,53.65,72.97
78.16,78.16,36.54,53.28,70.03
78.15,78.15,35.25,53.52,71.57
79.96,79.96,27.21,51.17,72.88
78.40,78.40,21.94,49.78,73.45
73.76,73.76,25.71,51.12,67.46
74.00,74.00,26.59,49.46,70.25
67.97,67.97,27.11,48.16,74.91
66.62,66.62,25.54,47.67,74.00
65.58,65.58,18.29,50.10,75.94
63.49,63.49,14.94,50.76,78.02
65.08,65.08,13.69,48.19,74.96
68.52,68.52,19.56,45.19,74.37
75.83,75.83,28.04,47.37,77.39
79.34,79.34,24.94,47.22,76.01
78.30,78.30,23.88,46.32,77.50
81.22,81.22,24.29,45.34,74.76
81.24,81.24,24.84,44.43,74.64
81.92,81.92,25.54,47.29,73.88
84.00,84.00,24.83,50.29,72.37
81.79,81.79,23.87,49.10,76.52
80.61,80.61,23.70,48.56,80.81
82.54,82.54,23.72,47.80,79.72
81.25,81.25,17.89,50.67,78.98
81.39,81.39,6.93,51.45,77.58
81.60,81.60,9.55,49.23,79.25
81.77,81.77,13.23,46.64,77.88
84.35,84.35,12.97,48.78,78.38
80.12,80.12,17.73,48.01,73.31
82.39,82.39,19.36,46.42,76.94
80.45,80.45,17.44,45.07,72.95
78.45,78.45,31.23,44.36,75.83
76.58,76.58,30.70,43.68,79.91
75.50,75.50,31.38,44.25,77.18
73.96,73.96,21.76,45.13,73.91
78.89,78.89,19.37,40.12,77.67
77.63,77.63,20.75,44.74,79.64
70.15,70.15,25.54,45.48,71.97
67.71,67.71,28.74,48.29,76.12
68.29,68.29,29.73,46.07,79.04
66.82,66.82,30.52,46.28,73.60
64.99,64.99,31.41,42.41,74.09
65.83,65.83,26.94,34.87,74.80
67.25,67.25,23.11,45.84,77.23
70.85,70.85,25.68,45.69,72.95
72.34,72.34,29.65,45.85,79.41
76.71,76.71,31.50,42.43,77.24
77.92,77.92,32.37,34.07,78.06
78.80,78.80,34.56,37.27,78.17
84.06,84.06,34.85,41.48,76.55
84.58,84.58,31.10,49.04,73.48
84.15,84.15,29.10,47.65,74.04
84.14,84.14,30.70,37.86,75.51
83.34,83.34,32.91,41.67,78.57
82.83,82.83,29.69,47.39,75.48
81.10,81.10,24.73,47.69,77.80
82.52,82.52,22.06,45.57,79.82
82.48,82.48,27.48,48.26,76.03
80.01,80.01,21.45,49.34,74.63
82.68,82.68,26.15,50.56,77.03
83.74,83.74,25.80,48.68,77.39
83.12,83.12,29.66,49.22,73.80
82.28,82.28,29.36,50.37,74.89
82.36,82.36,33.25,49.73,75.40
80.64,80.64,32.89,51.82,75.81
82.87,82.87,30.94,51.05,74.32
81.60,81.60,29.31,50.10,76.32
81.81,81.81,22.63,49.23,75.63
80.30,80.30,21.71,47.50,75.48
79.30,79.30,20.14,47.69,76.91
78.65,78.65,21.68,50.49,74.47
79.70,79.70,25.86,52.06,75.04
79.42,79.42,28.27,52.14,73.80
79.89,79.89,25.37,52.97,74.62
78.62,78.62,26.20,52.27,74.34
80.95,80.95,29.13,53.09,73.78
83.06,83.06,26.02,55.34,75.07
80.87,80.87,20.34,57.26,72.29
84.44,84.44,24.57,55.79,76.98
81.96,81.96,29.01,49.61,83.01
82.97,82.97,25.80,44.39,78.59
79.31,79.31,33.48,42.66,78.36
76.88,76.88,29.03,42.85,81.06
77.47,77.47,32.14,43.32,80.94
75.55,75.55,32.31,45.16,77.57
76.08,76.08,31.45,45.18,80.35
76.82,76.82,26.94,43.66,77.41
79.20,79.20,25.44,36.41,80.25
79.80,79.80,25.20,32.29,80.07
77.48,77.48,26.08,47.88,77.63
78.95,78.95,26.48,48.12,78.58
80.46,80.46,30.98,55.04,77.67
80.05,80.05,27.55,56.72,83.12
79.61,79.61,29.26,54.97,84.30
79.89,79.89,25.12,50.02,82.63
77.29,77.29,24.45,47.32,80.16
77.47,77.47,28.76,48.92,79.83
77.04,77.04,31.94,47.57,78.65
78.46,78.46,31.60,40.02,78.66
78.13,78.13,28.67,41.52,79.31
78.09,78.09,32.41,39.55,76.85
78.24,78.24,33.39,47.85,77.63
78.24,78.24,34.00,48.07,78.99
79.24,79.24,34.30,46.64,77.45
79.41,79.41,27.03,45.34,76.49
80.53,80.53,36.92,46.43,76.03
83.64,83.64,35.22,47.47,75.58
84.46,84.46,35.42,47.24,76.35
82.80,82.80,36.61,45.33,75.76
81.11,81.11,35.66,45.57,72.53
81.54,81.54,38.77,48.08,74.11
80.15,80.15,36.88,47.39,75.74
80.35,80.35,35.16,47.82,73.98
79.52,79.52,42.03,52.13,75.98
79.05,79.05,33.44,52.36,78.72
71.91,71.91,27.92,47.70,77.33
74.78,74.78,27.80,48.46,76.62
74.02,74.02,26.41,50.18,74.28
71.11,71.11,25.08,49.81,75.47
66.02,66.02,19.91,49.83,74.26
69.48,69.48,22.74,50.07,72.80
73.71,73.71,29.60,50.81,71.93
74.89,74.89,35.82,51.58,73.37
75.61,75.61,35.76,51.53,71.88
74.60,74.60,36.59,53.13,73.63
74.37,74.37,36.78,53.08,80.14
72.33,72.33,27.74,53.82,81.77
70.60,70.60,31.50,55.22,81.69
69.90,69.90,25.35,52.14,76.40
66.37,66.37,19.36,49.96,79.57
62.39,62.39,18.54,52.13,83.48
59.67,59.67,20.09,55.77,79.55
62.79,62.79,22.08,56.38,77.41
72.24,72.24,23.84,54.12,82.59
70.03,70.03,33.26,51.57,78.74
73.00,73.00,32.64,49.88,77.42
71.76,71.76,35.62,46.51,78.27
82.24,82.24,33.89,47.50,76.82
83.84,83.84,23.18,56.49,73.79
83.72,83.72,23.31,54.83,76.68
83.89,83.89,18.42,42.41,79.71
82.13,82.13,25.34,37.86,77.19
83.00,83.00,31.00,47.06,75.57
81.99,81.99,32.83,50.77,75.66
79.97,79.97,28.43,48.71,75.37
82.45,82.45,21.75,48.47,69.62
81.21,81.21,21.82,53.46,75.49
84.67,84.67,22.89,55.42,75.77
84.48,84.48,18.26,56.95,71.41
83.96,83.96,20.43,54.67,73.92
84.21,84.21,18.24,53.15,82.81
80.17,80.17,19.22,54.72,81.21
80.91,80.91,19.99,57.01,74.29
85.74,85.74,13.61,56.20,79.21
82.75,82.75,16.59,55.23,80.21
84.20,84.20,17.89,55.27,75.13
82.94,82.94,22.44,54.74,76.46
81.44,81.44,21.49,54.56,79.97
81.95,81.95,17.38,54.34,76.59
82.38,82.38,11.74,54.85,76.37
81.64,81.64,15.56,59.82,79.72
80.49,80.49,8.35,63.16,80.64
80.63,80.63,7.85,61.10,78.68
80.21,80.21,13.78,61.91,81.51
80.13,80.13,17.01,60.26,82.30
80.75,80.75,21.54,57.61,78.47
79.63,79.63,19.95,56.40,78.25
77.04,77.04,13.59,56.98,79.27
72.42,72.42,13.86,57.85,76.91
71.74,71.74,18.08,55.87,73.16
73.92,73.92,19.09,58.05,77.77
75.47,75.47,21.09,56.17,77.23
75.65,75.65,35.29,55.69,77.07
80.33,80.33,38.74,55.79,78.90
79.92,79.92,29.80,53.03,82.42
81.74,81.74,27.85,51.53,77.40
79.54,79.54,30.52,53.16,78.46
82.60,82.60,32.09,53.95,82.07
83.98,83.98,32.00,53.35,75.85
82.24,82.24,30.46,52.02,74.63
83.75,83.75,31.32,48.32,80.37
85.27,85.27,33.22,47.19,78.98
81.85,81.85,34.35,49.64,74.05
80.52,80.52,34.66,47.95,76.59
82.10,82.10,31.83,53.04,80.73
82.61,82.61,24.04,61.72,80.12
76.74,76.74,27.98,62.50,81.31
79.64,79.64,23.13,61.99,82.10
79.01,79.01,25.27,61.14,80.03
80.00,80.00,27.36,62.60,74.21
78.66,78.66,27.15,62.14,77.05
78.56,78.56,24.33,59.53,77.88
78.24,78.24,27.43,55.79,78.55
79.16,79.16,31.01,55.01,81.79
79.22,79.22,29.40,54.95,79.56
78.64,78.64,30.15,53.95,79.76
78.32,78.32,37.53,47.44,82.05
80.06,80.06,28.59,48.47,82.86
80.09,80.09,28.27,52.56,81.61
75.62,75.62,27.56,52.07,82.27
75.57,75.57,25.30,53.98,80.05
77.87,77.87,25.09,51.54,79.65
74.78,74.78,28.20,50.28,80.16
73.56,73.56,27.59,52.03,81.62
71.27,71.27,20.62,53.19,79.00
74.68,74.68,19.74,53.02,80.00
74.00,74.00,19.05,50.66,80.52
76.47,76.47,14.64,51.12,78.73
79.77,79.77,11.03,52.34,80.01
82.17,82.17,8.04,53.53,82.04
83.38,83.38,7.24,52.80,80.81
81.71,81.71,19.76,51.30,77.94
78.35,78.35,20.11,48.31,78.35
75.64,75.64,18.98,49.01,80.97
76.86,76.86,23.33,49.00,78.57
78.90,78.90,26.28,47.34,76.34
76.90,76.90,23.52,44.80,77.59
78.79,78.79,20.91,44.25,76.24
79.13,79.13,20.25,47.68,77.56
76.86,76.86,16.17,35.30,77.39
77.02,77.02,18.74,41.99,76.85
78.82,78.82,19.86,50.63,77.92
79.43,79.43,20.85,47.83,76.87
78.97,78.97,22.86,47.04,75.27
80.93,80.93,20.73,49.57,77.84
79.67,79.67,18.95,49.95,73.99
75.67,75.67,20.47,51.14,71.92
76.86,76.86,20.04,49.77,73.40
75.14,75.14,21.35,46.88,72.62
75.25,75.25,24.11,54.17,74.56
73.90,73.90,24.50,59.42,73.89
75.02,75.02,23.79,61.38,83.18
72.29,72.29,26.58,56.27,81.35
74.04,74.04,22.41,50.32,80.33
72.71,72.71,22.05,52.56,80.98
77.03,77.03,23.88,54.54,80.26
78.49,78.49,21.67,55.40,78.41
78.36,78.36,20.44,51.79,78.22
77.83,77.83,20.22,49.59,80.55
78.10,78.10,19.21,51.98,78.72
79.12,79.12,15.88,55.05,76.74
78.95,78.95,17.50,53.68,81.89
80.95,80.95,22.14,53.36,79.69
82.70,82.70,21.52,52.58,79.87
81.47,81.47,20.97,49.26,80.60
80.69,80.69,19.50,53.35,77.62
77.90,77.90,20.38,53.78,78.76
76.96,76.96,19.26,51.98,79.39
76.03,76.03,20.37,51.89,77.09
74.86,74.86,19.72,54.11,77.88
77.89,77.89,19.66,55.46,78.34
74.01,74.01,22.41,56.46,77.17
76.79,76.79,21.58,55.00,76.99
77.27,77.27,25.83,54.49,77.50
73.79,73.79,23.77,55.76,78.43
67.53,67.53,20.37,55.94,78.28
74.52,74.52,32.79,57.58,80.05
71.12,71.12,38.20,58.33,80.41
71.89,71.89,41.31,60.42,80.40
73.10,73.10,40.43,59.76,79.92
73.93,73.93,46.47,56.98,77.95
73.22,73.22,45.59,54.97,78.02
72.98,72.98,45.54,53.87,78.01
72.60,72.60,43.43,55.14,77.33
73.22,73.22,37.37,52.50,80.74
71.17,71.17,39.54,46.30,77.29
69.98,69.98,43.36,47.97,79.19
69.12,69.12,41.60,48.18,84.22
72.22,72.22,36.65,51.25,81.52
76.04,76.04,34.01,52.08,76.21
72.37,72.37,33.31,49.46,83.16
70.52,70.52,27.29,51.49,82.73
72.51,72.51,22.44,55.09,76.10
75.96,75.96,20.90,55.38,80.32
77.39,77.39,13.85,52.03,80.55
77.75,77.75,17.56,46.90,76.03
77.83,77.83,15.66,44.66,78.09
79.04,79.04,15.82,41.12,78.83
80.26,80.26,17.24,42.82,77.60
78.81,78.81,17.19,49.13,82.00
78.44,78.44,13.06,51.26,82.17
76.86,76.86,16.05,54.36,78.07
72.23,72.23,22.25,57.15,74.32
74.82,74.82,19.83,58.74,75.83
77.60,77.60,18.38,56.67,77.56
74.83,74.83,19.50,53.35,74.54
79.23,79.23,27.86,54.76,75.71
82.46,82.46,30.55,55.93,77.48
82.35,82.35,31.61,56.22,76.73
80.03,80.03,32.56,55.23,77.42
76.68,76.68,32.75,51.29,78.63
77.31,77.31,32.59,53.69,78.79
82.01,82.01,32.57,54.61,78.02
82.07,82.07,30.03,53.72,79.02
80.85,80.85,32.01,54.28,77.40
77.12,77.12,33.00,52.69,75.88
74.14,74.14,32.92,51.57,80.01
75.15,75.15,30.39,52.21,77.76
74.38,74.38,30.57,54.13,75.25
67.71,67.71,26.31,52.51,77.46
66.30,66.30,30.80,50.85,79.11
72.09,72.09,28.03,48.30,79.39
76.52,76.52,18.18,48.00,80.88
74.30,74.30,24.85,46.03,78.34
73.28,73.28,30.03,52.05,78.82
64.53,64.53,33.69,51.99,77.20
63.06,63.06,36.13,49.37,75.51
59.58,59.58,37.57,47.93,76.84
60.12,60.12,34.88,45.56,76.04
64.44,64.44,30.64,44.65,72.67
65.06,65.06,31.99,44.82,77.16
67.53,67.53,26.48,38.79,79.69
65.75,65.75,30.09,36.86,78.52
67.03,67.03,18.54,49.89,76.16
78.34,78.34,17.08,51.11,78.84
78.28,78.28,25.40,48.57,81.04
79.73,79.73,28.62,43.64,73.92
81.35,81.35,26.53,44.93,75.31
80.30,80.30,26.82,47.90,79.13
79.20,79.20,26.11,46.76,79.34
81.12,81.12,27.28,44.86,70.98
73.29,73.29,30.22,41.89,77.38
77.38,77.38,24.81,49.07,78.71
79.30,79.30,23.84,51.23,72.75
78.89,78.89,24.31,49.78,71.93
75.51,75.51,19.93,67.19,80.24
78.61,78.61,20.92,67.29,79.23
81.20,81.20,22.35,68.20,75.01
77.93,77.93,29.48,67.93,72.82
80.07,80.07,18.58,67.51,73.11
76.87,76.87,24.80,68.19,74.45
77.52,77.52,23.83,68.24,73.83
75.26,75.26,23.80,68.06,73.40
76.05,76.05,22.34,68.60,73.20
78.26,78.26,23.80,67.38,78.78
78.34,78.34,24.16,66.54,73.50
81.19,81.19,24.78,65.26,78.10
79.30,79.30,24.26,63.83,80.58
81.42,81.42,26.08,66.18,78.46
80.54,80.54,30.16,66.87,79.87
79.26,79.26,31.98,64.76,77.69
78.17,78.17,29.37,65.65,81.21
75.97,75.97,24.11,65.77,76.49
74.73,74.73,27.74,64.65,81.57
75.57,75.57,23.79,65.59,75.80
77.92,77.92,23.36,64.94,82.76
73.25,73.25,21.03,63.12,72.65
70.77,70.77,19.20,63.95,82.42
72.22,72.22,37.19,63.12,79.14
72.67,72.67,35.91,61.34,77.68
73.35,73.35,32.95,62.33,78.12
72.23,72.23,33.76,62.14,79.32
73.52,73.52,42.02,60.73,77.66
71.35,71.35,43.82,60.47,79.91
72.36,72.36,44.04,59.99,73.97
71.41,71.41,43.22,60.69,77.30
69.94,69.94,39.31,61.06,76.72
68.02,68.02,36.58,59.97,76.28
62.94,62.94,27.09,61.17,73.82
58.83,58.83,17.39,60.45,78.95
56.64,56.64,20.30,59.17,78.17
56.01,56.01,17.62,60.69,80.98
65.12,65.12,18.28,60.70,79.35
65.99,65.99,18.97,58.87,78.42
69.64,69.64,20.13,58.71,74.86
76.66,76.66,21.30,56.59,77.11
72.54,72.54,18.80,54.33,76.86
72.43,72.43,22.10,48.70,76.33
74.32,74.32,27.77,42.77,74.14
74.73,74.73,21.71,45.23,74.12
75.43,75.43,25.43,49.41,78.96
76.68,76.68,18.89,53.61,80.19
75.09,75.09,19.95,55.09,76.07
72.95,72.95,20.28,58.91,79.14
74.01,74.01,24.30,60.32,79.70
77.04,77.04,28.35,61.03,78.50
75.68,75.68,23.32,60.16,78.71
75.72,75.72,20.68,58.57,79.94
75.92,75.92,22.98,57.00,79.05
75.07,75.07,25.82,55.13,78.78
71.37,71.37,26.30,54.07,79.71
70.36,70.36,18.82,53.56,79.57
72.57,72.57,21.36,55.41,82.51
73.02,73.02,21.48,55.52,79.07
74.05,74.05,19.10,53.06,83.29
71.15,71.15,21.95,52.42,82.01
62.13,62.13,24.88,51.36,81.34
64.85,64.85,27.18,48.92,80.64
62.53,62.53,27.73,48.98,78.66
68.76,68.76,27.22,49.43,79.96
73.02,73.02,23.75,46.34,79.81
64.45,64.45,20.46,45.30,79.35
63.76,63.76,25.04,44.56,79.49
70.50,70.50,38.81,44.80,80.02
72.25,72.25,41.02,45.20,77.32
71.05,71.05,47.47,45.55,80.96
70.80,70.80,41.02,50.73,80.91
68.91,68.91,37.30,49.79,81.94
69.54,69.54,29.68,47.29,75.39
72.86,72.86,20.52,41.05,83.44
72.25,72.25,14.74,43.04,75.80
73.17,73.17,21.58,44.33,80.13
73.42,73.42,22.71,44.30,80.17
72.42,72.42,25.99,43.55,78.17
72.35,72.35,20.54,43.47,77.23
75.19,75.19,19.30,41.76,79.00
75.08,75.08,19.71,45.48,80.22
73.59,73.59,26.60,48.28,78.93
74.29,74.29,29.85,48.91,78.37
73.23,73.23,35.76,48.19,76.30
74.85,74.85,36.47,42.72,74.72
75.80,75.80,28.46,40.75,77.46
75.55,75.55,22.19,41.36,79.65
76.90,76.90,20.87,35.24,76.27
70.15,70.15,23.81,35.13,74.21
72.15,72.15,25.91,35.75,73.44
72.99,72.99,22.14,45.04,71.92
69.33,69.33,22.53,54.42,75.18
72.09,72.09,20.28,49.94,82.49
73.06,73.06,17.66,41.52,83.43
73.44,73.44,22.95,41.94,80.40
77.49,77.49,22.95,42.03,81.60
80.35,80.35,20.85,46.90,79.47
83.68,83.68,21.24,47.95,79.42
83.27,83.27,15.19,43.06,78.45
81.45,81.45,12.04,37.54,77.87
80.92,80.92,16.75,37.07,78.10
73.77,73.77,22.50,40.99,76.62
74.44,74.44,27.37,40.05,78.51
78.39,78.39,27.28,41.78,82.72
78.80,78.80,25.49,41.75,81.54
79.50,79.50,26.13,44.16,81.34
82.02,82.02,27.88,44.86,78.80
83.63,83.63,28.30,41.69,79.63
77.67,77.67,15.18,42.90,82.23
78.43,78.43,15.88,45.78,76.87
77.20,77.20,18.67,46.61,76.79
75.30,75.30,19.04,47.69,82.26
74.67,74.67,19.69,44.91,79.34
74.99,74.99,21.09,42.86,74.62
79.33,79.33,22.47,47.12,81.09
79.01,79.01,19.08,42.94,80.21
76.19,76.19,22.86,44.67,76.30
78.69,78.69,18.66,52.12,76.09
77.99,77.99,14.70,52.49,75.99
74.69,74.69,17.13,51.38,75.24
76.96,76.96,21.80,49.28,74.99
77.53,77.53,28.77,47.88,73.82
75.32,75.32,29.08,48.57,73.62
75.65,75.65,36.31,49.33,75.34
70.92,70.92,32.92,50.19,74.28
70.54,70.54,26.68,51.60,72.28
77.24,77.24,24.95,52.40,76.59
71.25,71.25,20.77,54.80,82.98
69.08,69.08,22.15,52.78,80.95
66.75,66.75,22.35,47.44,77.43
69.61,69.61,18.90,39.49,84.94
73.26,73.26,19.85,39.89,82.83
77.06,77.06,9.83,42.67,76.53
75.66,75.66,10.62,40.82,82.28
73.45,73.45,15.16,42.63,84.08
73.89,73.89,7.84,43.95,78.11
77.04,77.04,17.03,40.40,79.64
78.70,78.70,15.04,47.99,83.27
73.85,73.85,15.03,48.11,80.04
73.57,73.57,16.51,53.31,76.59
78.14,78.14,13.63,53.92,82.40
78.39,78.39,16.35,51.86,84.32
76.45,76.45,15.02,49.34,82.54
78.55,78.55,18.67,46.97,79.20
78.08,78.08,22.98,44.97,82.39
77.31,77.31,23.01,41.03,80.43
78.19,78.19,18.68,38.44,78.72
74.90,74.90,16.26,40.72,80.90
73.95,73.95,20.43,43.22,79.88
74.21,74.21,18.78,36.04,76.12
74.56,74.56,15.18,36.70,78.21
74.98,74.98,15.27,39.42,77.44
68.35,68.35,20.39,40.01,76.39
70.99,70.99,21.99,39.80,76.84
70.52,70.52,24.32,39.71,75.66
72.97,72.97,26.62,39.83,76.97
75.68,75.68,29.63,41.12,75.04
76.50,76.50,32.25,40.99,74.33
76.25,76.25,34.98,41.94,75.91
78.24,78.24,33.66,40.00,75.57
80.14,80.14,29.14,41.08,76.91
81.48,81.48,26.02,43.51,72.77
79.41,79.41,24.98,46.15,78.42
76.73,76.73,22.37,44.56,77.56
74.04,74.04,23.33,36.10,75.98
68.13,68.13,24.48,35.85,75.16
68.83,68.83,20.32,37.07,72.84
68.02,68.02,25.06,41.05,73.66
67.76,67.76,16.16,45.31,73.94
70.36,70.36,19.00,45.29,72.72
68.75,68.75,18.87,44.21,74.32
64.33,64.33,19.08,46.51,71.46
61.59,61.59,22.80,52.38,71.00
61.08,61.08,24.32,55.09,78.49
63.88,63.88,31.88,53.74,83.86
67.99,67.99,28.57,48.05,86.97
70.29,70.29,35.12,43.54,82.86
71.43,71.43,29.06,47.26,81.62
72.12,72.12,30.02,50.61,86.83
72.85,72.85,33.84,48.74,82.50
72.09,72.09,38.34,46.82,76.90
72.08,72.08,30.19,46.35,83.63
71.78,71.78,30.21,47.84,82.72
72.05,72.05,33.82,50.02,77.97
71.08,71.08,33.98,50.99,79.64
69.05,69.05,28.43,56.24,82.34
65.42,65.42,31.55,55.36,79.02
63.08,63.08,26.42,48.88,84.91
62.46,62.46,25.68,39.22,82.58
62.92,62.92,24.52,44.46,83.86
66.04,66.04,29.82,44.17,82.95
69.24,69.24,31.99,43.79,80.38
70.91,70.91,39.01,43.65,77.60
74.07,74.07,35.28,40.76,82.02
73.62,73.62,36.24,41.56,79.46
75.65,75.65,30.17,36.86,81.04
76.32,76.32,31.19,41.99,81.52
75.01,75.01,34.97,41.19,78.86
77.31,77.31,30.48,38.03,80.39
74.00,74.00,31.38,34.63,78.87
75.95,75.95,24.15,36.56,84.97
71.67,71.67,27.78,34.72,82.35
71.52,71.52,27.59,39.14,78.78
76.59,76.59,27.32,38.87,79.09
71.30,71.30,27.95,39.52,80.83
71.73,71.73,30.27,38.75,77.58
72.61,72.61,25.60,38.45,77.49
70.73,70.73,18.56,42.85,77.81
74.41,74.41,22.75,48.17,80.28
73.38,73.38,26.18,53.06,77.15
73.63,73.63,30.26,56.31,82.99
73.88,73.88,32.90,54.72,78.56
73.98,73.98,31.20,50.33,79.46
75.30,75.30,31.06,50.91,80.97
74.92,74.92,28.14,53.04,76.75
75.28,75.28,32.13,53.07,80.01
75.06,75.06,30.11,51.31,77.35
76.75,76.75,29.89,48.22,77.66
77.50,77.50,27.12,44.43,78.63
73.10,73.10,29.37,47.56,83.13
71.44,71.44,28.51,48.39,85.25
68.15,68.15,25.70,43.61,84.70
70.52,70.52,24.67,44.15,78.28
69.53,69.53,24.90,41.69,83.04
68.42,68.42,24.76,41.23,84.73
65.37,65.37,27.20,41.77,76.70
64.87,64.87,28.27,42.34,77.84
63.70,63.70,27.31,41.18,83.39
59.30,59.30,24.72,43.18,78.09
56.43,56.43,21.07,46.05,76.01
59.04,59.04,19.61,52.31,81.90
60.17,60.17,18.76,54.96,82.32
60.75,60.75,16.63,50.01,79.29
61.78,61.78,21.78,47.72,84.46
64.70,64.70,23.60,48.78,85.97
66.13,66.13,26.79,48.23,85.88
68.51,68.51,31.85,51.80,83.00
69.91,69.91,32.88,52.70,82.05
71.31,71.31,34.87,50.93,82.05
70.44,70.44,37.06,48.37,82.83
69.83,69.83,36.20,44.07,84.24
71.65,71.65,29.65,44.91,82.39
70.80,70.80,30.57,45.85,82.14
71.67,71.67,34.94,49.80,81.24
70.30,70.30,35.60,45.20,84.89
68.32,68.32,30.43,46.00,86.14
62.59,62.59,25.69,45.29,80.41
58.30,58.30,23.57,45.54,85.14
57.66,57.66,23.58,41.89,81.51
57.95,57.95,28.42,45.42,81.26
54.20,54.20,27.80,44.46,82.56
49.71,49.71,23.56,42.76,81.63
47.85,47.85,19.41,40.08,81.56
47.60,47.60,22.48,47.64,82.07
48.55,48.55,27.35,47.48,78.93
50.48,50.48,28.42,42.16,83.63
50.34,50.34,30.44,45.40,80.47
53.90,53.90,24.67,45.68,81.32
57.96,57.96,23.03,46.10,78.61
61.91,61.91,19.71,46.77,80.04
62.76,62.76,18.34,46.09,80.45
64.47,64.47,19.33,43.61,78.27
64.27,64.27,20.63,42.68,78.29
64.53,64.53,23.22,41.97,78.19
65.91,65.91,26.38,41.78,77.98
66.21,66.21,28.51,39.28,77.30
72.76,72.76,33.31,43.15,77.80
77.80,77.80,29.66,43.96,82.17
72.58,72.58,29.19,39.65,81.07
67.40,67.40,30.87,39.09,79.88
69.29,69.29,27.56,42.00,81.03
67.90,67.90,26.54,43.71,81.84
67.03,67.03,24.09,41.37,82.40
64.88,64.88,22.65,36.65,81.91
60.38,60.38,26.85,38.01,77.50
56.04,56.04,27.18,33.05,76.29
53.17,53.17,25.15,34.91,75.48
54.61,54.61,20.83,34.11,72.69
58.39,58.39,19.61,44.40,81.03
62.55,62.55,19.72,42.56,78.59
76.25,76.25,25.92,57.20,85.06
77.19,77.19,24.23,62.43,81.73
82.42,82.42,14.58,64.52,83.37
80.37,80.37,14.58,65.62,80.72
80.06,80.06,18.76,65.78,80.62
83.68,83.68,22.19,63.22,83.50
86.45,86.45,23.20,64.45,82.58
89.21,89.21,25.54,64.61,77.10
88.03,88.03,28.04,65.92,74.32
84.67,84.67,30.68,62.00,75.88
83.34,83.34,27.87,64.31,78.66
83.65,83.65,21.97,64.23,79.46
85.02,85.02,22.05,64.78,81.68
83.99,83.99,21.66,63.72,79.83
84.42,84.42,20.27,65.14,79.70
83.81,83.81,22.61,65.71,79.53
80.56,80.56,26.88,65.40,78.09
83.85,83.85,25.83,64.31,79.36
85.72,85.72,25.78,64.54,78.35
83.65,83.65,24.72,64.90,79.54
81.53,81.53,19.83,62.29,77.90
77.90,77.90,15.76,64.88,78.25
80.21,80.21,10.97,63.61,79.48
79.14,79.14,10.22,65.32,80.57
77.73,77.73,10.65,62.20,80.40
81.79,81.79,23.22,64.97,81.15
83.71,83.71,25.93,63.80,81.05
82.08,82.08,26.92,65.81,80.09
82.19,82.19,21.48,64.00,79.42
81.30,81.30,20.53,64.43,77.23
81.81,81.81,21.29,66.08,78.24
84.50,84.50,22.81,64.94,76.40
86.23,86.23,24.56,65.04,76.25
86.76,86.76,24.93,63.48,77.81
85.03,85.03,20.24,64.86,77.84
83.93,83.93,24.87,61.50,76.68
82.43,82.43,26.06,65.91,79.62
81.34,81.34,23.22,64.13,77.21
82.29,82.29,25.10,66.74,76.14
83.69,83.69,26.83,63.36,75.91
83.91,83.91,27.28,65.76,72.58
83.99,83.99,22.26,64.46,73.27
85.24,85.24,17.07,65.43,74.48
84.59,84.59,15.96,64.13,72.99
83.68,83.68,16.04,63.56,73.39
84.04,84.04,16.72,64.31,74.99
85.45,85.45,14.04,63.18,79.03
86.33,86.33,12.89,64.60,77.62
85.77,85.77,22.74,63.17,77.70
84.10,84.10,30.04,66.03,76.79
84.40,84.40,30.00,62.01,77.10
82.36,82.36,31.70,64.96,77.13
81.63,81.63,30.20,63.61,76.23
81.61,81.61,28.48,64.63,77.82
81.43,81.43,28.46,61.87,77.33
81.23,81.23,29.34,62.57,78.00
81.54,81.54,26.38,62.61,76.10
81.76,81.76,22.06,62.94,78.05
81.59,81.59,19.87,64.31,81.03
83.37,83.37,21.85,63.14,83.91
83.50,83.50,23.55,65.16,83.28
82.80,82.80,22.45,61.51,75.72
82.97,82.97,23.51,62.25,76.41
81.72,81.72,28.99,61.49,79.28
83.33,83.33,30.98,63.68,77.75
86.91,86.91,28.16,60.03,76.76
84.79,84.79,26.04,63.98,72.54
84.78,84.78,22.92,61.78,73.60
82.30,82.30,22.28,63.55,73.15
79.64,79.64,24.69,60.80,76.82
82.74,82.74,29.47,60.74,82.50
78.20,78.20,31.23,59.97,81.39
71.72,71.72,30.65,61.66,80.76
74.53,74.53,34.11,60.38,78.19
72.58,72.58,39.15,61.13,76.85
71.13,71.13,40.14,64.52,80.47
69.21,69.21,41.42,61.91,79.09
67.95,67.95,40.35,64.54,81.43
71.42,71.42,38.46,62.80,80.25
73.62,73.62,33.59,65.85,79.93
74.36,74.36,40.65,62.59,81.26
73.34,73.34,30.47,64.08,80.27
72.01,72.01,30.09,62.13,77.59
75.22,75.22,32.39,65.40,78.81
82.29,82.29,31.09,62.93,79.97
82.92,82.92,33.67,64.29,77.03
85.25,85.25,35.47,64.29,76.91
86.28,86.28,33.21,64.49,76.39
84.38,84.38,27.79,63.87,74.57
83.87,83.87,31.53,62.32,79.40
82.74,82.74,26.96,64.20,73.48
85.23,85.23,26.49,63.38,72.15
81.06,81.06,23.08,64.69,76.00
84.70,84.70,26.73,63.14,79.09
87.30,87.30,26.75,65.06,78.42
85.24,85.24,27.65,60.19,78.09
78.55,78.55,22.57,64.60,79.33
80.44,80.44,24.42,63.93,79.97
84.54,84.54,26.56,66.21,78.74
81.42,81.42,26.00,64.14,78.70
79.68,79.68,32.81,64.46,78.37
80.95,80.95,25.22,64.27,78.24
81.15,81.15,22.01,65.56,79.53
81.30,81.30,24.18,66.04,77.64
80.81,80.81,25.27,64.70,75.92
80.04,80.04,23.13,66.56,75.46
78.05,78.05,21.03,62.73,74.53
80.12,80.12,22.04,64.67,73.71
81.76,81.76,23.86,63.71,73.39
83.87,83.87,23.93,65.57,76.09
86.35,86.35,22.41,62.79,74.96
85.28,85.28,22.92,66.12,72.08
81.72,81.72,22.92,64.64,72.09
80.21,80.21,22.04,66.82,70.49
78.70,78.70,28.04,64.53,74.88
81.49,81.49,23.15,65.35,76.19
79.60,79.60,26.45,64.57,80.96
73.56,73.56,24.88,64.25,84.66
66.90,66.90,24.20,64.34,82.64
67.52,67.52,27.06,63.77,82.12
65.77,65.77,32.58,65.04,78.97
66.27,66.27,40.41,64.40,79.90
66.46,66.46,42.10,64.90,83.11
68.98,68.98,39.66,63.77,77.77
70.84,70.84,36.65,65.59,78.51
71.59,71.59,33.26,62.88,80.24
72.70,72.70,31.03,66.22,79.09
75.34,75.34,29.89,64.58,77.33
79.38,79.38,26.78,65.76,75.41
78.94,78.94,29.89,64.25,72.75
78.17,78.17,26.74,64.29,74.73
80.58,80.58,27.74,64.48,75.33
84.42,84.42,40.80,65.64,75.94
83.70,83.70,36.46,64.82,73.03
85.59,85.59,38.76,64.84,73.58
81.39,81.39,28.93,65.39,75.10
80.87,80.87,26.30,65.05,74.12
84.30,84.30,25.95,65.72,71.82
79.89,79.89,29.97,63.84,77.43
78.12,78.12,21.33,66.47,78.42
81.22,81.22,25.68,61.87,77.52
83.18,83.18,28.83,64.53,78.03
79.85,79.85,26.93,64.57,81.52
75.09,75.09,21.81,65.89,81.23
78.00,78.00,20.19,63.12,81.94
78.23,78.23,22.29,64.40,82.21
76.91,76.91,21.74,64.45,79.73
75.39,75.39,23.02,65.34,80.87
77.90,77.90,23.76,66.21,81.43
77.05,77.05,22.20,64.79,80.33
78.51,78.51,19.59,67.20,81.04
78.35,78.35,22.68,62.64,75.80
79.93,79.93,22.76,65.09,78.33
80.89,80.89,24.96,63.88,77.12
81.28,81.28,30.17,65.11,75.03
81.12,81.12,32.22,63.67,78.91
80.85,80.85,27.76,67.51,75.76
82.50,82.50,23.81,64.56,75.50
84.53,84.53,25.03,65.51,78.03
84.76,84.76,20.80,64.22,76.37
82.38,82.38,16.41,64.26,73.79
79.92,79.92,22.43,64.67,75.04
75.42,75.42,28.62,64.92,78.73
74.37,74.37,26.40,65.94,78.29
71.28,71.28,27.59,63.48,84.26
71.14,71.14,32.16,66.53,82.74
73.76,73.76,37.43,64.30,77.82
73.24,73.24,40.75,65.15,81.08
66.50,66.50,45.99,64.66,80.27
67.20,67.20,47.58,66.71,78.70
66.11,66.11,44.73,63.07,81.28
71.77,71.77,39.19,65.39,80.40
72.70,72.70,34.05,64.85,79.58
71.51,71.51,35.02,65.93,80.38
70.72,70.72,33.34,65.72,78.70
68.74,68.74,32.02,64.59,76.13
71.87,71.87,31.09,64.77,76.66
76.77,76.77,33.71,63.51,76.83
79.34,79.34,36.16,66.45,73.86
82.72,82.72,30.82,63.61,73.20
80.50,80.50,24.19,67.05,74.88
76.11,76.11,29.70,64.32,75.01
80.15,80.15,25.13,65.92,74.57
77.36,77.36,26.17,64.26,72.76
79.93,79.93,32.51,65.03,74.00
84.72,84.72,25.62,62.06,73.71
83.90,83.90,30.33,60.76,79.52
84.91,84.91,25.87,56.53,80.51
81.31,81.31,25.71,60.70,80.27
79.99,79.99,21.75,61.70,81.67
75.55,75.55,20.94,60.42,82.04
84.46,84.46,27.77,57.19,82.28
83.63,83.63,19.76,58.32,82.05
82.39,82.39,21.62,60.22,79.50
80.41,80.41,24.25,61.05,76.32
76.13,76.13,22.05,62.00,73.19
76.43,76.43,20.88,62.24,75.86
81.48,81.48,21.23,61.46,78.48
80.05,80.05,20.06,63.51,77.38
79.11,79.11,24.23,63.08,79.18
76.60,76.60,23.39,64.84,77.58
81.85,81.85,24.81,62.12,76.33
82.74,82.74,17.63,63.70,75.69
79.89,79.89,16.84,63.15,75.07
75.03,75.03,20.58,62.74,78.65
76.94,76.94,23.21,62.92,78.21
76.95,76.95,20.40,61.94,77.25
74.38,74.38,16.92,60.36,78.46
76.78,76.78,17.48,63.02,80.46
76.66,76.66,18.20,63.45,81.77
77.37,77.37,22.78,61.96,85.01
77.50,77.50,24.94,62.59,75.45
77.40,77.40,25.55,62.19,83.73
74.46,74.46,23.88,63.34,80.20
77.94,77.94,22.81,63.47,82.38
74.98,74.98,27.39,63.86,79.71
74.15,74.15,30.49,64.31,80.00
71.51,71.51,31.86,62.22,79.62
71.77,71.77,29.92,64.60,79.02
73.42,73.42,27.33,64.24,78.53
73.48,73.48,26.75,64.91,77.79
76.87,76.87,24.28,63.37,75.26
70.98,70.98,27.76,63.02,75.13
68.75,68.75,28.65,63.87,72.40
68.49,68.49,27.39,63.86,75.28
61.77,61.77,28.93,64.15,71.30
59.16,59.16,27.10,63.33,75.43
60.84,60.84,26.13,63.27,74.94
65.07,65.07,23.65,63.64,75.41
68.52,68.52,19.26,64.61,77.94
70.94,70.94,17.14,65.06,79.43
72.35,72.35,17.90,64.17,81.60
72.32,72.32,18.54,62.49,83.76
75.48,75.48,26.73,63.96,81.58
76.80,76.80,22.05,64.23,77.94
77.80,77.80,28.85,64.07,76.37
76.46,76.46,34.73,63.17,79.50
77.08,77.08,30.04,63.28,79.72
73.81,73.81,29.60,64.96,78.25
72.21,72.21,26.91,64.96,80.07
70.60,70.60,24.54,64.97,78.18
68.83,68.83,21.76,64.08,80.01
67.75,67.75,20.90,64.22,80.03
66.95,66.95,18.55,63.85,76.57
66.40,66.40,22.16,64.65,76.92
71.82,71.82,21.91,64.21,76.45
81.99,81.99,23.48,64.22,76.96
84.93,84.93,23.45,61.85,76.62
83.53,83.53,21.27,63.97,74.83
84.64,84.64,18.36,64.22,77.08
83.08,83.08,19.57,64.16,78.13
85.02,85.02,20.87,63.87,77.30
84.25,84.25,20.33,63.86,74.80
83.34,83.34,19.77,63.27,73.23
84.88,84.88,18.87,64.05,74.95
83.03,83.03,24.28,63.31,79.94
83.78,83.78,24.92,63.66,85.40
85.49,85.49,21.16,62.51,82.73
80.90,80.90,24.22,63.49,85.90
81.01,81.01,29.19,63.18,81.98
80.25,80.25,34.02,63.10,82.99
81.99,81.99,36.15,64.02,80.88
77.16,77.16,38.53,62.89,78.24
77.61,77.61,39.55,63.76,75.93
69.50,69.50,38.00,64.43,77.23
69.37,69.37,31.72,64.98,76.42
68.60,68.60,27.95,64.53,78.94
72.37,72.37,32.57,63.95,78.55
78.74,78.74,38.81,63.80,80.15
82.80,82.80,33.77,64.69,79.44
84.06,84.06,30.28,64.69,79.24
83.76,83.76,29.21,63.91,79.88
82.92,82.92,37.12,62.92,80.44
84.85,84.85,34.20,62.62,75.60
82.68,82.68,37.44,64.10,74.87
82.07,82.07,34.79,64.28,75.13
84.35,84.35,43.42,63.50,72.82
83.60,83.60,32.33,63.15,72.16
82.71,82.71,32.29,55.16,72.27
83.18,83.18,30.42,54.00,80.30
82.89,82.89,34.05,62.47,85.21
81.09,81.09,33.17,61.31,81.28
82.42,82.42,29.86,63.77,78.97
81.26,81.26,36.73,62.14,77.33
82.72,82.72,35.90,66.09,78.19
82.58,82.58,39.86,62.42,77.14
82.97,82.97,39.29,61.40,75.01
85.11,85.11,37.55,63.32,74.63
86.22,86.22,35.46,60.86,69.74
85.11,85.11,33.28,66.18,75.11
79.04,79.04,29.01,65.10,75.22
75.14,75.14,24.35,59.17,78.16
75.42,75.42,24.57,62.86,80.83
78.06,78.06,27.68,63.00,83.44
77.55,77.55,27.95,60.94,83.53
79.76,79.76,28.64,64.97,82.51
85.04,85.04,32.61,62.09,83.91
83.87,83.87,31.54,60.82,82.76
81.70,81.70,28.44,62.46,80.12
82.59,82.59,25.45,61.38,80.75
81.35,81.35,33.19,62.98,80.69
80.91,80.91,29.98,63.70,76.62
80.16,80.16,20.97,60.24,80.28
81.62,81.62,31.60,61.26,78.68
84.18,84.18,33.91,63.01,80.84
82.85,82.85,37.19,59.89,80.26
82.34,82.34,35.61,63.02,79.89
83.56,83.56,35.26,64.81,77.07
80.86,80.86,33.50,62.51,80.81
78.96,78.96,32.57,64.11,78.31
80.76,80.76,34.30,63.91,79.18
83.27,83.27,31.08,64.65,77.91
78.49,78.49,30.62,66.38,77.18
80.29,80.29,26.32,64.89,79.47
77.10,77.10,29.92,63.40,80.07
75.68,75.68,32.57,67.42,78.36
75.90,75.90,35.33,65.79,82.08
75.23,75.23,39.13,66.74,81.31
82.13,82.13,44.76,67.36,84.66
79.00,79.00,33.32,63.77,77.11
76.71,76.71,33.09,65.29,80.47
81.95,81.95,35.35,66.34,80.34
82.27,82.27,35.24,65.62,79.86
78.42,78.42,35.52,65.14,81.85
77.04,77.04,36.03,66.41,77.66
76.73,76.73,36.94,64.50,79.08
77.40,77.40,27.40,65.88,80.35
79.89,79.89,29.18,63.96,75.23
76.34,76.34,34.09,65.54,76.01
74.21,74.21,36.08,66.38,79.52
75.05,75.05,33.23,65.70,80.68
82.61,82.61,32.66,64.21,79.00
78.41,78.41,35.75,67.54,84.07
75.62,75.62,30.15,66.77,80.09
75.91,75.91,31.23,65.50,80.75
75.71,75.71,23.30,68.05,79.42
70.52,70.52,23.86,63.83,75.81
69.97,69.97,24.52,65.51,81.56
71.11,71.11,24.98,68.43,73.99
74.76,74.76,27.10,67.47,81.36
74.73,74.73,22.33,66.55,84.09
75.95,75.95,24.82,66.56,83.25
77.18,77.18,26.09,65.87,86.56
78.09,78.09,27.21,68.38,83.18
77.24,77.24,24.37,65.53,83.15
76.19,76.19,27.18,66.79,81.60
80.29,80.29,29.44,66.87,81.81
80.11,80.11,29.87,67.65,77.76
81.72,81.72,29.62,64.24,82.51
79.89,79.89,32.16,65.31,84.11
75.76,75.76,41.09,62.59,85.72
79.95,79.95,46.57,63.63,84.89
80.46,80.46,48.50,66.16,84.41
82.05,82.05,45.11,63.88,77.88
77.20,77.20,41.62,64.08,82.48
77.87,77.87,34.92,63.93,75.86
76.85,76.85,31.89,62.31,78.18
76.83,76.83,28.33,65.81,80.40
75.52,75.52,31.89,65.70,76.01
76.02,76.02,29.67,63.01,80.12
72.89,72.89,29.58,62.24,81.10
76.85,76.85,27.45,62.03,77.87
78.24,78.24,29.97,63.26,78.61
78.52,78.52,31.48,66.58,79.51
79.72,79.72,29.09,64.95,82.39
83.58,83.58,27.35,62.83,79.93
83.89,83.89,29.25,62.34,81.04
81.55,81.55,26.71,61.18,79.54
82.82,82.82,27.53,59.93,79.77
81.82,81.82,29.18,64.71,79.74
79.75,79.75,25.94,62.18,77.70
82.15,82.15,23.88,62.20,80.92
83.13,83.13,22.23,63.41,83.04
81.88,81.88,26.97,60.15,86.61
83.21,83.21,22.48,53.10,84.52
81.62,81.62,25.16,48.92,76.86
84.51,84.51,31.13,56.93,77.63
81.69,81.69,30.05,62.00,79.70
84.37,84.37,28.83,65.87,75.47
86.34,86.34,28.16,63.97,79.97
86.28,86.28,25.33,62.16,82.99
84.01,84.01,27.96,65.73,81.64
82.86,82.86,27.83,65.21,75.87
86.35,86.35,29.22,60.49,76.92
86.17,86.17,24.55,62.79,75.44
80.97,80.97,26.60,66.77,74.94
80.89,80.89,26.66,64.53,77.52
81.96,81.96,26.97,63.43,76.83
82.93,82.93,26.12,66.03,75.75
82.52,82.52,23.33,67.07,76.92
83.17,83.17,21.98,65.44,77.12
81.72,81.72,20.67,63.56,78.09
81.42,81.42,23.09,65.32,76.75
80.40,80.40,19.43,65.86,77.57
82.91,82.91,20.72,64.19,77.22
80.86,80.86,22.89,64.81,76.88
76.42,76.42,23.06,64.13,76.29
76.61,76.61,24.17,62.72,83.53
72.04,72.04,31.58,60.77,83.53
74.82,74.82,37.49,65.08,81.49
76.88,76.88,37.77,65.04,79.36
79.57,79.57,37.35,64.22,83.19
81.35,81.35,35.56,63.09,78.68
82.33,82.33,35.57,65.93,79.71
80.01,80.01,30.85,64.96,82.22
78.40,78.40,26.79,62.93,76.05
79.10,79.10,31.43,61.68,76.37
76.36,76.36,31.73,61.67,74.53
79.09,79.09,28.67,62.17,75.80
77.82,77.82,27.83,60.91,76.13
76.81,76.81,27.98,64.50,76.68
76.40,76.40,32.14,63.24,75.40
73.53,73.53,27.78,64.25,77.35
74.84,74.84,31.59,62.37,78.24
74.46,74.46,43.62,65.82,78.28
76.05,76.05,40.64,63.36,75.67
76.88,76.88,49.01,63.79,76.23
77.35,77.35,37.76,61.18,76.24
78.70,78.70,42.89,64.02,74.85
76.22,76.22,39.68,61.61,74.33
73.62,73.62,35.92,62.50,76.52
70.49,70.49,31.41,63.62,76.53
70.82,70.82,32.81,61.97,75.80
72.34,72.34,33.71,63.74,79.86
77.60,77.60,27.56,62.40,77.68
76.99,76.99,29.77,64.40,78.67
79.85,79.85,25.39,62.02,80.39
79.03,79.03,24.22,64.07,77.86
79.37,79.37,26.28,60.43,79.43
79.55,79.55,23.41,63.03,77.68
78.30,78.30,22.07,62.18,80.83
78.89,78.89,25.09,63.19,77.48
78.02,78.02,25.10,62.81,79.96
78.59,78.59,23.76,64.86,79.54
76.45,76.45,23.99,64.19,77.58
74.09,74.09,25.36,63.92,78.92
73.16,73.16,25.66,62.99,78.20
77.62,77.62,30.45,63.63,79.18
76.92,76.92,35.25,64.02,78.96
78.15,78.15,35.45,64.91,76.97
78.42,78.42,37.98,65.68,77.25
77.51,77.51,45.84,64.15,76.93
77.05,77.05,55.29,65.55,76.72
78.05,78.05,60.93,61.22,79.33
75.77,75.77,61.24,64.89,79.43
71.37,71.37,59.56,65.22,78.14
66.07,66.07,54.34,64.56,78.73
71.19,71.19,47.69,61.70,84.46
73.83,73.83,45.47,65.61,82.70
75.38,75.38,43.89,66.20,84.70
77.33,77.33,46.78,66.59,86.62
76.38,76.38,46.12,64.98,82.83
75.93,75.93,41.37,64.09,80.34
75.29,75.29,40.77,65.85,80.80
73.75,73.75,34.51,64.32,76.71
78.31,78.31,34.93,63.84,77.21
76.33,76.33,35.02,65.78,78.80
80.68,80.68,35.42,65.41,70.49
84.59,84.59,30.58,62.56,72.48
85.00,85.00,29.64,65.52,74.88
83.89,83.89,32.61,65.28,75.61
82.99,82.99,31.22,65.00,76.36
84.88,84.88,30.33,63.18,73.20
85.19,85.19,28.70,65.05,73.07
84.20,84.20,26.84,65.67,71.89
84.04,84.04,23.23,65.72,73.52
83.22,83.22,22.73,63.95,75.19
80.84,80.84,24.38,63.39,75.60
79.96,79.96,24.95,64.91,74.81
82.89,82.89,24.02,61.39,76.84
83.31,83.31,24.41,60.93,79.38
80.96,80.96,25.35,65.44,78.28
82.00,82.00,26.24,65.54,79.89
78.81,78.81,26.81,62.26,79.26
80.37,80.37,25.24,63.67,78.48
76.92,76.92,22.93,67.30,77.96
76.35,76.35,26.31,65.92,77.89
75.60,75.60,27.48,63.20,77.76
78.57,78.57,24.87,65.18,79.28
76.59,76.59,26.41,66.41,79.72
80.19,80.19,33.00,61.23,81.04
75.75,75.75,38.33,61.96,80.93
80.43,80.43,37.82,64.14,76.76
75.60,75.60,38.62,65.71,80.23
77.83,77.83,36.94,65.30,78.34
78.90,78.90,38.62,65.04,76.90
76.93,76.93,38.37,66.31,76.15
75.83,75.83,37.27,66.56,74.70
73.13,73.13,35.73,63.33,78.18
70.79,70.79,35.82,64.77,84.71
74.65,74.65,38.65,64.31,87.58
71.34,71.34,42.27,63.69,85.39
72.65,72.65,43.43,63.07,85.13
77.97,77.97,43.85,66.07,81.72
79.38,79.38,39.85,65.69,82.95
77.09,77.09,34.39,65.56,84.03
72.38,72.38,38.19,63.91,78.55
74.84,74.84,34.99,64.73,79.61
75.97,75.97,27.81,65.08,81.86
75.85,75.85,30.85,65.61,77.05
72.28,72.28,35.71,65.92,78.39
76.66,76.66,37.57,65.53,77.58
79.06,79.06,40.36,65.73,82.33
75.11,75.11,42.86,62.01,79.29
80.16,80.16,44.16,65.03,81.98
81.41,81.41,41.47,64.49,79.77
78.30,78.30,33.48,64.39,80.63
77.84,77.84,34.95,62.71,81.19
79.35,79.35,36.11,64.97,76.44
80.09,80.09,30.28,64.65,78.07
82.03,82.03,23.65,65.15,74.19
80.75,80.75,27.35,64.01,77.68
83.42,83.42,28.20,62.74,75.23
83.70,83.70,23.26,65.04,73.33
83.71,83.71,21.39,61.73,75.37
80.25,80.25,22.84,64.20,83.39
80.89,80.89,24.30,63.41,81.55
84.15,84.15,25.12,65.95,80.77
81.34,81.34,24.46,61.58,79.66
81.96,81.96,22.38,64.68,83.04
81.95,81.95,24.89,63.28,79.47
77.71,77.71,28.54,65.24,80.50
77.48,77.48,30.31,64.90,78.84
76.88,76.88,33.02,65.08,79.92
78.59,78.59,35.27,64.76,79.39
76.05,76.05,39.31,62.34,78.60
74.11,74.11,42.17,63.43,75.72
72.00,72.00,37.07,61.80,81.60
71.72,71.72,32.92,63.15,79.50
74.37,74.37,34.36,62.26,78.91
73.85,73.85,38.91,66.63,81.43
76.87,76.87,41.40,62.62,78.81
75.03,75.03,43.33,63.71,79.48
72.50,72.50,33.39,60.62,81.24
66.13,66.13,33.29,64.92,76.32
63.61,63.61,51.26,62.20,78.87
66.78,66.78,61.10,63.75,79.99
75.72,75.72,64.91,61.81,83.52
75.61,75.61,68.42,60.47,85.55
74.86,74.86,66.17,61.87,79.95
75.08,75.08,62.61,62.05,82.83
76.72,76.72,58.98,62.04,80.50
77.82,77.82,51.39,59.58,79.05
77.29,77.29,43.70,62.88,80.62
75.45,75.45,40.46,58.53,79.63
74.91,74.91,36.59,63.91,80.08
73.05,73.05,44.20,60.87,79.79
75.00,75.00,50.11,62.72,77.64
70.27,70.27,53.95,60.63,80.59
70.66,70.66,53.23,62.83,75.86
74.41,74.41,52.45,60.84,77.95
77.51,77.51,52.17,61.45,77.24
80.37,80.37,43.19,62.06,70.68
73.62,73.62,45.53,62.21,77.19
73.19,73.19,44.69,61.80,74.13
71.40,71.40,43.88,62.38,75.61
69.34,69.34,39.05,64.36,75.84
66.81,66.81,28.27,61.29,76.09
63.55,63.55,34.30,63.53,74.62
62.25,62.25,36.10,59.33,72.06
71.31,71.31,39.70,62.12,77.51
73.76,73.76,43.12,62.62,79.11
73.18,73.18,41.10,56.11,78.51
79.33,79.33,39.71,59.62,79.57
85.30,85.30,34.81,60.30,78.87
83.48,83.48,28.30,62.30,77.64
84.11,84.11,26.03,62.86,78.03
83.87,83.87,22.46,62.88,80.45
85.14,85.14,20.28,61.43,78.13
86.14,86.14,19.36,62.04,79.36
83.27,83.27,20.57,63.67,78.97
84.22,84.22,28.83,63.96,81.69
85.14,85.14,35.18,63.31,81.44
86.84,86.84,35.02,61.85,81.54
82.25,82.25,32.52,63.28,82.66
81.55,81.55,28.94,63.25,79.86
81.40,81.40,31.32,63.31,82.01
79.40,79.40,33.42,62.62,80.24
75.23,75.23,29.13,61.18,81.16
69.48,69.48,25.92,63.49,81.54
69.37,69.37,20.65,63.55,78.54
68.11,68.11,20.09,64.28,79.77
67.54,67.54,20.48,63.37,79.76
69.10,69.10,26.43,62.82,81.53
68.53,68.53,38.19,63.16,83.97
69.60,69.60,43.18,63.17,84.28
72.79,72.79,40.95,63.38,78.58
77.62,77.62,36.13,62.82,81.32
78.84,78.84,33.36,61.58,78.86
79.61,79.61,31.66,62.95,75.61
79.26,79.26,32.19,63.64,77.13
82.14,82.14,29.37,63.47,77.23
81.28,81.28,27.51,63.21,77.94
80.87,80.87,25.57,62.34,76.69
79.40,79.40,26.61,63.91,79.45
78.28,78.28,28.64,64.59,78.69
79.26,79.26,31.24,63.95,78.27
79.83,79.83,30.71,63.25,77.80
78.15,78.15,30.51,61.55,75.32
78.23,78.23,30.22,63.47,76.84
79.04,79.04,30.24,63.56,77.08
80.40,80.40,26.28,63.98,75.18
80.98,80.98,33.61,63.23,74.79
82.66,82.66,39.61,62.30,76.29
79.92,79.92,29.73,63.03,75.35
77.04,77.04,29.65,63.59,75.63
78.19,78.19,28.73,62.94,74.13
76.84,76.84,24.79,62.86,76.49
78.19,78.19,29.56,62.88,77.89
75.92,75.92,29.13,61.77,75.06
81.42,81.42,27.01,63.07,77.22
79.51,79.51,23.36,63.64,76.65
80.02,80.02,19.68,63.76,77.47
78.83,78.83,28.34,62.76,79.71
74.20,74.20,44.42,63.44,79.35
71.35,71.35,41.93,63.51,80.47
69.34,69.34,46.19,63.97,80.31
71.04,71.04,47.03,64.12,79.73
69.80,69.80,49.38,63.07,79.79
70.58,70.58,47.55,62.40,79.11
71.34,71.34,45.92,62.74,86.35
73.88,73.88,47.10,62.85,83.66
81.63,81.63,43.02,63.29,79.27
81.91,81.91,43.12,62.71,80.83
82.20,82.20,40.34,62.05,80.45
78.89,78.89,35.57,62.21,79.08
79.57,79.57,35.16,63.20,79.40
78.60,78.60,36.71,62.34,80.69
79.89,79.89,35.69,63.27,78.10
83.76,83.76,35.61,61.66,79.86
82.58,82.58,39.36,62.35,77.12
81.28,81.28,44.49,63.06,79.54
78.13,78.13,46.17,62.26,81.22
80.47,80.47,41.88,60.90,74.35
81.10,81.10,38.65,59.92,81.23
83.01,83.01,46.30,62.47,74.26
84.56,84.56,44.13,61.87,80.55
82.79,82.79,39.19,62.70,74.24
82.57,82.57,36.27,62.56,78.05
80.40,80.40,36.84,61.72,74.86
82.22,82.22,39.42,61.39,78.28
82.37,82.37,40.11,61.33,76.98
83.90,83.90,38.69,61.17,78.97
81.10,81.10,36.85,60.90,80.90
80.81,80.81,37.00,60.66,78.03
82.70,82.70,33.45,59.88,72.96
85.92,85.92,31.94,60.63,76.07
81.92,81.92,32.96,60.23,74.77
82.35,82.35,30.90,59.31,75.90
84.56,84.56,27.58,58.31,71.74
81.14,81.14,30.66,56.09,73.64
82.36,82.36,32.39,57.67,71.53
84.90,84.90,31.04,54.41,72.02
82.53,82.53,35.29,60.90,75.62
78.08,78.08,32.35,61.89,79.82
79.31,79.31,31.26,64.61,83.10
82.64,82.64,31.73,60.76,82.70
79.91,79.91,35.82,59.08,83.46
77.57,77.57,35.06,61.41,83.01
81.49,81.49,36.45,64.60,83.42
83.24,83.24,35.94,63.53,82.35
76.94,76.94,33.88,63.82,80.80
79.16,79.16,27.28,64.04,83.09
75.99,75.99,30.25,62.76,81.17
77.07,77.07,28.28,63.57,80.47
83.96,83.96,33.47,66.34,82.21
82.85,82.85,26.92,66.09,78.87
84.05,84.05,29.10,62.98,82.40
82.92,82.92,24.10,64.01,81.62
83.71,83.71,24.82,62.08,83.07
85.39,85.39,24.12,64.40,82.75
85.17,85.17,23.80,66.49,81.79
81.04,81.04,20.48,63.44,81.54
82.64,82.64,22.74,62.76,82.34
83.75,83.75,25.43,60.71,78.55
83.66,83.66,36.38,62.78,80.30
85.04,85.04,41.44,63.36,78.10
85.16,85.16,58.15,61.07,77.83
79.47,79.47,63.49,59.44,81.76
82.32,82.32,63.43,62.00,81.40
80.17,80.17,61.63,61.64,80.16
81.56,81.56,56.78,66.86,80.09
79.31,79.31,52.06,66.71,78.41
80.30,80.30,46.94,64.28,80.61
82.42,82.42,43.55,65.69,78.29
80.61,80.61,42.55,65.64,77.87
83.00,83.00,38.45,64.66,79.17
81.82,81.82,30.70,65.40,75.97
82.51,82.51,28.12,65.19,80.39
81.02,81.02,29.35,63.56,75.56
79.33,79.33,30.88,66.77,81.50
78.01,78.01,27.35,65.60,78.63
79.79,79.79,26.94,63.36,81.58
82.26,82.26,28.76,64.43,80.46
81.95,81.95,27.60,61.44,80.74
82.60,82.60,28.62,60.78,80.86
82.57,82.57,28.83,65.71,78.85
83.96,83.96,24.24,62.01,79.49
81.81,81.81,30.22,61.14,78.87
82.87,82.87,27.46,64.50,78.71
83.05,83.05,20.90,64.08,78.50
83.02,83.02,18.80,64.99,77.76
81.96,81.96,18.88,66.62,82.67
80.52,80.52,21.64,64.00,84.27
80.93,80.93,23.92,67.17,79.45
80.58,80.58,26.94,66.18,78.77
81.97,81.97,25.41,63.38,83.94
81.51,81.51,23.85,65.40,78.70
79.31,79.31,26.66,65.12,80.74
80.01,80.01,28.52,63.46,77.67
81.57,81.57,25.89,65.18,77.01
76.83,76.83,28.17,61.41,81.94
76.18,76.18,28.43,61.55,83.10
75.20,75.20,32.14,64.82,86.23
75.00,75.00,30.16,64.65,84.77
74.57,74.57,28.54,60.88,84.50
72.01,72.01,24.95,63.30,84.35
70.16,70.16,26.79,62.15,82.21
69.54,69.54,26.40,64.17,81.83
68.61,68.61,26.76,64.79,85.18
67.85,67.85,29.51,61.60,81.36
70.12,70.12,31.63,65.28,81.16
72.74,72.74,29.74,63.23,79.24
70.51,70.51,28.40,63.39,81.21
68.91,68.91,30.15,65.98,81.63
70.27,70.27,33.13,63.81,81.78
72.83,72.83,32.25,64.17,83.49
73.49,73.49,32.81,66.11,85.95
74.01,74.01,32.88,64.24,82.81
72.94,72.94,30.24,64.96,83.25
72.11,72.11,30.76,66.68,79.98
73.45,73.45,33.95,63.43,81.51
75.12,75.12,37.14,65.08,83.12
75.29,75.29,33.85,65.22,80.44
74.04,74.04,32.30,63.92,81.43
74.25,74.25,27.46,66.24,81.24
75.88,75.88,28.68,66.03,81.91
74.38,74.38,32.48,63.24,79.53
75.89,75.89,35.84,65.60,80.71
74.65,74.65,39.29,63.78,80.25
74.89,74.89,40.21,64.54,79.19
74.59,74.59,30.64,67.97,76.66
72.84,72.84,29.47,64.84,80.02
71.06,71.06,30.27,63.54,77.38
67.56,67.56,31.15,64.40,77.03
66.90,66.90,29.14,63.44,79.36
65.53,65.53,31.89,65.04,76.79
73.16,73.16,31.88,66.36,81.43
70.36,70.36,34.62,56.95,83.83
73.58,73.58,35.55,61.62,78.81
72.88,72.88,32.05,58.99,80.79
77.57,77.57,32.83,64.14,76.41
78.23,78.23,32.47,64.32,80.37
79.78,79.78,29.45,64.43,84.51
80.73,80.73,30.46,62.97,83.56
82.70,82.70,33.36,61.97,78.41
83.84,83.84,32.89,64.99,77.93
82.34,82.34,31.34,62.75,78.36
82.60,82.60,29.96,63.24,80.45
79.72,79.72,30.36,63.98,80.19
79.15,79.15,29.67,66.06,79.68
81.23,81.23,31.08,64.60,79.26
80.91,80.91,31.19,65.52,79.05
79.36,79.36,33.25,65.13,79.35
82.43,82.43,34.12,64.91,80.55
83.24,83.24,31.35,61.73,80.23
81.76,81.76,31.35,64.17,81.27
79.09,79.09,32.78,63.47,80.76
82.99,82.99,35.18,63.75,82.53
78.30,78.30,36.87,62.72,80.74
81.60,81.60,44.21,63.33,81.47
84.95,84.95,50.54,63.39,84.00
80.83,80.83,52.52,63.51,81.80
81.68,81.68,49.18,63.44,79.69
81.70,81.70,44.13,62.16,78.88
84.75,84.75,37.07,63.56,78.63
81.39,81.39,33.91,61.77,77.92
80.56,80.56,31.53,64.28,76.17
76.72,76.72,31.00,63.67,75.58
79.25,79.25,31.86,63.40,76.26
79.29,79.29,33.72,60.04,73.32
83.06,83.06,37.05,62.47,75.16
85.18,85.18,41.37,63.68,70.50
85.69,85.69,43.75,63.90,72.81
84.89,84.89,38.54,62.58,72.52
82.21,82.21,37.82,64.13,73.16
81.05,81.05,34.91,64.62,71.43
83.22,83.22,31.83,64.17,72.31
86.76,86.76,30.21,64.04,70.64
85.20,85.20,31.90,62.77,72.80
80.42,80.42,33.67,63.29,70.79
81.98,81.98,29.91,62.34,72.48
82.92,82.92,30.99,64.99,72.65
85.48,85.48,29.05,64.68,71.74
83.00,83.00,29.97,64.02,76.51
84.57,84.57,31.42,62.07,74.77
84.51,84.51,33.12,65.22,75.97
79.49,79.49,33.97,64.22,73.38
79.22,79.22,31.79,64.59,71.84
84.51,84.51,34.59,63.33,73.44
83.39,83.39,33.81,62.73,73.30
83.08,83.08,32.86,63.58,72.89
82.05,82.05,32.01,62.84,67.50
79.95,79.95,28.78,62.94,71.73
81.68,81.68,31.79,64.22,72.79
84.01,84.01,31.78,64.31,72.71
84.87,84.87,36.29,63.90,79.27
85.37,85.37,40.06,64.84,80.45
83.06,83.06,39.54,64.00,80.63
81.31,81.31,36.09,64.20,77.06
83.16,83.16,34.52,60.51,74.90
82.31,82.31,30.61,65.16,71.52
82.61,82.61,23.55,64.50,76.93
84.68,84.68,28.45,65.62,72.57
83.49,83.49,35.82,62.99,76.08
82.26,82.26,40.83,62.37,74.11
81.88,81.88,49.14,63.81,75.99
81.76,81.76,57.11,61.61,82.53
80.69,80.69,58.18,62.88,81.41
77.89,77.89,57.60,64.77,84.80
73.62,73.62,53.84,62.92,81.83
70.36,70.36,48.78,63.90,82.00
71.05,71.05,40.07,66.85,79.72
68.86,68.86,34.72,65.65,78.81
69.21,69.21,34.86,67.33,78.24
71.39,71.39,40.41,63.30,76.24
75.13,75.13,42.48,65.45,76.73
79.26,79.26,46.97,65.22,74.50
80.63,80.63,48.07,66.16,79.20
80.28,80.28,42.67,62.50,80.80
80.37,80.37,39.75,64.60,80.23
76.14,76.14,36.42,64.42,76.48
77.43,77.43,36.99,65.35,75.34
83.60,83.60,32.73,64.50,74.87
83.96,83.96,34.45,64.16,73.73
86.48,86.48,30.15,64.52,72.94
89.31,89.31,28.41,63.33,72.58
90.78,90.78,28.92,64.83,72.84
86.45,86.45,32.99,64.03,73.39
82.26,82.26,41.81,65.87,76.81
86.49,86.49,50.92,62.34,79.13
84.78,84.78,57.93,64.95,78.31
85.24,85.24,51.28,63.59,77.83
81.98,81.98,46.86,64.78,77.20
77.90,77.90,41.77,63.18,72.28
82.26,82.26,35.82,63.87,72.98
82.66,82.66,36.25,64.58,72.45
80.84,80.84,32.57,64.08,70.50
82.22,82.22,30.26,63.86,71.24
80.75,80.75,30.82,63.95,71.51
81.97,81.97,31.38,65.18,71.31
78.48,78.48,34.67,63.19,72.51
79.04,79.04,36.86,65.32,75.07
81.01,81.01,39.39,63.99,76.71
77.56,77.56,39.47,64.69,76.23
78.45,78.45,39.71,61.76,77.25
78.00,78.00,35.56,65.80,75.21
79.08,79.08,34.55,65.26,73.50
77.21,77.21,31.70,66.34,73.97
78.50,78.50,31.46,64.56,72.67
77.90,77.90,28.91,64.81,71.14
80.98,80.98,30.49,65.47,72.87
82.77,82.77,37.23,63.91,74.71
77.85,77.85,47.74,64.90,77.28
75.48,75.48,54.55,63.28,82.88
71.60,71.60,55.00,64.55,84.52
67.97,67.97,52.92,62.01,79.01
69.63,69.63,47.57,66.98,79.37
65.84,65.84,39.90,64.94,83.05
65.37,65.37,33.43,65.50,78.78
66.20,66.20,29.62,63.03,83.15
68.21,68.21,29.74,65.96,83.33
73.85,73.85,40.51,65.43,80.33
77.20,77.20,44.11,65.98,83.69
76.81,76.81,35.30,65.25,83.34
76.33,76.33,38.85,63.38,82.59
75.27,75.27,36.35,64.66,84.94
76.44,76.44,34.91,60.78,81.21
75.07,75.07,29.97,64.26,78.92
80.07,80.07,29.57,62.38,80.63
77.46,77.46,32.62,64.68,75.99
78.07,78.07,30.76,61.92,76.93
82.76,82.76,27.74,65.46,77.61
83.35,83.35,25.92,63.90,76.44
79.15,79.15,23.26,65.18,76.71
80.71,80.71,20.98,62.21,78.62
82.63,82.63,18.34,62.17,77.56
82.06,82.06,22.20,63.25,78.58
80.02,80.02,27.44,62.90,78.43
81.61,81.61,27.66,61.85,80.01
81.72,81.72,28.00,62.58,81.57
82.52,82.52,25.85,64.16,84.62
84.29,84.29,26.94,62.39,83.92
80.81,80.81,26.66,63.62,83.06
80.67,80.67,23.25,63.09,81.75
77.45,77.45,24.31,64.81,80.83
76.13,76.13,23.76,61.91,82.40
76.42,76.42,26.68,64.09,82.08
76.26,76.26,29.44,63.43,79.15
75.05,75.05,31.49,63.02,84.23
72.70,72.70,32.62,61.76,80.70
74.66,74.66,31.85,63.66,78.90
76.78,76.78,28.91,64.88,81.47
79.02,79.02,26.03,65.86,79.58
81.81,81.81,26.25,65.17,80.46
81.85,81.85,25.04,62.98,78.43
81.25,81.25,25.00,63.15,76.85
79.91,79.91,22.31,62.32,78.41
79.07,79.07,35.73,65.98,76.28
79.25,79.25,47.98,64.90,75.96
74.20,74.20,57.53,65.62,74.26
74.59,74.59,72.65,61.45,78.09
72.97,72.97,73.97,64.40,81.57
72.54,72.54,67.22,64.48,80.11
73.80,73.80,58.34,65.54,78.66
71.40,71.40,54.20,63.44,81.97
69.53,69.53,54.93,63.69,79.08
72.34,72.34,49.78,64.00,77.36
73.99,73.99,50.87,64.29,82.09
76.50,76.50,46.64,64.38,79.59
77.88,77.88,45.92,63.83,78.81
75.90,75.90,47.37,64.32,81.19
74.61,74.61,43.00,63.86,77.21
73.69,73.69,41.03,64.62,77.56
72.91,72.91,38.04,63.90,76.67
71.15,71.15,33.46,66.02,75.97
76.73,76.73,35.46,62.01,79.01
80.52,80.52,32.98,64.93,76.97
85.18,85.18,26.39,64.30,77.38
81.30,81.30,24.44,64.37,76.27
79.67,79.67,21.08,63.49,76.29
81.53,81.53,18.90,64.27,75.58
82.86,82.86,21.30,63.54,77.84
81.50,81.50,26.75,61.12,71.50
80.10,80.10,28.75,51.31,79.84
85.28,85.28,30.34,57.37,74.82
82.56,82.56,33.63,62.10,77.63
82.38,82.38,31.48,63.01,77.68
84.21,84.21,25.83,65.04,78.20
83.82,83.82,26.36,64.37,79.02
82.79,82.79,25.50,64.68,77.63
82.85,82.85,27.29,64.96,77.81
81.62,81.62,29.98,64.65,78.80
80.60,80.60,37.72,64.91,78.17
78.50,78.50,48.97,63.57,80.12
80.36,80.36,65.77,64.14,79.93
80.33,80.33,67.81,63.66,79.66
77.46,77.46,64.56,64.05,81.55
78.01,78.01,59.14,63.49,80.62
77.11,77.11,54.79,62.50,81.43
78.01,78.01,51.61,63.07,77.58
79.95,79.95,49.95,63.78,77.91
80.76,80.76,47.37,63.36,78.30
80.13,80.13,44.25,63.17,79.11
80.12,80.12,41.58,61.98,78.18
79.77,79.77,43.86,63.27,77.11
79.36,79.36,56.12,63.39,77.08
78.05,78.05,66.39,62.85,78.75
76.59,76.59,74.48,62.73,83.40
73.89,73.89,75.79,61.95,83.49
77.01,77.01,73.85,62.32,84.22
76.83,76.83,70.97,63.46,82.34
76.20,76.20,66.75,64.71,80.31
78.95,78.95,62.92,64.76,79.65
74.73,74.73,61.68,63.59,79.57
71.69,71.69,60.29,64.58,78.89
74.45,74.45,57.94,64.65,79.41
73.45,73.45,52.86,64.70,80.62
68.95,68.95,51.43,63.57,76.56
71.18,71.18,51.60,63.97,80.75
63.90,63.90,49.89,61.93,78.79
61.97,61.97,43.36,63.38,78.65
64.68,64.68,35.28,64.05,77.61
65.86,65.86,38.46,63.77,79.38
63.82,63.82,37.29,63.83,77.27
62.95,62.95,33.64,61.56,80.67
58.66,58.66,29.11,63.56,80.17
62.36,62.36,27.71,63.72,79.97
69.27,69.27,24.97,63.09,79.70
72.82,72.82,26.91,62.63,77.88
76.27,76.27,22.88,62.04,80.79
77.28,77.28,22.90,59.71,79.88
78.49,78.49,33.42,61.63,76.18
79.04,79.04,28.17,63.28,77.14
79.99,79.99,25.61,62.88,78.19
78.04,78.04,28.45,60.43,81.51
76.19,76.19,27.14,59.61,80.23
72.84,72.84,23.95,62.67,79.36
70.83,70.83,25.97,62.83,80.56
66.39,66.39,24.16,62.57,80.65
62.84,62.84,19.21,60.26,82.45
62.10,62.10,21.73,60.60,77.91
73.57,73.57,44.14,61.71,80.56
77.97,77.97,48.57,62.71,82.67
79.18,79.18,54.21,61.82,80.04
80.06,80.06,52.36,61.93,79.41
81.86,81.86,39.82,59.42,82.94
84.62,84.62,31.79,59.99,80.12
85.28,85.28,32.68,60.56,82.47
82.67,82.67,22.12,60.83,80.86
83.90,83.90,22.41,59.68,79.86
85.61,85.61,23.01,59.12,78.04
84.72,84.72,28.81,59.28,81.93
82.02,82.02,35.77,59.95,78.20
83.50,83.50,44.86,59.37,79.69
83.41,83.41,59.58,59.66,86.31
83.33,83.33,66.25,59.04,83.23
81.24,81.24,63.68,60.96,86.07
84.48,84.48,59.30,62.47,82.04
79.74,79.74,42.70,61.17,82.02
76.11,76.11,48.22,61.61,82.39
73.96,73.96,48.76,60.82,81.92
70.19,70.19,46.37,61.61,78.55
69.29,69.29,46.00,62.34,81.91
68.15,68.15,42.18,61.80,79.95
76.73,76.73,45.57,60.56,79.58
79.27,79.27,50.63,58.99,82.51
80.07,80.07,61.26,59.36,84.73
78.91,78.91,61.58,59.81,83.87
77.22,77.22,58.82,59.50,79.99
80.95,80.95,48.64,60.54,79.14
83.09,83.09,39.66,59.33,82.79
83.59,83.59,40.05,60.52,74.12
79.45,79.45,42.54,61.60,76.25
82.43,82.43,41.32,62.59,74.52
81.91,81.91,37.42,60.83,72.87
80.20,80.20,39.16,58.79,79.46
80.43,80.43,35.79,52.49,77.62
80.31,80.31,36.19,56.22,86.32
81.32,81.32,35.35,64.47,85.37
82.74,82.74,33.70,66.51,80.81
80.61,80.61,37.93,64.97,80.98
79.26,79.26,34.63,65.55,78.00
77.84,77.84,34.55,63.25,77.88
82.99,82.99,31.23,65.73,75.26
81.20,81.20,29.17,64.77,75.55
81.05,81.05,30.53,62.44,75.36
82.23,82.23,29.46,64.02,75.40
81.14,81.14,31.46,60.06,82.36
82.02,82.02,32.21,58.88,84.19
79.94,79.94,30.57,64.74,85.12
80.62,80.62,26.47,59.82,87.37
82.28,82.28,24.92,58.72,87.02
79.43,79.43,22.27,63.18,87.73
80.18,80.18,19.83,61.36,86.27
83.24,83.24,17.70,65.63,86.67
82.26,82.26,14.63,64.57,85.18
83.23,83.23,16.31,61.50,84.96
82.19,82.19,20.02,62.55,84.56
83.84,83.84,17.67,63.47,83.40
82.68,82.68,22.72,64.83,83.80
81.95,81.95,35.89,65.62,83.89
78.87,78.87,40.55,63.73,85.15
80.28,80.28,37.28,61.21,83.98
79.62,79.62,30.89,64.66,83.38
79.73,79.73,22.61,63.32,81.92
80.34,80.34,24.31,65.21,81.85
78.55,78.55,23.21,66.94,82.10
79.07,79.07,29.96,64.19,83.12
80.28,80.28,37.14,63.01,79.97
79.48,79.48,30.81,65.17,81.49
78.55,78.55,37.00,64.35,81.40
76.70,76.70,40.45,65.51,83.20
75.78,75.78,34.92,66.86,86.39
73.99,73.99,34.31,62.64,83.24
73.24,73.24,27.52,63.88,81.47
72.41,72.41,31.43,63.85,81.49
75.54,75.54,36.13,64.56,81.01
77.18,77.18,30.31,66.74,80.12
78.37,78.37,32.03,65.29,80.59
78.22,78.22,31.79,63.41,80.70
78.70,78.70,32.17,67.09,79.01
78.34,78.34,34.09,65.44,75.33
79.21,79.21,37.72,65.11,79.81
79.06,79.06,56.20,67.01,77.60
77.55,77.55,66.13,63.29,80.10
79.02,79.02,66.40,64.82,78.60
79.03,79.03,62.87,65.09,79.75
75.66,75.66,58.69,65.66,80.41
79.44,79.44,55.18,66.21,80.04
81.28,81.28,54.47,67.84,80.74
77.97,77.97,50.88,64.38,76.48
74.94,74.94,48.99,65.66,77.60
74.90,74.90,46.16,66.14,79.86
75.10,75.10,42.62,66.34,79.12
74.02,74.02,44.27,68.91,79.24
73.58,73.58,49.04,64.75,82.84
68.59,68.59,46.99,64.10,82.92
70.43,70.43,41.63,67.06,84.64
71.45,71.45,36.26,66.07,83.31
74.86,74.86,35.13,65.82,82.82
76.56,76.56,34.94,66.99,83.38
77.98,77.98,36.43,64.19,81.56
82.00,82.00,37.34,67.18,82.06
80.24,80.24,38.94,64.12,79.22
82.78,82.78,44.80,65.75,82.50
80.40,80.40,57.71,65.47,80.41
79.30,79.30,67.67,67.24,82.97
80.50,80.50,66.55,64.78,80.18
78.94,78.94,67.98,66.30,81.15
79.31,79.31,66.21,62.75,81.59
79.19,79.19,61.84,65.58,79.70
78.83,78.83,55.82,65.55,80.26
76.01,76.01,51.76,65.39,79.14
78.90,78.90,50.79,66.19,83.40
79.25,79.25,47.42,65.39,78.38
76.60,76.60,43.34,65.46,80.90
75.81,75.81,40.51,65.22,78.11
76.09,76.09,33.74,65.65,76.67
78.29,78.29,40.97,64.12,81.10
79.53,79.53,46.21,66.30,83.08
80.61,80.61,43.17,65.55,81.00
83.36,83.36,35.86,65.48,82.03
82.21,82.21,31.67,65.27,78.27
82.12,82.12,32.23,62.68,76.42
82.90,82.90,32.78,62.86,79.88
83.77,83.77,25.83,64.90,77.78
81.03,81.03,23.56,62.48,76.40
84.76,84.76,25.73,55.51,75.64
86.66,86.66,28.24,52.41,73.79
83.22,83.22,29.30,49.38,80.19
83.67,83.67,27.66,61.81,79.03
81.10,81.10,31.04,61.12,76.41
78.83,78.83,29.52,64.15,81.24
81.99,81.99,30.85,59.68,80.28
79.45,79.45,26.32,64.26,78.50
82.61,82.61,21.84,62.29,79.76
81.63,81.63,21.47,63.77,84.21
79.70,79.70,21.50,62.03,82.81
77.96,77.96,21.45,64.83,82.04
78.32,78.32,21.80,64.79,82.94
79.33,79.33,27.09,62.73,81.58
81.76,81.76,37.33,62.35,81.80
78.48,78.48,47.20,65.31,79.36
76.90,76.90,50.70,65.55,81.91
74.86,74.86,48.19,65.77,82.33
75.23,75.23,40.17,64.59,81.71
71.71,71.71,38.79,63.80,79.32
71.47,71.47,37.14,64.57,78.46
69.34,69.34,35.06,63.86,81.76
71.97,71.97,38.00,65.80,77.37
73.58,73.58,34.55,65.90,78.52
74.09,74.09,43.12,65.84,77.41
75.55,75.55,49.45,63.88,75.91
73.32,73.32,58.81,67.39,77.24
68.55,68.55,64.15,67.03,80.34
63.89,63.89,66.30,67.34,85.24
61.91,61.91,62.97,63.12,79.76
62.18,62.18,58.41,63.58,80.79
63.45,63.45,51.23,66.61,81.26
64.41,64.41,44.21,66.09,75.66
68.73,68.73,38.02,64.56,78.01
72.99,72.99,35.30,64.13,78.34
76.05,76.05,34.35,65.49,76.99
77.96,77.96,36.55,64.06,77.44
78.37,78.37,42.26,65.40,79.66
75.55,75.55,49.56,66.10,75.50
75.00,75.00,58.26,65.60,79.97
78.34,78.34,62.69,62.12,82.31
79.88,79.88,59.96,66.28,78.57
73.36,73.36,54.43,65.80,77.19
73.26,73.26,50.00,65.71,76.81
71.08,71.08,43.44,63.09,76.52
64.45,64.45,34.18,63.72,76.13
55.22,55.22,34.37,66.10,76.79
57.28,57.28,34.44,66.39,76.82
56.73,56.73,32.11,65.31,75.09
55.88,55.88,30.49,65.32,75.31
65.61,65.61,40.31,66.04,77.14
68.79,68.79,43.42,64.14,77.45
74.24,74.24,39.75,65.28,79.76
74.95,74.95,35.00,65.55,76.25
80.70,80.70,34.01,65.85,78.60
80.65,80.65,32.87,63.85,75.07
76.28,76.28,28.46,64.92,76.90
74.28,74.28,28.57,67.83,74.00
74.40,74.40,26.79,65.61,76.14
72.83,72.83,27.34,63.23,76.34
71.87,71.87,22.97,67.25,78.98
75.87,75.87,33.46,67.51,79.00
80.91,80.91,38.93,66.47,80.37
73.94,73.94,40.32,64.40,75.29
76.84,76.84,39.55,63.99,77.56
76.26,76.26,37.29,64.70,78.23
77.77,77.77,31.78,64.06,79.02
77.22,77.22,26.87,66.37,77.83
79.08,79.08,27.76,66.04,78.75
78.00,78.00,31.93,67.60,77.47
75.94,75.94,33.00,62.95,78.32
75.32,75.32,41.65,64.98,78.83
77.89,77.89,59.77,66.05,77.23
77.19,77.19,68.57,66.57,75.75
77.26,77.26,76.45,63.41,78.03
71.98,71.98,80.81,65.77,80.63
73.25,73.25,76.18,67.18,80.35
75.03,75.03,64.01,66.27,79.99
75.86,75.86,59.79,65.51,82.79
75.62,75.62,47.38,63.76,78.01
73.43,73.43,52.42,66.86,80.38
71.17,71.17,49.22,64.47,79.11
69.28,69.28,46.26,64.84,75.10
66.83,66.83,45.90,65.93,76.63
65.99,65.99,49.96,66.41,79.04
65.92,65.92,46.36,62.90,74.32
67.79,67.79,44.28,66.11,77.92
68.51,68.51,42.78,66.57,76.38
70.38,70.38,40.01,66.83,76.01
78.50,78.50,39.26,61.54,78.29
76.52,76.52,35.39,65.22,76.34
79.27,79.27,39.87,64.37,76.47
80.28,80.28,43.17,65.94,79.07
79.85,79.85,40.45,65.12,79.27
79.22,79.22,39.39,64.69,77.86
79.00,79.00,38.25,66.56,75.96
78.23,78.23,40.18,63.41,76.20
76.30,76.30,40.39,65.32,80.69
78.05,78.05,40.17,64.38,80.73
82.15,82.15,38.84,62.54,80.10
78.81,78.81,35.03,62.44,77.22
78.24,78.24,33.30,65.53,79.08
71.69,71.69,30.89,65.24,77.69
67.75,67.75,32.15,64.96,78.01
64.12,64.12,30.14,64.53,77.34
60.62,60.62,26.01,64.56,78.69
60.57,60.57,25.42,65.05,79.85
62.93,62.93,27.37,64.65,80.22
65.07,65.07,28.25,64.53,79.46
64.79,64.79,26.74,62.47,79.36
78.51,78.51,26.86,64.16,80.75
81.27,81.27,26.47,61.88,78.10
79.67,79.67,26.16,65.03,78.08
79.31,79.31,27.01,63.45,77.07
78.98,78.98,28.57,65.20,77.27
80.08,80.08,25.56,61.99,77.20
78.71,78.71,26.23,64.66,74.08
81.50,81.50,37.41,63.55,75.74
79.93,79.93,44.49,63.45,74.21
79.17,79.17,59.17,62.89,73.20
78.85,78.85,77.67,60.70,80.23
78.51,78.51,81.52,60.88,80.95
77.84,77.84,74.95,62.10,77.41
76.41,76.41,59.93,64.80,76.07
74.45,74.45,51.69,62.02,76.47
70.13,70.13,50.84,65.07,73.99
66.87,66.87,55.98,60.52,78.86
60.96,60.96,51.72,65.76,78.22
64.80,64.80,44.18,63.63,76.48
63.89,63.89,40.27,65.97,78.23
68.61,68.61,42.65,63.07,77.40
68.62,68.62,41.93,64.65,76.06
76.46,76.46,31.82,59.98,77.36
79.79,79.79,35.08,62.44,77.97
81.13,81.13,35.36,63.64,76.60
80.87,80.87,31.49,63.08,77.71
80.92,80.92,30.18,62.69,75.21
81.16,81.16,26.04,62.89,71.89
79.95,79.95,26.09,64.04,71.01
81.73,81.73,26.34,62.54,75.07
79.30,79.30,23.52,64.07,73.26
81.13,81.13,33.32,60.13,73.31
79.99,79.99,36.12,64.60,73.26
83.42,83.42,46.76,64.10,73.36
82.58,82.58,45.04,65.07,84.60
79.54,79.54,43.59,61.96,80.46
77.73,77.73,40.89,64.89,84.21
75.84,75.84,33.01,64.94,82.23
77.60,77.60,30.07,65.21,79.27
78.81,78.81,28.79,65.23,78.84
74.73,74.73,28.19,65.23,79.21
74.11,74.11,29.97,65.33,79.71
73.30,73.30,34.77,65.23,78.34
71.15,71.15,43.81,64.89,78.99
69.23,69.23,50.35,64.95,77.66
71.20,71.20,53.58,64.30,79.71
68.58,68.58,50.19,62.61,77.23
65.37,65.37,47.64,67.15,78.66
62.83,62.83,46.25,66.50,78.81
61.65,61.65,39.68,67.89,76.29
60.09,60.09,38.47,63.68,76.93
56.74,56.74,38.64,65.48,75.58
59.33,59.33,38.08,65.86,76.79
59.91,59.91,33.13,66.08,75.92
59.92,59.92,48.23,65.89,74.72
60.25,60.25,54.92,65.46,73.72
61.56,61.56,67.96,66.76,74.37
65.78,65.78,73.60,64.69,80.11
68.21,68.21,75.83,65.09,83.17
68.36,68.36,69.73,64.50,85.48
69.21,69.21,55.61,65.41,82.26
70.14,70.14,57.89,61.48,83.83
70.22,70.22,58.35,65.80,82.95
69.15,69.15,51.84,66.09,80.78
68.32,68.32,52.30,66.01,83.82
69.17,69.17,49.30,63.25,80.30
70.86,70.86,49.98,64.94,80.40
69.48,69.48,50.89,66.01,82.64
64.84,64.84,52.36,65.98,82.28
65.73,65.73,51.77,64.26,80.95
64.51,64.51,50.39,64.40,81.38
69.67,69.67,44.54,66.49,79.33
75.21,75.21,45.40,64.69,75.20
78.88,78.88,50.25,65.22,74.95
78.85,78.85,46.66,65.95,74.63
77.22,77.22,51.38,65.32,74.37
75.54,75.54,46.51,63.00,71.86
71.59,71.59,37.33,62.67,72.76
67.66,67.66,44.80,65.28,71.84
74.43,74.43,50.79,63.41,76.43
77.08,77.08,52.86,66.27,76.12
82.66,82.66,52.08,59.39,74.86
84.02,84.02,46.75,65.08,78.85
83.29,83.29,38.94,66.06,75.86
83.97,83.97,36.07,66.17,76.69
84.61,84.61,34.81,65.80,76.19
84.15,84.15,31.47,64.96,75.35
85.22,85.22,30.13,65.20,75.66
82.85,82.85,33.18,64.30,76.28
82.39,82.39,40.96,65.29,79.32
84.98,84.98,48.75,65.31,77.88
81.58,81.58,61.79,66.47,79.39
80.44,80.44,64.18,65.54,79.17
77.50,77.50,64.45,65.46,78.67
75.77,75.77,59.49,65.92,78.06
75.56,75.56,54.32,66.72,78.81
71.09,71.09,48.12,66.79,78.38
69.10,69.10,47.57,66.83,77.62
68.04,68.04,45.66,66.46,79.24
68.36,68.36,42.42,66.92,80.02
69.35,69.35,40.21,66.86,81.36
71.58,71.58,40.57,66.66,80.33
71.80,71.80,42.04,66.45,76.46
70.93,70.93,58.48,65.12,79.62
76.98,76.98,66.41,64.54,79.87
77.17,77.17,67.45,65.06,81.96
77.73,77.73,62.40,63.71,81.77
78.45,78.45,53.43,64.08,79.20
76.69,76.69,55.22,64.26,80.72
77.11,77.11,56.58,63.28,79.86
76.51,76.51,54.34,64.05,81.14
74.50,74.50,51.98,63.46,79.07
72.50,72.50,48.49,63.85,82.98
70.72,70.72,46.59,61.71,81.05
71.75,71.75,50.75,61.12,82.87
74.01,74.01,57.54,58.96,81.48
74.25,74.25,63.21,61.08,80.77
76.18,76.18,62.82,62.45,82.92
75.65,75.65,60.31,62.98,80.19
74.65,74.65,56.75,63.38,78.81
74.22,74.22,54.09,63.70,76.01
74.62,74.62,50.42,64.24,75.44
75.48,75.48,43.18,63.85,75.71
74.55,74.55,41.68,62.47,75.53
76.00,76.00,45.28,60.28,74.97
75.69,75.69,45.31,59.65,76.30
76.38,76.38,47.23,62.31,73.93
75.98,75.98,49.17,62.27,80.28
73.07,73.07,50.01,61.65,84.33
73.86,73.86,50.59,58.94,85.11
76.02,76.02,50.67,58.42,83.53
76.93,76.93,44.90,61.48,83.13
76.51,76.51,39.49,62.63,82.27
77.31,77.31,37.51,63.39,80.82
76.85,76.85,35.86,63.17,80.29
76.79,76.79,35.63,61.68,78.58
72.58,72.58,35.12,62.48,79.81
71.32,71.32,39.70,60.32,78.33
70.69,70.69,47.23,60.63,76.34
71.65,71.65,50.37,57.80,79.62
75.99,75.99,50.16,60.38,78.25
78.08,78.08,47.81,56.85,76.92
79.15,79.15,46.49,59.95,81.16
75.84,75.84,44.40,60.36,78.15
76.50,76.50,43.68,60.41,79.26
77.10,77.10,41.02,63.66,76.00
72.11,72.11,39.37,63.23,77.08
71.73,71.73,34.42,64.68,76.50
65.86,65.86,39.23,65.04,74.41
68.66,68.66,49.58,65.62,76.07
71.50,71.50,66.82,66.22,81.59
73.10,73.10,69.89,64.18,82.16
75.64,75.64,74.79,63.16,82.86
79.42,79.42,73.24,63.98,83.59
79.13,79.13,70.80,62.90,81.64
79.06,79.06,65.86,63.23,82.23
77.26,77.26,58.13,65.04,82.02
77.47,77.47,53.06,64.80,80.92
74.61,74.61,53.74,64.83,80.30
74.40,74.40,54.76,63.26,78.45
76.20,76.20,51.57,65.25,80.84
74.52,74.52,54.76,65.74,78.32
75.58,75.58,54.69,64.54,77.34
72.32,72.32,54.72,64.06,77.40
73.59,73.59,64.54,62.76,76.10
79.73,79.73,61.60,64.09,76.62
81.42,81.42,59.16,65.76,74.76
81.25,81.25,58.11,65.66,73.80
82.97,82.97,57.84,65.04,75.80
82.97,82.97,54.48,64.08,72.94
83.00,83.00,52.11,65.41,73.71
81.54,81.54,54.89,65.71,72.67
78.82,78.82,57.17,63.51,74.60
82.28,82.28,64.46,63.64,77.44
85.72,85.72,68.67,66.22,79.80
85.07,85.07,71.74,66.95,83.69
83.05,83.05,69.31,62.83,82.38
75.68,75.68,63.72,66.30,79.47
82.16,82.16,57.57,65.81,80.40
82.16,82.16,46.31,64.60,80.31
82.01,82.01,51.47,66.18,77.96
79.41,79.41,51.07,66.83,77.82
83.67,83.67,42.85,65.82,75.73
79.96,79.96,36.90,64.68,75.21
79.00,79.00,36.76,62.39,75.42
79.28,79.28,43.02,63.04,75.08
78.62,78.62,42.00,60.97,75.35
76.79,76.79,38.03,60.18,77.93
77.17,77.17,41.58,63.60,75.97
76.75,76.75,37.70,63.70,74.91
79.41,79.41,34.57,62.02,74.00
78.21,78.21,34.04,61.73,75.97
78.39,78.39,33.60,61.55,75.67
80.49,80.49,33.97,61.53,74.93
77.24,77.24,32.52,60.67,73.41
78.97,78.97,39.98,62.39,75.36
78.73,78.73,60.47,64.93,76.94
80.12,80.12,65.88,63.68,76.68
79.61,79.61,68.44,64.15,77.62
78.83,78.83,65.22,61.08,75.15
79.20,79.20,59.54,61.65,75.22
80.10,80.10,45.91,62.09,77.16
80.69,80.69,50.05,61.20,76.33
80.03,80.03,48.15,60.81,73.55
81.33,81.33,35.84,63.40,72.76
81.96,81.96,37.30,63.72,68.67
81.27,81.27,33.82,62.41,67.05
80.16,80.16,37.81,60.12,68.11
79.03,79.03,44.92,60.41,69.82
79.78,79.78,45.35,62.73,69.69
79.64,79.64,51.72,65.27,72.93
81.67,81.67,49.64,61.93,70.04
81.36,81.36,47.43,64.74,70.40
79.24,79.24,44.41,61.95,70.45
79.95,79.95,37.05,61.84,70.83
81.09,81.09,35.53,64.13,70.00
77.72,77.72,36.75,63.65,69.70
79.31,79.31,35.06,61.76,70.90
80.48,80.48,34.16,62.37,70.65
78.99,78.99,35.23,66.01,71.87
80.76,80.76,46.12,64.06,71.47
79.25,79.25,57.30,63.70,77.27
77.99,77.99,60.41,60.12,78.70
79.99,79.99,56.59,63.19,78.07
79.60,79.60,45.47,65.56,77.23
79.21,79.21,38.47,62.99,79.88
76.17,76.17,39.20,63.17,75.05
72.18,72.18,37.95,62.53,76.03
72.70,72.70,33.30,64.12,78.53
73.80,73.80,35.27,62.68,75.79
75.80,75.80,31.10,61.02,76.68
76.96,76.96,33.17,62.90,75.50
75.61,75.61,36.69,63.08,74.28
76.96,76.96,38.22,59.57,75.33
79.73,79.73,34.26,61.92,73.50
80.73,80.73,36.75,60.83,74.00
77.05,77.05,34.02,62.58,74.85
74.92,74.92,31.30,58.04,76.50
73.89,73.89,32.40,59.28,73.09
78.25,78.25,29.07,62.01,78.44
80.16,80.16,26.40,59.00,76.41
79.75,79.75,32.17,58.42,72.72
78.10,78.10,41.35,61.43,75.39
80.91,80.91,48.31,61.09,74.92
80.20,80.20,61.40,59.97,77.83
80.18,80.18,63.63,57.06,77.84
78.49,78.49,64.74,63.06,77.96
74.93,74.93,61.72,63.15,78.56
74.28,74.28,48.14,60.76,77.13
75.14,75.14,49.02,64.07,76.77
77.11,77.11,51.67,63.10,77.42
77.19,77.19,47.18,64.17,73.43
75.47,75.47,42.66,63.24,74.61
76.15,76.15,36.92,63.25,75.46
76.24,76.24,40.63,65.77,75.07
74.99,74.99,35.83,64.32,74.91
74.58,74.58,44.11,63.03,76.65
72.29,72.29,46.70,62.90,75.58
72.62,72.62,44.32,65.68,76.45
72.24,72.24,41.46,65.27,76.07
69.20,69.20,32.65,63.51,77.82
67.93,67.93,26.47,63.07,77.64
67.07,67.07,32.85,62.86,74.48
70.33,70.33,27.21,63.02,76.37
71.91,71.91,32.70,61.05,75.65
71.89,71.89,27.34,60.25,72.48
72.59,72.59,40.57,63.69,73.79
72.92,72.92,45.31,63.04,80.55
75.31,75.31,44.78,62.51,81.60
76.18,76.18,49.01,63.49,80.11
75.00,75.00,55.12,65.30,78.85
77.88,77.88,52.26,63.63,82.29
78.62,78.62,45.42,62.78,76.00
76.27,76.27,42.67,65.19,76.17
77.08,77.08,35.31,64.78,78.25
81.27,81.27,36.89,66.09,76.16
79.74,79.74,33.97,64.01,76.12
78.52,78.52,38.65,61.99,72.95
77.00,77.00,33.95,64.59,75.30
77.89,77.89,42.63,65.56,75.91
79.55,79.55,41.64,63.17,72.17
79.41,79.41,35.17,63.06,71.76
79.91,79.91,32.12,65.10,73.06
80.05,80.05,29.38,66.96,74.63
80.12,80.12,32.51,62.94,74.95
79.02,79.02,32.19,61.06,74.46
79.48,79.48,33.52,62.66,74.60
78.93,78.93,32.62,62.27,72.96
77.66,77.66,37.61,62.55,75.22
79.53,79.53,46.91,62.76,72.06
80.08,80.08,54.70,63.22,78.44
78.73,78.73,58.00,65.62,80.22
80.57,80.57,57.15,64.58,77.39
81.47,81.47,51.74,61.72,77.79
78.88,78.88,46.33,62.18,76.54
79.76,79.76,38.95,60.70,75.42
82.69,82.69,41.40,62.43,78.48
82.37,82.37,44.16,63.91,77.26
79.41,79.41,42.55,65.36,75.52
80.36,80.36,40.57,65.59,79.09
80.68,80.68,43.08,66.35,76.47
79.41,79.41,47.18,65.01,75.60
78.10,78.10,52.83,67.01,75.18
77.61,77.61,60.33,65.33,77.56
76.39,76.39,61.39,67.01,76.96
76.08,76.08,57.42,65.60,77.63
78.10,78.10,52.71,65.85,76.90
79.16,79.16,46.32,66.18,72.95
80.00,80.00,43.30,64.86,76.25
80.26,80.26,36.48,62.95,76.84
81.01,81.01,29.11,64.05,75.71
80.81,80.81,34.14,62.57,73.00
81.22,81.22,40.00,64.35,76.29
81.18,81.18,48.14,65.34,72.09
80.24,80.24,58.59,66.12,77.96
80.61,80.61,59.67,66.42,79.60
80.39,80.39,56.75,62.50,78.64
78.95,78.95,49.11,62.70,77.87
78.12,78.12,42.73,63.12,76.66
77.05,77.05,40.23,63.35,78.39
77.29,77.29,43.73,65.83,78.09
77.13,77.13,38.98,65.64,75.51
80.32,80.32,29.05,62.33,75.60
78.59,78.59,36.35,63.77,74.97
79.91,79.91,45.33,60.42,75.50
80.18,80.18,59.27,63.17,79.93
79.79,79.79,63.27,62.34,79.71
78.49,78.49,59.92,63.47,76.37
77.68,77.68,55.98,65.58,78.82
76.50,76.50,48.82,64.43,74.92
77.53,77.53,43.96,65.79,75.39
77.36,77.36,42.29,61.88,75.59
76.20,76.20,36.28,60.88,75.01
77.49,77.49,25.88,64.69,74.75
77.00,77.00,30.89,63.11,74.49
77.18,77.18,44.88,62.39,74.77
78.68,78.68,54.89,63.96,74.39
79.95,79.95,68.36,66.25,75.61
81.18,81.18,74.92,65.91,76.75
79.90,79.90,67.79,64.96,75.97
78.05,78.05,60.71,65.53,72.55
76.90,76.90,61.93,64.67,69.49
76.46,76.46,57.56,62.53,70.66
74.98,74.98,55.60,63.92,70.27
75.63,75.63,54.68,65.30,71.21
74.33,74.33,42.87,65.61,68.86
73.61,73.61,36.80,63.73,70.00
72.15,72.15,43.56,62.78,70.39
72.13,72.13,50.16,65.55,70.81
72.33,72.33,53.34,63.99,70.59
73.97,73.97,51.39,61.71,71.04
74.76,74.76,47.91,60.81,72.63
71.35,71.35,54.56,62.43,72.79
74.92,74.92,52.87,61.71,69.68
78.26,78.26,48.33,60.03,69.43
76.74,76.74,40.57,61.22,71.11
76.10,76.10,30.65,63.79,69.70
77.34,77.34,32.74,65.36,68.86
78.49,78.49,40.74,60.88,68.56
78.34,78.34,50.29,61.41,69.20
77.96,77.96,53.28,62.80,77.01
80.28,80.28,46.39,59.29,84.71
79.60,79.60,49.69,61.35,87.30
80.18,80.18,45.11,65.26,83.23
80.95,80.95,44.75,69.56,81.15
78.84,78.84,43.65,67.32,83.61
79.47,79.47,40.33,68.57,83.67
77.83,77.83,42.47,67.61,82.22
79.92,79.92,39.72,66.87,82.22
79.81,79.81,37.18,68.16,79.39
80.24,80.24,35.49,66.33,76.43
82.55,82.55,36.46,67.76,80.51
81.31,81.31,38.00,66.74,81.14
80.92,80.92,37.16,66.55,78.94
81.33,81.33,38.95,66.57,77.89
78.38,78.38,40.57,65.00,76.06
77.86,77.86,37.73,65.43,70.40
80.93,80.93,38.30,67.43,73.08
81.92,81.92,36.56,66.36,75.70
82.33,82.33,34.25,66.20,70.84
80.52,80.52,34.36,64.36,73.31
80.17,80.17,37.17,66.47,74.78
80.29,80.29,55.39,66.61,72.99
81.26,81.26,69.51,67.21,79.44
79.95,79.95,71.08,68.15,80.53
79.90,79.90,73.08,69.00,82.81
79.28,79.28,70.21,69.33,79.10
79.13,79.13,61.50,68.63,79.03
80.66,80.66,54.90,67.35,76.45
80.75,80.75,50.76,69.79,77.83
78.48,78.48,53.54,69.48,79.36
73.63,73.63,51.64,65.59,76.51
76.23,76.23,44.11,66.14,78.01
76.46,76.46,45.51,67.72,77.74
76.18,76.18,41.10,69.31,78.13
78.63,78.63,48.00,67.27,77.30
79.04,79.04,58.19,67.00,77.14
80.61,80.61,60.49,69.07,76.75
78.57,78.57,57.10,70.18,76.47
78.68,78.68,56.09,68.96,79.55
80.85,80.85,47.03,68.00,78.71
80.62,80.62,40.33,69.01,77.66
74.10,74.10,44.80,66.71,79.71
77.08,77.08,40.96,65.61,79.68
75.82,75.82,38.35,65.90,83.18
79.56,79.56,55.65,69.24,80.14
79.66,79.66,67.19,67.88,81.46
77.28,77.28,75.68,67.84,79.68
80.19,80.19,77.50,70.81,81.30
79.79,79.79,74.33,69.93,80.72
80.72,80.72,70.49,70.23,78.30
80.88,80.88,64.96,70.40,82.32
80.91,80.91,50.87,72.96,82.22
79.55,79.55,50.39,72.12,81.09
79.74,79.74,52.02,68.93,81.39
77.37,77.37,46.98,68.02,80.51
78.59,78.59,44.92,67.97,78.12
77.40,77.40,49.70,67.21,79.45
77.54,77.54,56.31,68.95,78.47
76.53,76.53,61.80,70.54,80.76
80.06,80.06,58.88,70.80,80.37
78.24,78.24,54.73,70.43,81.75
79.33,79.33,51.26,67.28,77.44
78.45,78.45,49.23,69.69,78.21
79.63,79.63,45.10,68.47,79.60
78.83,78.83,43.25,69.51,80.57
80.61,80.61,46.79,69.77,80.58
82.88,82.88,41.99,69.50,82.81
80.82,80.82,36.59,69.92,81.93
79.52,79.52,35.80,66.17,81.29
79.82,79.82,42.14,64.95,80.23
80.96,80.96,50.24,65.71,82.67
81.90,81.90,52.74,65.23,82.36
80.54,80.54,42.98,65.10,82.10
80.56,80.56,38.21,64.13,80.72
79.82,79.82,38.94,64.71,83.83
80.30,80.30,36.88,64.05,81.16
80.87,80.87,37.90,63.06,83.72
80.86,80.86,37.30,65.12,81.47
79.73,79.73,40.24,64.12,83.91
82.48,82.48,46.72,66.13,82.89
79.61,79.61,56.61,65.57,84.00
79.83,79.83,59.09,66.64,83.38
80.56,80.56,59.59,65.52,83.36
80.66,80.66,53.90,66.80,81.68
82.61,82.61,50.30,65.69,80.60
84.70,84.70,48.03,64.95,81.64
83.94,83.94,44.89,65.73,81.19
83.92,83.92,43.22,64.70,81.37
83.00,83.00,42.87,62.29,81.64
82.09,82.09,40.04,63.78,82.65
81.15,81.15,38.99,63.23,80.33
84.31,84.31,45.61,65.37,80.91
82.76,82.76,59.77,67.23,81.35
81.96,81.96,68.10,67.44,84.05
83.19,83.19,65.79,64.60,78.43
82.90,82.90,60.82,69.11,82.66
84.09,84.09,59.60,67.85,83.54
83.18,83.18,48.59,67.09,83.43
84.58,84.58,45.77,68.32,78.99
81.88,81.88,45.49,68.80,79.46
83.39,83.39,46.22,69.77,80.95
81.79,81.79,45.15,69.27,80.32
81.95,81.95,46.96,69.12,82.35
82.56,82.56,49.05,69.28,81.96
84.22,84.22,51.57,66.95,79.44
83.75,83.75,52.40,66.64,81.73
82.63,82.63,50.66,66.62,83.65
82.35,82.35,49.76,68.71,79.87
82.24,82.24,43.44,70.02,82.94
82.67,82.67,46.76,69.50,83.06
83.16,83.16,45.55,67.71,80.07
84.11,84.11,46.51,67.38,82.49
82.71,82.71,45.81,66.29,75.57
83.29,83.29,49.44,67.75,79.59
83.01,83.01,54.18,69.87,81.20
80.59,80.59,59.32,72.07,79.55
82.61,82.61,71.33,74.19,83.90
78.06,78.06,76.75,73.46,81.29
78.37,78.37,75.99,69.79,81.29
80.99,80.99,74.67,68.48,80.26
81.64,81.64,71.48,68.35,80.05
83.69,83.69,65.69,67.24,78.81
80.14,80.14,67.65,66.22,80.91
81.10,81.10,65.87,67.50,80.59
81.61,81.61,61.72,68.73,81.09
84.60,84.60,59.76,67.27,80.92
82.57,82.57,58.97,66.63,82.67
85.26,85.26,56.05,67.97,76.63
85.20,85.20,58.87,68.52,79.61
85.19,85.19,56.16,70.60,78.77
84.82,84.82,57.99,71.72,80.00
86.63,86.63,55.84,72.21,80.36
83.49,83.49,50.58,70.98,80.95
85.20,85.20,50.88,69.46,84.73
84.00,84.00,50.95,66.17,80.79
85.88,85.88,48.08,69.39,81.98
86.78,86.78,46.38,70.76,79.66
85.63,85.63,45.95,69.11,80.19
83.80,83.80,52.87,67.35,80.51
85.63,85.63,65.83,67.72,79.36
83.33,83.33,71.09,68.30,80.21
82.84,82.84,73.09,68.15,83.57
84.15,84.15,71.85,71.46,80.59
84.32,84.32,68.95,68.54,82.33
82.78,82.78,72.20,68.91,83.29
80.70,80.70,71.35,69.36,81.88
83.79,83.79,65.33,70.92,82.36
82.31,82.31,56.90,69.57,82.08
83.97,83.97,52.86,69.03,76.56
82.77,82.77,60.63,69.48,79.13
81.17,81.17,64.60,72.62,78.02
81.90,81.90,59.24,71.31,80.88
81.77,81.77,60.55,72.23,81.77
85.59,85.59,61.26,71.44,82.10
83.45,83.45,55.04,71.09,80.45
81.08,81.08,51.84,73.00,80.73
83.71,83.71,48.81,71.79,78.59
85.04,85.04,49.63,70.78,80.05
83.21,83.21,47.45,72.79,78.05
82.82,82.82,46.56,70.13,79.29
80.01,80.01,44.94,71.34,79.50
83.17,83.17,52.06,72.41,81.62
81.60,81.60,57.36,69.53,79.76
81.94,81.94,67.20,69.49,78.83
82.42,82.42,80.29,73.76,81.19
83.87,83.87,76.49,71.97,82.45
82.83,82.83,68.75,74.73,80.25
81.17,81.17,73.56,74.14,82.27
82.25,82.25,69.02,75.14,81.13
81.25,81.25,66.94,76.39,79.10
81.14,81.14,66.31,75.22,80.40
81.82,81.82,62.11,76.03,81.15
82.82,82.82,58.55,74.14,79.30
81.56,81.56,62.42,75.59,79.44
80.71,80.71,63.81,75.41,84.64
84.23,84.23,74.26,74.51,81.75
83.33,83.33,78.84,74.99,82.25
82.06,82.06,78.14,73.25,82.11
82.66,82.66,74.24,77.29,83.08
83.22,83.22,58.31,75.79,82.65
83.59,83.59,60.19,75.73,81.12
83.92,83.92,56.72,75.04,81.81
79.69,79.69,56.59,73.44,82.63
79.65,79.65,53.59,74.04,81.08
82.57,82.57,58.24,73.33,81.50
83.33,83.33,64.18,72.72,81.82
82.25,82.25,74.21,74.88,79.54
82.75,82.75,84.12,69.48,78.89
82.46,82.46,82.59,60.52,79.25
81.89,81.89,81.56,61.43,79.12
85.03,85.03,80.26,64.89,80.02
86.65,86.65,83.93,68.56,78.77
82.96,82.96,83.97,64.87,81.15
82.15,82.15,80.70,66.51,79.54
80.73,80.73,82.60,66.22,76.63
79.80,79.80,80.42,65.64,79.31
78.43,78.43,75.58,71.63,79.17
79.37,79.37,73.88,70.14,80.63
80.51,80.51,64.61,68.22,81.86
82.39,82.39,55.92,71.25,77.47
82.95,82.95,63.22,70.37,80.35
83.28,83.28,60.76,71.64,80.59
82.92,82.92,57.52,69.43,78.74
83.03,83.03,48.65,66.55,80.80
83.14,83.14,48.63,66.48,78.47
86.11,86.11,43.81,70.35,76.78
84.44,84.44,42.42,62.04,75.68
85.66,85.66,45.58,68.27,78.20
86.34,86.34,45.20,65.69,78.46
81.37,81.37,50.03,62.37,78.53
84.38,84.38,53.80,68.28,77.19
83.78,83.78,59.60,68.66,78.44
84.80,84.80,60.47,64.47,80.21
83.79,83.79,56.09,70.62,79.14
85.91,85.91,53.99,67.96,76.53
85.90,85.90,50.71,67.05,75.85
85.26,85.26,48.06,73.14,76.91
85.46,85.46,47.44,66.75,74.86
87.49,87.49,45.84,68.58,78.45
87.43,87.43,47.30,73.02,78.81
85.09,85.09,54.23,63.66,77.54
83.88,83.88,64.16,68.96,77.57
86.65,86.65,75.47,66.80,80.99
86.75,86.75,82.30,63.25,77.76
84.90,84.90,79.57,55.93,79.49
85.38,85.38,82.46,64.80,78.84
86.82,86.82,85.88,67.14,80.38
85.39,85.39,85.91,69.27,78.92
83.65,83.65,83.11,69.00,78.79
84.77,84.77,85.62,67.07,77.12
84.99,84.99,80.38,67.91,78.64
83.18,83.18,78.19,71.75,79.84
79.38,79.38,72.82,68.49,77.71
79.02,79.02,70.82,73.03,78.79
80.80,80.80,84.37,69.95,76.75
81.80,81.80,83.56,69.40,77.17
82.37,82.37,79.27,70.16,79.12
82.52,82.52,85.48,71.84,80.56
86.58,86.58,84.04,68.63,78.91
84.79,84.79,84.23,74.89,80.55
85.89,85.89,84.79,69.32,81.99
86.70,86.70,80.85,72.37,80.38
87.21,87.21,76.37,71.41,76.95
88.24,88.24,75.72,70.36,76.81
88.04,88.04,71.55,69.50,76.46
87.96,87.96,71.45,71.57,77.64
87.55,87.55,65.09,70.25,77.24
87.21,87.21,60.63,69.52,77.40
86.52,86.52,53.40,71.55,79.26
86.54,86.54,49.38,70.57,78.19
82.50,82.50,49.42,69.54,77.28
82.74,82.74,50.06,73.02,78.95
82.42,82.42,45.55,69.20,79.96
81.41,81.41,45.73,72.03,76.56
85.95,85.95,46.61,71.47,80.38
87.82,87.82,46.83,68.72,80.32
87.16,87.16,54.28,71.94,79.36
87.38,87.38,58.60,70.08,78.88
84.10,84.10,62.07,70.08,76.93
83.84,83.84,61.95,72.75,75.77
84.54,84.54,57.16,68.78,75.82
85.69,85.69,55.36,71.14,78.11
86.00,86.00,50.58,72.42,79.80
87.20,87.20,49.63,69.75,79.85
86.36,86.36,48.22,70.71,78.44
87.84,87.84,48.43,70.97,79.46
88.25,88.25,51.60,70.61,76.40
88.38,88.38,57.92,71.78,75.56
87.77,87.77,54.84,72.06,78.40
84.77,84.77,57.31,71.31,81.10
82.57,82.57,60.14,71.08,81.62
79.79,79.79,54.56,72.77,87.65
79.08,79.08,51.09,71.33,85.51
81.00,81.00,46.61,71.83,78.71
80.43,80.43,43.02,72.25,82.76
80.85,80.85,42.03,70.54,85.43
82.94,82.94,44.86,73.70,82.67
83.67,83.67,42.79,71.53,80.78
84.03,84.03,54.29,71.98,82.67
86.88,86.88,62.41,70.83,80.75
85.72,85.72,71.51,68.08,80.13
82.44,82.44,85.87,70.08,81.89
80.66,80.66,82.44,62.86,79.72
79.97,79.97,80.98,65.30,80.53
80.30,80.30,84.57,66.59,78.72
78.56,78.56,88.10,65.99,77.72
79.65,79.65,83.85,61.32,79.40
84.50,84.50,81.10,68.71,78.85
80.15,80.15,81.80,65.40,80.36
80.05,80.05,76.36,68.43,79.54
79.71,79.71,72.49,70.74,80.99
77.53,77.53,71.13,67.65,79.44
82.16,82.16,67.63,71.80,83.23
80.99,80.99,64.49,68.51,82.55
80.82,80.82,58.35,67.48,81.07
81.99,81.99,56.75,70.94,78.41
83.01,83.01,53.18,67.64,81.99
80.26,80.26,50.83,71.75,82.40
81.48,81.48,49.84,64.95,80.07
82.94,82.94,48.89,72.22,78.37
82.59,82.59,44.36,63.89,85.17
83.71,83.71,46.66,73.49,81.72
85.39,85.39,46.38,67.17,78.71
85.79,85.79,57.19,72.08,78.57
84.38,84.38,61.12,64.65,83.35
81.24,81.24,58.17,69.89,78.25
78.95,78.95,52.29,70.06,77.94
82.17,82.17,50.34,66.73,77.19
85.57,85.57,49.67,72.99,79.02
87.15,87.15,48.41,63.71,77.72
83.86,83.86,45.69,70.99,76.06
77.77,77.77,44.91,67.77,77.22
82.12,82.12,43.07,71.11,78.61
83.20,83.20,54.17,72.71,79.33
82.26,82.26,66.55,69.91,79.67
83.35,83.35,72.11,70.86,82.34
78.59,78.59,85.71,66.80,80.87
84.07,84.07,81.38,62.56,80.80
82.36,82.36,79.72,61.26,81.16
81.86,81.86,84.65,61.10,77.28
78.64,78.64,88.70,71.61,78.78
80.48,80.48,83.62,68.56,76.62
82.22,82.22,82.41,69.83,74.76
80.24,80.24,82.39,65.48,80.38
81.67,81.67,76.94,72.73,78.76
80.91,80.91,72.10,70.10,80.44
79.96,79.96,68.43,70.69,84.31
80.49,80.49,76.48,70.78,82.57
79.38,79.38,85.49,67.53,78.64
81.75,81.75,83.27,67.13,79.49
78.17,78.17,83.30,65.82,76.06
75.91,75.91,84.32,70.50,76.67
80.73,80.73,86.22,70.80,76.88
81.46,81.46,87.73,70.02,75.88
80.58,80.58,80.84,62.02,74.94
78.51,78.51,77.13,72.07,76.19
79.99,79.99,78.76,70.73,78.05
79.78,79.78,72.03,70.59,79.24
76.73,76.73,61.50,71.36,76.37
76.34,76.34,56.97,70.49,79.45
78.12,78.12,57.11,75.96,80.91
79.39,79.39,56.31,67.66,77.80
77.87,77.87,49.09,73.89,79.87
77.01,77.01,52.52,69.41,80.11
78.90,78.90,51.86,73.85,77.33
77.75,77.75,45.35,70.06,80.66
79.46,79.46,45.59,71.00,80.35
83.32,83.32,46.42,73.21,78.43
83.95,83.95,52.58,66.92,77.72
80.42,80.42,64.23,75.66,76.36
83.09,83.09,72.98,70.85,80.25
82.21,82.21,67.86,76.22,80.11
78.61,78.61,60.89,71.44,76.82
80.54,80.54,58.95,73.72,79.12
77.50,77.50,57.71,70.77,79.03
79.26,79.26,56.35,73.80,79.51
81.24,81.24,53.90,72.70,78.47
79.59,79.59,52.02,71.89,81.18
77.89,77.89,49.13,74.05,80.43
76.51,76.51,51.04,70.35,79.12
80.76,80.76,56.51,75.78,80.20
79.11,79.11,62.11,71.46,77.83
80.40,80.40,64.27,75.85,85.02
81.14,81.14,60.09,71.38,82.38
80.82,80.82,53.90,74.00,80.27
81.15,81.15,56.00,74.03,84.67
80.19,80.19,47.33,74.00,84.80
78.77,78.77,50.45,75.39,78.35
79.53,79.53,47.52,72.26,82.64
76.93,76.93,48.27,74.42,81.17
77.81,77.81,45.44,72.63,81.01
80.90,80.90,49.58,76.06,79.14
81.53,81.53,62.65,74.83,79.83
79.55,79.55,67.16,74.45,78.00
82.16,82.16,80.56,75.43,80.05
80.32,80.32,85.75,69.85,79.96
81.43,81.43,80.13,70.40,78.98
83.35,83.35,77.64,72.12,80.82
80.59,80.59,84.89,69.58,77.00
83.62,83.62,87.15,69.00,79.68
81.73,81.73,82.23,70.55,78.98
82.28,82.28,83.58,71.18,79.48
81.56,81.56,77.39,72.73,79.51
82.18,82.18,71.19,72.42,78.11
81.21,81.21,68.86,73.70,78.60
83.82,83.82,59.10,74.49,81.47
85.17,85.17,55.86,73.30,76.34
83.57,83.57,57.44,75.44,79.14
87.07,87.07,51.91,73.48,78.43
82.63,82.63,44.85,72.87,78.00
83.71,83.71,45.52,74.13,80.19
80.36,80.36,40.34,72.52,78.85
83.65,83.65,40.86,72.45,80.83
86.95,86.95,43.82,73.07,79.28
85.72,85.72,44.28,73.13,78.52
81.40,81.40,54.58,73.62,77.26
79.19,79.19,57.16,71.68,77.11
81.48,81.48,63.14,72.75,79.87
82.70,82.70,65.38,72.19,80.66
80.23,80.23,60.19,70.54,78.89
81.94,81.94,58.43,69.53,80.61
82.99,82.99,55.71,69.65,81.02
84.82,84.82,54.12,70.70,78.80
84.47,84.47,53.60,69.11,79.32
86.89,86.89,51.48,65.07,78.47
85.00,85.00,49.33,67.09,80.43
84.19,84.19,53.87,65.88,78.98
82.82,82.82,59.77,66.89,80.18
82.50,82.50,70.54,67.06,78.16
81.73,81.73,80.52,65.91,78.41
82.06,82.06,85.15,67.43,78.09
83.40,83.40,82.77,60.63,78.26
86.15,86.15,82.31,62.49,80.74
85.66,85.66,85.59,62.86,79.66
86.66,86.66,84.62,64.95,77.16
85.86,85.86,80.92,63.62,79.04
85.26,85.26,82.03,66.16,81.26
84.16,84.16,76.39,69.21,79.80
82.75,82.75,74.64,70.07,78.03
86.10,86.10,68.10,67.66,77.01
85.26,85.26,68.59,68.07,81.33
84.85,84.85,80.53,69.38,82.19
84.33,84.33,84.54,67.49,80.14
84.36,84.36,77.39,63.15,78.33
84.79,84.79,83.45,66.90,84.22
83.83,83.83,84.09,70.78,80.72
85.03,85.03,84.45,71.05,77.98
82.55,82.55,84.37,72.08,78.35
84.39,84.39,81.25,70.94,78.40
85.37,85.37,77.40,72.29,80.14
86.83,86.83,73.21,72.77,83.31
85.88,85.88,64.87,70.86,78.81
84.20,84.20,66.46,70.66,80.14
84.41,84.41,66.13,68.63,83.10
84.79,84.79,61.18,68.53,82.45
83.43,83.43,60.35,70.15,78.17
82.28,82.28,61.31,71.25,79.46
84.47,84.47,56.53,72.23,79.77
86.39,86.39,53.54,71.58,77.96
83.26,83.26,52.28,70.71,78.17
82.50,82.50,55.17,72.15,79.19
83.89,83.89,53.65,70.42,78.70
84.86,84.86,60.52,71.39,77.04
83.13,83.13,59.81,72.63,81.36
83.80,83.80,60.36,73.70,79.85
82.93,82.93,64.74,72.84,80.82
85.83,85.83,59.51,71.99,76.22
84.19,84.19,56.70,70.59,78.71
88.60,88.60,52.98,72.28,78.65
86.08,86.08,48.77,70.32,79.87
81.19,81.19,48.93,72.42,77.86
85.42,85.42,48.80,71.17,79.30
81.72,81.72,50.72,72.81,78.57
79.65,79.65,57.67,72.94,80.26
78.05,78.05,59.29,70.94,77.56
79.85,79.85,61.76,68.90,80.33
82.44,82.44,64.93,70.75,77.68
84.53,84.53,62.19,69.92,79.97
81.87,81.87,60.77,71.23,79.97
82.35,82.35,59.21,70.70,78.69
81.70,81.70,55.50,70.98,79.53
80.94,80.94,51.53,72.47,82.12
80.01,80.01,50.37,71.07,82.57
85.19,85.19,51.22,70.91,81.44
84.89,84.89,52.37,69.51,79.10
83.55,83.55,56.71,68.73,76.82
80.78,80.78,69.48,66.25,76.12
82.49,82.49,74.98,62.03,78.73
82.59,82.59,86.51,61.98,78.62
85.16,85.16,84.74,71.35,75.89
84.54,84.54,80.73,72.24,74.99
82.22,82.22,83.50,71.03,76.05
81.35,81.35,87.89,75.43,79.45
83.38,83.38,84.24,71.45,77.89
80.83,80.83,83.05,71.81,76.43
80.04,80.04,82.19,74.29,78.84
82.08,82.08,73.74,70.04,75.71
83.54,83.54,72.81,74.65,79.32
85.86,85.86,71.31,75.82,79.20
82.28,82.28,70.86,72.09,82.56
78.35,78.35,73.78,74.25,83.05
78.77,78.77,72.50,75.50,81.76
82.42,82.42,67.61,71.79,80.71
84.44,84.44,64.78,74.37,83.78
83.96,83.96,64.34,73.78,82.92
87.05,87.05,65.13,71.07,80.57
85.62,85.62,64.55,72.23,81.01
85.63,85.63,66.03,75.26,79.58
85.21,85.21,67.22,70.18,80.69
86.87,86.87,64.77,71.73,80.61
84.54,84.54,62.06,71.88,78.33
79.83,79.83,64.57,64.60,76.89
83.60,83.60,64.42,70.17,81.50
85.95,85.95,60.95,69.46,80.25
87.10,87.10,57.83,69.23,81.95
83.34,83.34,51.79,71.30,82.63
83.73,83.73,51.98,67.66,80.58
78.99,78.99,47.75,69.27,81.07
80.79,80.79,44.10,71.52,80.04
83.06,83.06,47.37,67.93,79.72
79.54,79.54,58.91,71.81,81.73
75.66,75.66,67.44,68.83,77.85
80.07,80.07,77.95,65.95,78.55
83.48,83.48,86.41,66.36,76.91
79.04,79.04,85.83,69.08,78.83
81.40,81.40,78.62,65.07,81.70
80.75,80.75,85.35,69.48,79.20
80.97,80.97,89.40,65.89,80.14
79.59,79.59,85.24,68.67,79.84
80.26,80.26,85.42,67.01,81.07
81.54,81.54,81.04,68.40,79.47
77.52,77.52,75.19,71.74,78.32
77.37,77.37,76.38,69.49,80.16
78.76,78.76,74.61,65.94,78.74
76.04,76.04,80.14,70.08,80.99
69.81,69.81,85.02,64.52,81.35
69.21,69.21,81.35,69.28,81.94
73.10,73.10,85.46,75.07,81.03
72.08,72.08,86.64,69.08,81.24
73.05,73.05,85.12,72.09,81.42
71.61,71.61,85.92,72.12,81.52
73.03,73.03,83.11,73.18,82.91
73.12,73.12,81.97,71.54,81.82
72.88,72.88,81.10,71.41,79.81
72.15,72.15,75.68,67.42,82.10
68.22,68.22,77.92,68.76,85.48
74.19,74.19,75.31,70.82,82.45
69.17,69.17,65.73,62.87,82.24
71.18,71.18,55.80,70.83,85.44
70.56,70.56,51.13,66.59,83.28
70.26,70.26,51.19,66.73,83.04
65.06,65.06,49.46,74.08,83.63
67.07,67.07,52.90,66.31,81.88
72.07,72.07,52.50,69.04,82.05
67.47,67.47,53.34,71.06,85.44
66.84,66.84,64.28,67.35,80.38
66.73,66.73,66.17,71.03,84.33
64.91,64.91,66.88,69.13,83.55
67.48,67.48,69.18,70.73,80.14
66.46,66.46,68.89,71.21,79.87
70.14,70.14,65.82,72.18,82.53
69.17,69.17,61.04,67.69,80.77
68.76,68.76,61.05,68.58,79.38
69.08,69.08,60.29,73.95,80.39
70.08,70.08,59.28,70.94,78.72
73.98,73.98,58.17,73.61,81.08
68.69,68.69,54.64,72.64,79.73
69.69,69.69,58.00,68.17,77.12
70.06,70.06,60.87,73.38,80.76
67.11,67.11,66.32,72.25,82.53
70.70,70.70,68.50,72.25,78.92
74.89,74.89,57.46,74.56,81.65
71.53,71.53,61.12,71.88,84.90
65.71,65.71,64.20,71.41,82.26
65.34,65.34,61.76,71.74,81.62
64.50,64.50,61.99,73.32,83.62
63.95,63.95,61.60,72.71,81.99
63.71,63.71,62.35,66.50,77.57
65.14,65.14,64.08,65.38,79.54
67.66,67.66,74.87,69.08,79.80
76.85,76.85,75.68,72.83,81.91
75.76,75.76,83.23,70.51,82.04
75.68,75.68,84.33,62.23,82.88
86.17,86.17,81.53,59.45,79.29
85.92,85.92,83.25,65.79,80.61
84.58,84.58,85.95,67.17,79.74
85.32,85.32,87.11,72.76,79.63
87.47,87.47,83.16,70.16,76.96
79.54,79.54,84.33,70.74,79.99
80.89,80.89,78.37,69.24,79.21
83.48,83.48,73.11,73.17,79.03
84.88,84.88,73.84,69.71,80.66
84.72,84.72,69.42,71.25,75.98
83.60,83.60,66.71,73.80,78.41
83.32,83.32,64.01,64.52,77.75
82.93,82.93,60.77,70.45,76.29
79.87,79.87,58.95,71.22,79.36
82.42,82.42,54.84,65.24,78.40
83.82,83.82,52.76,70.99,79.43
82.63,82.63,52.70,71.07,79.31
82.12,82.12,49.88,68.30,77.96
81.04,81.04,47.44,70.95,79.84
79.22,79.22,52.71,71.69,81.24
77.89,77.89,56.01,69.47,79.27
86.76,86.76,62.36,70.04,77.60
85.97,85.97,62.94,72.52,79.61
80.97,80.97,55.21,65.90,79.78
81.08,81.08,52.63,71.53,80.51
79.79,79.79,51.77,71.19,80.48
85.94,85.94,53.12,67.97,81.69
84.42,84.42,52.43,72.59,83.72
82.71,82.71,52.35,72.05,82.98
84.76,84.76,48.43,69.59,79.29
81.38,81.38,54.37,69.65,80.63
76.26,76.26,62.75,69.03,80.64
77.15,77.15,68.72,70.30,84.61
75.05,75.05,78.28,68.93,83.51
78.30,78.30,85.86,69.74,82.82
78.30,78.30,82.03,69.49,81.39
78.77,78.77,82.87,72.94,80.93
79.57,79.57,87.33,72.13,83.12
80.02,80.02,87.08,71.86,81.30
83.80,83.80,83.89,73.87,81.00
78.34,78.34,84.49,72.01,83.62
78.69,78.69,76.50,71.12,83.29
73.63,73.63,72.51,69.59,81.32
78.51,78.51,72.71,70.89,81.07
82.16,82.16,74.26,71.98,82.64
78.97,78.97,84.19,68.52,82.64
76.57,76.57,84.27,72.31,81.60
79.29,79.29,82.17,71.41,82.07
75.83,75.83,87.62,70.35,82.76
80.82,80.82,85.54,74.39,83.29
81.18,81.18,83.18,69.28,84.30
77.53,77.53,82.66,72.94,86.63
72.13,72.13,79.59,70.51,85.25
72.04,72.04,80.38,71.14,84.48
75.97,75.97,76.04,70.09,85.48
75.42,75.42,71.13,71.40,82.53
76.03,76.03,66.50,68.68,83.47
71.73,71.73,58.75,69.32,81.78
77.75,77.75,56.76,73.08,83.41
82.00,82.00,55.29,66.90,83.40
84.26,84.26,51.19,68.22,81.32
84.93,84.93,47.02,72.34,81.06
86.22,86.22,48.78,67.06,81.35
86.51,86.51,49.53,70.30,79.37
81.63,81.63,49.55,71.43,79.41
80.92,80.92,54.84,65.97,81.26
79.30,79.30,57.42,73.97,83.84
77.88,77.88,68.58,68.55,82.19
83.25,83.25,66.28,69.97,82.29
83.77,83.77,66.47,71.49,83.24
80.09,80.09,56.95,69.80,83.99
82.90,82.90,52.93,69.24,84.24
86.28,86.28,48.59,71.43,84.58
83.98,83.98,47.94,69.11,82.73
79.36,79.36,46.17,71.28,83.07
82.91,82.91,45.84,70.25,81.57
81.62,81.62,48.97,69.60,79.76
76.71,76.71,56.62,71.08,80.00
78.16,78.16,64.01,71.66,82.59
77.68,77.68,70.81,69.60,80.75
83.13,83.13,72.23,72.19,79.91
85.18,85.18,67.21,71.45,81.47
81.50,81.50,60.36,69.06,80.41
76.82,76.82,51.54,70.86,80.93
75.43,75.43,55.66,72.12,82.07
74.13,74.13,56.62,68.17,84.26
84.43,84.43,49.88,73.21,81.13
87.09,87.09,49.32,69.87,80.99
87.05,87.05,49.91,71.22,83.71
86.09,86.09,59.95,74.36,83.05
79.36,79.36,71.45,72.38,81.20
73.58,73.58,74.73,67.15,82.42
72.13,72.13,82.20,70.83,84.17
72.92,72.92,82.97,67.92,82.42
80.33,80.33,78.49,64.46,83.29
84.18,84.18,83.96,69.13,83.52
82.07,82.07,88.40,74.83,79.71
78.94,78.94,83.68,75.64,79.90
73.77,73.77,81.72,73.72,80.68
72.94,72.94,82.52,73.61,83.29
82.28,82.28,77.65,73.95,80.61
87.69,87.69,73.42,71.46,79.35
82.65,82.65,67.02,73.06,80.13
77.65,77.65,69.55,74.34,79.84
77.43,77.43,72.91,75.25,80.02
78.61,78.61,71.03,74.22,83.40
78.51,78.51,67.06,73.17,82.76
77.05,77.05,62.65,76.41,80.44
81.37,81.37,56.85,74.91,81.13
85.20,85.20,51.78,73.90,82.02
86.45,86.45,53.32,74.70,78.45
85.90,85.90,50.12,74.11,77.50
86.21,86.21,50.87,72.87,78.51
87.30,87.30,56.61,74.52,78.92
81.93,81.93,62.41,75.27,78.74
78.87,78.87,62.52,73.42,81.99
78.48,78.48,62.22,74.52,78.84
78.16,78.16,57.38,72.04,80.91
77.68,77.68,53.34,72.78,81.71
80.53,80.53,51.11,76.03,82.07
83.58,83.58,49.47,71.77,79.15
86.90,86.90,47.38,75.00,81.51
88.41,88.41,45.80,71.74,79.45
78.97,78.97,47.39,72.58,81.46
77.12,77.12,56.27,73.64,81.63
76.44,76.44,63.93,73.23,83.29
78.12,78.12,69.30,69.90,83.48
76.38,76.38,83.01,70.95,81.93
76.24,76.24,86.06,69.74,79.94
86.64,86.64,78.09,66.20,80.27
88.02,88.02,83.96,69.22,82.13
87.02,87.02,85.80,65.88,80.30
82.70,82.70,81.90,65.52,80.11
80.92,80.92,84.42,70.64,82.09
83.42,83.42,80.90,69.78,81.28
86.11,86.11,74.69,71.25,79.31
80.91,80.91,75.46,69.35,79.32
82.63,82.63,69.17,68.73,78.50
85.58,85.58,73.76,70.97,78.45
82.15,82.15,82.21,62.52,79.61
80.29,80.29,76.01,65.83,80.42
82.83,82.83,83.01,61.52,79.47
80.48,80.48,84.02,67.60,80.13
82.88,82.88,84.84,71.52,78.78
86.53,86.53,84.99,69.74,79.25
82.53,82.53,81.25,71.51,79.64
81.11,81.11,79.40,70.25,80.88
83.79,83.79,76.87,69.68,80.79
83.39,83.39,69.64,66.21,79.98
80.16,80.16,67.41,70.31,80.43
79.87,79.87,56.54,66.30,77.66
77.48,77.48,53.80,67.46,78.19
82.32,82.32,50.93,69.67,78.16
82.69,82.69,53.43,63.84,78.24
82.90,82.90,48.75,68.42,77.49
78.65,78.65,48.13,64.10,77.11
78.92,78.92,47.31,70.05,77.67
77.85,77.85,48.80,68.34,78.73
81.55,81.55,45.33,72.37,81.04
82.37,82.37,55.19,69.15,78.89
83.37,83.37,66.79,68.60,78.35
84.20,84.20,67.08,66.40,81.51
82.48,82.48,63.59,66.78,80.32
80.48,80.48,60.18,71.41,79.79
83.35,83.35,62.51,62.05,83.75
85.07,85.07,59.77,72.68,78.46
83.86,83.86,57.55,64.26,82.03
82.18,82.18,55.36,73.88,77.90
79.80,79.80,55.13,69.40,79.76
76.92,76.92,52.86,71.12,79.39
77.77,77.77,57.94,72.00,80.88
78.10,78.10,60.27,67.43,79.24
75.81,75.81,63.62,72.77,80.99
76.82,76.82,76.04,68.12,83.25
78.09,78.09,75.40,74.37,79.72
81.32,81.32,72.79,67.14,83.23
83.04,83.04,62.37,72.34,81.52
84.04,84.04,60.66,68.08,81.73
80.38,80.38,57.68,72.13,81.84
80.46,80.46,56.01,70.87,82.95
79.70,79.70,60.33,63.96,81.73
79.97,79.97,56.08,71.63,80.36
80.03,80.03,57.55,67.84,81.34
82.77,82.77,60.09,73.40,82.64
81.35,81.35,69.81,70.00,79.65
80.24,80.24,78.02,66.14,79.69
81.08,81.08,83.95,72.86,79.43
82.57,82.57,79.99,75.19,80.20
80.77,80.77,83.34,75.15,78.63
79.19,79.19,85.28,74.08,79.04
76.42,76.42,86.02,73.18,77.67
77.54,77.54,80.32,75.36,76.61
78.96,78.96,82.68,73.13,77.73
80.01,80.01,75.29,71.73,80.42
77.32,77.32,72.30,73.37,81.11
80.13,80.13,68.15,74.57,79.09
82.60,82.60,71.33,73.23,81.81
85.08,85.08,72.52,73.86,85.05
85.11,85.11,68.73,70.85,80.11
84.34,84.34,66.64,72.43,79.65
83.55,83.55,64.30,74.71,81.53
83.66,83.66,60.80,75.52,81.06
82.92,82.92,61.08,74.91,79.42
82.70,82.70,57.80,75.22,79.54
78.23,78.23,50.77,73.97,82.73
76.73,76.73,47.84,77.04,80.57
81.54,81.54,60.98,74.95,81.02
83.17,83.17,69.45,75.91,82.81
81.41,81.41,69.05,77.25,80.26
80.83,80.83,63.54,78.74,80.62
81.53,81.53,59.55,78.51,79.37
79.15,79.15,54.96,76.63,79.27
73.15,73.15,53.49,77.35,80.18
77.33,77.33,51.82,78.28,80.50
82.94,82.94,48.94,76.22,81.48
84.84,84.84,48.22,77.20,81.99
84.72,84.72,51.28,77.61,81.17
82.62,82.62,58.49,76.81,79.45
80.56,80.56,64.93,77.59,78.66
82.92,82.92,71.00,72.74,79.77
82.94,82.94,79.78,71.98,82.46
80.90,80.90,84.30,72.45,80.04
81.97,81.97,80.71,71.21,78.09
81.55,81.55,84.89,74.82,80.75
84.97,84.97,87.30,74.47,81.08
85.18,85.18,85.99,75.48,79.23
84.65,84.65,81.83,74.85,82.13
82.61,82.61,84.30,72.72,82.80
80.85,80.85,76.72,74.96,81.03
80.37,80.37,66.92,73.90,80.02
80.46,80.46,62.96,72.97,81.77
80.79,80.79,68.41,72.84,81.70
79.07,79.07,80.15,72.12,80.39
78.25,78.25,82.65,72.00,78.83
78.78,78.78,78.57,69.62,78.91
78.67,78.67,85.70,72.45,79.29
81.21,81.21,84.54,70.34,81.96
82.18,82.18,84.24,70.32,82.49
82.62,82.62,82.75,69.06,82.67
81.99,81.99,78.90,65.94,82.71
82.71,82.71,73.53,67.68,79.91
81.56,81.56,66.45,68.39,79.96
79.73,79.73,64.98,69.04,81.23
79.07,79.07,72.59,74.43,83.61
76.85,76.85,74.65,76.51,79.59
80.06,80.06,72.29,76.99,84.71
82.07,82.07,67.69,76.28,82.15
83.67,83.67,65.06,76.14,80.62
82.34,82.34,63.58,76.34,81.54
79.35,79.35,56.68,74.33,83.44
74.20,74.20,51.37,74.94,80.09
79.86,79.86,49.44,74.84,83.67
82.43,82.43,55.40,75.46,84.47
81.90,81.90,66.70,73.96,84.06
80.85,80.85,73.73,72.90,85.28
80.47,80.47,71.92,74.40,79.12
76.81,76.81,64.82,73.89,77.34
77.61,77.61,60.04,74.30,78.16
80.23,80.23,56.18,71.93,79.58
83.13,83.13,53.38,71.85,80.26
79.50,79.50,50.82,74.73,79.68
78.44,78.44,49.88,73.19,81.21
83.28,83.28,51.41,70.84,81.98
84.58,84.58,48.92,71.22,83.95
85.37,85.37,60.41,72.55,83.44
85.06,85.06,64.25,73.90,82.09
82.15,82.15,64.59,74.52,83.14
76.79,76.79,65.21,72.88,85.90
80.23,80.23,68.16,73.22,85.28
82.05,82.05,61.07,69.13,86.52
78.90,78.90,53.65,72.32,84.19
75.45,75.45,53.92,72.57,83.71
75.20,75.20,54.22,74.27,84.90
77.46,77.46,47.63,73.69,84.21
76.51,76.51,53.37,70.94,82.17
77.22,77.22,58.11,72.89,84.20
78.97,78.97,62.04,70.46,84.73
80.28,80.28,72.09,69.26,81.53
75.62,75.62,76.82,70.77,76.71
74.50,74.50,88.33,71.36,76.97
77.37,77.37,82.26,70.03,79.67
77.24,77.24,81.59,71.20,79.17
74.36,74.36,85.36,76.62,78.50
78.11,78.11,88.91,69.64,79.38
74.91,74.91,85.87,75.35,78.87
77.70,77.70,85.12,76.41,79.82
78.39,78.39,84.00,75.42,79.54
76.43,76.43,75.15,72.56,80.44
75.47,75.47,75.59,76.01,81.37
75.20,75.20,71.73,71.57,80.03
77.23,77.23,71.76,73.54,81.16
78.11,78.11,80.45,72.94,80.95
76.81,76.81,76.86,72.60,80.08
77.61,77.61,72.83,71.19,77.64
76.10,76.10,67.63,74.57,78.54
76.16,76.16,61.25,72.82,80.27
77.77,77.77,61.18,72.53,78.35
78.37,78.37,60.76,73.83,79.05
81.07,81.07,59.33,73.95,77.76
76.83,76.83,60.88,71.58,78.72
76.10,76.10,67.28,72.91,79.36
77.87,77.87,73.87,71.23,79.92
74.49,74.49,68.81,72.60,82.12
76.35,76.35,60.28,74.85,83.07
77.27,77.27,61.87,72.93,83.26
79.94,79.94,61.00,73.21,81.04
79.09,79.09,58.42,73.55,81.23
78.09,78.09,51.68,72.68,81.93
79.48,79.48,51.80,74.52,81.15
75.94,75.94,52.88,72.78,80.97
75.39,75.39,53.01,72.04,83.18
75.71,75.71,58.21,73.26,83.37
75.66,75.66,66.85,70.95,81.43
73.77,73.77,75.12,71.67,81.76
77.20,77.20,87.76,68.23,81.34
74.88,74.88,86.15,68.01,81.86
73.20,73.20,81.57,65.54,82.57
72.37,72.37,84.85,65.97,82.43
69.47,69.47,89.23,70.65,82.92
70.77,70.77,84.90,70.96,85.33
70.33,70.33,86.67,71.25,84.44
70.91,70.91,81.00,66.51,85.15
71.44,71.44,74.59,61.66,84.51
71.50,71.50,75.35,67.04,82.42
71.92,71.92,73.16,68.85,81.21
70.93,70.93,79.68,67.38,79.76
63.89,63.89,86.32,70.63,79.63
64.37,64.37,82.84,68.63,79.27
71.95,71.95,86.59,74.28,76.81
70.55,70.55,87.21,68.58,81.22
69.85,69.85,85.81,71.15,82.88
70.79,70.79,86.26,67.50,79.51
73.19,73.19,82.96,71.30,80.43
73.73,73.73,81.90,72.90,83.02
73.71,73.71,82.61,70.80,80.20
72.60,72.60,75.06,73.34,83.91
69.39,69.39,72.95,73.26,82.28
67.67,67.67,70.34,75.35,80.10
70.30,70.30,63.88,75.00,80.51
70.92,70.92,64.00,75.03,82.33
70.82,70.82,65.45,77.87,81.54
67.69,67.69,63.74,74.02,80.78
60.36,60.36,63.80,75.69,82.11
55.65,55.65,59.32,77.59,80.76
54.40,54.40,57.85,72.21,78.35
53.66,53.66,62.23,71.27,80.25
59.38,59.38,57.94,71.95,83.27
58.77,58.77,68.64,69.57,81.60
59.90,59.90,76.17,70.83,80.87
62.99,62.99,71.63,66.21,82.23
60.00,60.00,68.49,72.13,81.78
54.65,54.65,63.24,70.09,82.90
54.91,54.91,62.45,69.87,83.33
58.33,58.33,63.15,70.51,82.47
57.62,57.62,62.84,70.81,82.84
60.44,60.44,61.71,70.10,83.62
63.57,63.57,61.87,70.48,83.83
63.84,63.84,60.16,70.55,83.52
64.14,64.14,62.16,69.61,84.67
63.75,63.75,64.37,73.90,83.18
61.67,61.67,71.13,66.90,81.25
59.16,59.16,76.68,67.65,81.32
61.21,61.21,71.47,70.67,86.46
60.99,60.99,62.44,68.50,86.94
56.04,56.04,66.78,71.12,81.86
59.09,59.09,68.71,70.29,83.07
61.49,61.49,64.91,66.29,86.64
58.44,58.44,64.70,70.80,83.31
60.61,60.61,64.87,73.86,81.33
66.83,66.83,64.17,73.25,83.25
71.86,71.86,66.88,75.87,84.82
74.36,74.36,69.16,75.78,81.92
79.41,79.41,80.72,73.91,82.01
78.36,78.36,84.30,75.94,81.53
82.67,82.67,82.83,76.97,81.20
82.12,82.12,82.87,76.36,82.62
82.97,82.97,85.90,74.09,80.67
85.65,85.65,87.53,74.68,76.57
88.76,88.76,83.45,74.73,76.04
86.05,86.05,85.16,74.53,76.55
85.12,85.12,78.30,76.22,78.40
83.80,83.80,75.47,73.62,80.16
83.04,83.04,72.79,72.44,81.76
84.34,84.34,73.20,74.31,81.60
86.94,86.94,74.21,69.13,79.22
82.19,82.19,71.02,73.97,83.04
79.08,79.08,60.53,72.88,83.29
79.73,79.73,63.81,73.64,79.68
85.49,85.49,65.50,75.69,79.36
81.43,81.43,64.81,73.76,84.24
84.04,84.04,61.36,75.27,81.71
83.33,83.33,58.11,75.79,78.75
85.60,85.60,58.61,73.44,80.15
85.03,85.03,58.50,75.42,80.26
82.22,82.22,66.02,75.35,82.08
84.95,84.95,65.81,73.20,82.27
81.57,81.57,63.59,73.22,82.53
85.35,85.35,58.94,74.68,81.00
84.60,84.60,55.77,75.50,80.53
83.97,83.97,57.46,74.20,80.30
86.51,86.51,55.64,76.00,81.00
85.58,85.58,52.58,74.01,79.27
88.04,88.04,50.19,73.77,74.71
86.98,86.98,51.56,74.43,78.43
87.30,87.30,51.67,72.99,77.04
84.49,84.49,57.40,74.28,79.19
87.13,87.13,66.19,73.20,79.05
85.48,85.48,79.78,71.00,81.83
83.94,83.94,85.46,70.87,77.89
84.00,84.00,78.57,67.48,82.36
80.18,80.18,82.29,67.10,83.87
85.17,85.17,87.45,65.05,78.52
86.10,86.10,85.36,70.01,78.57
85.09,85.09,82.93,68.48,81.94
83.07,83.07,83.76,67.09,80.22
82.67,82.67,78.56,70.91,80.18
83.19,83.19,73.10,66.26,83.39
82.11,82.11,75.02,70.94,81.61
84.72,84.72,72.36,66.18,80.51
85.59,85.59,84.93,66.65,82.19
87.03,87.03,83.57,65.11,83.52
87.61,87.61,79.93,68.19,79.98
87.22,87.22,85.24,68.58,80.83
85.50,85.50,84.20,65.98,81.20
86.45,86.45,84.41,67.70,80.91
82.46,82.46,83.94,68.44,81.98
83.53,83.53,81.19,71.30,81.78
82.75,82.75,81.88,68.50,80.35
80.79,80.79,76.77,68.44,81.94
79.77,79.77,74.03,67.71,83.24
79.83,79.83,81.12,69.46,82.95
83.14,83.14,78.83,64.51,83.67
81.14,81.14,71.49,67.75,85.33
81.18,81.18,63.37,69.35,83.38
82.04,82.04,58.02,68.11,85.25
82.62,82.62,57.98,71.16,81.63
83.63,83.63,55.97,69.31,81.56
85.66,85.66,53.24,66.61,82.50
84.70,84.70,56.34,71.41,82.31
84.46,84.46,64.80,67.57,83.48
82.24,82.24,69.58,71.96,81.50
81.74,81.74,74.78,71.04,82.65
79.04,79.04,69.19,70.54,84.03
80.40,80.40,66.55,72.62,82.77
79.51,79.51,64.85,72.97,79.69
82.54,82.54,61.49,73.17,83.67
83.74,83.74,57.03,74.87,83.62
86.39,86.39,55.49,72.17,81.83
84.66,84.66,53.60,72.66,84.72
78.68,78.68,54.45,76.72,81.71
78.03,78.03,58.33,73.94,79.09
76.35,76.35,60.55,74.67,81.77
77.18,77.18,60.27,76.57,81.83
78.40,78.40,59.18,73.81,82.37
78.25,78.25,63.88,75.38,84.01
77.49,77.49,63.75,77.34,85.09
78.22,78.22,60.04,74.40,84.14
81.63,81.63,58.81,76.38,85.49
82.56,82.56,57.85,76.82,82.43
82.70,82.70,55.30,74.17,83.84
80.97,80.97,54.06,77.90,87.92
79.00,79.00,55.87,74.53,84.23
77.20,77.20,57.08,73.88,80.75
75.27,75.27,61.25,78.26,85.44
77.82,77.82,70.56,67.70,84.03
81.41,81.41,75.66,72.01,81.00
81.90,81.90,83.48,75.80,81.89
84.27,84.27,83.32,74.45,80.63
83.38,83.38,79.54,68.45,81.95
80.83,80.83,85.37,76.21,81.20
82.44,82.44,88.30,75.14,80.45
82.63,82.63,80.93,74.93,80.52
81.70,81.70,82.56,76.07,81.38
80.32,80.32,83.19,78.14,78.46
80.52,80.52,75.79,75.56,80.43
81.48,81.48,72.15,76.78,77.57
75.07,75.07,69.54,75.48,79.57
75.50,75.50,70.48,78.98,81.62
79.90,79.90,73.59,75.89,80.28
84.88,84.88,71.77,77.14,80.75
86.07,86.07,68.21,78.44,78.47
81.82,81.82,61.88,78.19,79.48
79.91,79.91,58.15,78.20,79.45
77.48,77.48,56.46,77.11,79.20
76.18,76.18,54.26,77.33,78.54
78.70,78.70,53.11,76.99,79.37
82.80,82.80,52.92,78.09,79.67
82.16,82.16,60.23,77.18,80.55
79.97,79.97,67.49,78.78,80.63
84.73,84.73,68.69,77.31,78.19
83.79,83.79,64.46,77.45,79.04
84.71,84.71,61.81,76.82,80.30
82.70,82.70,59.81,77.96,81.39
86.59,86.59,57.06,77.30,80.04
81.09,81.09,54.84,76.24,80.79
80.62,80.62,51.45,75.57,80.42
82.18,82.18,50.63,75.85,80.68
84.09,84.09,52.22,78.16,79.80
86.75,86.75,56.75,76.98,78.91
86.37,86.37,64.33,78.26,78.88
80.04,80.04,75.50,74.03,81.60
80.64,80.64,84.95,77.26,79.68
84.89,84.89,84.61,77.42,81.27
81.39,81.39,81.12,78.39,81.98
79.67,79.67,83.44,76.40,81.49
85.23,85.23,85.68,67.77,77.80
80.76,80.76,84.21,71.94,80.75
77.89,77.89,85.30,76.04,80.14
79.51,79.51,80.92,77.37,77.26
80.05,80.05,75.35,77.08,82.59
79.90,79.90,78.11,78.27,82.10
83.24,83.24,70.54,76.72,82.55
85.08,85.08,79.56,77.11,82.71
83.50,83.50,80.67,75.46,79.46
78.27,78.27,79.72,77.50,78.98
79.45,79.45,84.35,76.67,79.47
81.57,81.57,85.18,74.84,78.30
82.66,82.66,83.98,74.02,76.01
82.97,82.97,85.75,76.37,78.52
82.96,82.96,82.20,77.59,77.92
85.57,85.57,79.96,76.46,76.58
84.25,84.25,75.15,75.24,81.10
83.63,83.63,71.93,74.32,81.26
83.13,83.13,69.15,74.11,78.86
81.89,81.89,69.32,77.28,79.85
80.82,80.82,66.85,74.42,79.35
83.42,83.42,62.25,77.44,80.44
85.53,85.53,61.65,74.46,78.27
84.83,84.83,60.65,75.38,77.22
81.85,81.85,61.85,76.41,76.47
76.64,76.64,58.98,75.97,76.46
80.18,80.18,58.25,75.71,77.45
86.70,86.70,58.43,74.98,78.35
86.80,86.80,56.94,74.54,77.35
83.85,83.85,64.73,73.88,76.32
85.04,85.04,73.27,76.83,76.47
85.57,85.57,67.25,74.52,79.18
82.98,82.98,65.57,75.51,81.01
86.29,86.29,59.27,74.24,79.77
88.11,88.11,55.12,73.87,77.96
88.83,88.83,58.75,75.41,80.48
88.50,88.50,57.56,74.25,78.19
87.65,87.65,57.11,74.25,78.98
84.88,84.88,56.21,73.88,79.08
83.56,83.56,58.51,74.04,78.75
82.34,82.34,61.22,72.86,78.94
79.50,79.50,67.43,75.44,78.39
77.36,77.36,75.27,72.55,77.48
75.94,75.94,79.63,73.62,82.87
79.15,79.15,73.69,76.16,81.65
80.77,80.77,65.32,71.14,85.06
81.61,81.61,67.13,75.98,82.08
82.05,82.05,69.08,71.91,80.34
81.70,81.70,67.33,73.57,83.59
83.13,83.13,63.41,73.90,84.81
80.76,80.76,64.94,74.77,81.41
82.34,82.34,61.84,73.29,82.66
81.03,81.03,58.98,68.25,84.07
81.60,81.60,64.41,72.46,80.99
79.26,79.26,78.70,75.07,80.92
79.65,79.65,86.32,66.68,81.23
79.18,79.18,81.58,73.06,80.22
77.69,77.69,83.83,71.33,82.50
79.09,79.09,88.14,71.59,80.74
84.56,84.56,87.72,72.58,77.86
84.30,84.30,83.25,72.80,78.05
81.57,81.57,85.24,72.30,78.76
82.76,82.76,78.77,73.52,79.01
84.27,84.27,72.14,74.04,80.48
83.59,83.59,67.81,73.46,78.96
86.11,86.11,65.34,70.32,80.40
84.20,84.20,73.83,65.83,81.95
78.98,78.98,73.30,70.93,82.73
80.98,80.98,62.59,68.46,80.97
83.05,83.05,62.58,69.30,80.68
82.59,82.59,61.66,72.79,82.73
82.61,82.61,55.08,73.21,81.78
80.14,80.14,51.84,72.03,81.49
76.93,76.93,52.11,73.68,79.88
82.92,82.92,52.96,74.59,79.81
84.00,84.00,58.24,75.12,80.69
83.73,83.73,60.74,73.17,81.34
80.81,80.81,65.19,72.54,81.67
83.64,83.64,63.84,74.16,79.75
85.10,85.10,58.91,69.91,82.20
82.36,82.36,55.67,72.34,80.31
79.17,79.17,53.02,75.01,81.50
82.12,82.12,52.14,76.34,81.16
79.82,79.82,51.77,76.32,82.91
77.26,77.26,50.31,73.86,81.75
78.42,78.42,52.15,73.81,80.54
79.71,79.71,53.14,75.15,80.16
80.59,80.59,64.24,72.13,80.81
83.05,83.05,70.28,72.52,79.41
82.51,82.51,78.66,71.79,79.81
79.81,79.81,83.22,72.59,83.90
78.33,78.33,79.71,65.50,82.33
79.99,79.99,81.64,66.65,78.78
80.83,80.83,86.47,65.94,81.80
81.58,81.58,84.03,70.63,82.44
82.03,82.03,81.98,71.79,80.40
79.74,79.74,83.81,71.45,80.51
76.79,76.79,78.44,71.43,83.48
79.55,79.55,77.10,72.93,81.64
79.54,79.54,70.87,73.18,80.21
80.51,80.51,70.44,72.69,83.63
82.91,82.91,81.94,72.30,81.28
79.86,79.86,83.30,69.77,82.36
79.54,79.54,81.91,72.08,82.96
79.63,79.63,84.61,71.23,79.89
81.88,81.88,84.35,72.58,80.72
78.55,78.55,86.04,71.72,84.29
77.92,77.92,83.99,72.28,81.06
76.60,76.60,83.11,74.50,79.23
76.34,76.34,80.48,75.49,80.90
80.16,80.16,73.66,73.59,82.52
80.40,80.40,72.07,77.65,81.97
78.97,78.97,78.17,77.96,83.18
78.89,78.89,76.65,78.10,83.67
79.11,79.11,69.87,76.67,86.99
77.48,77.48,66.79,75.24,82.88
75.60,75.60,66.97,75.45,82.48
77.95,77.95,60.23,72.26,86.28
79.73,79.73,57.94,72.11,83.66
81.71,81.71,56.73,74.86,82.22
82.18,82.18,55.23,74.38,82.68
83.42,83.42,56.56,73.73,82.62
83.84,83.84,67.88,73.11,84.35
84.15,84.15,69.83,72.06,83.01
82.93,82.93,69.73,74.82,80.94
80.35,80.35,67.15,70.80,81.39
75.63,75.63,63.19,73.91,81.08
75.51,75.51,60.49,77.34,80.18
79.60,79.60,58.30,72.78,81.09
82.30,82.30,55.91,73.94,81.18
82.02,82.02,54.31,73.21,81.48
79.56,79.56,51.90,74.38,81.64
79.39,79.39,53.32,76.04,83.22
79.82,79.82,62.36,73.51,81.43
80.48,80.48,67.88,75.93,82.73
78.68,78.68,59.93,75.30,80.33
78.23,78.23,63.23,76.34,83.23
77.99,77.99,63.44,74.89,85.83
77.06,77.06,62.99,73.25,83.12
81.30,81.30,59.60,72.68,83.93
77.70,77.70,60.01,72.31,85.99
78.26,78.26,58.55,71.08,84.57
78.97,78.97,57.99,71.31,82.74
79.08,79.08,57.34,70.72,86.20
78.70,78.70,57.26,70.89,84.41
78.57,78.57,61.40,70.43,83.68
79.79,79.79,67.70,72.25,82.40
79.15,79.15,77.36,66.44,80.67
77.36,77.36,85.80,63.46,79.15
78.90,78.90,82.46,71.14,81.11
81.53,81.53,81.41,63.26,80.73
82.58,82.58,84.88,71.93,81.78
79.41,79.41,88.83,72.41,82.41
79.79,79.79,84.11,75.23,81.34
82.03,82.03,85.30,75.52,80.70
80.80,80.80,81.02,74.77,82.53
79.39,79.39,74.72,75.48,80.19
81.78,81.78,74.33,76.20,78.82
82.79,82.79,74.35,75.10,80.83
86.26,86.26,73.35,78.61,78.93
88.11,88.11,76.65,70.21,78.51
84.67,84.67,71.11,74.39,78.41
88.25,88.25,57.27,77.00,79.35
85.94,85.94,52.75,71.51,79.48
86.45,86.45,52.73,75.42,81.08
87.56,87.56,50.70,75.09,80.80
86.18,86.18,50.05,73.25,79.04
81.22,81.22,51.58,77.52,79.85
77.20,77.20,54.35,74.30,80.23
78.38,78.38,62.87,76.14,81.05
83.47,83.47,70.28,75.23,82.55
84.90,84.90,65.64,76.55,79.98
81.08,81.08,66.56,74.19,79.58
83.20,83.20,67.04,76.44,79.16
82.59,82.59,61.70,75.57,80.47
85.94,85.94,57.25,72.46,80.53
83.39,83.39,54.80,77.20,80.26
83.86,83.86,53.32,77.13,80.91
82.38,82.38,52.70,71.93,79.26
85.12,85.12,54.86,77.96,79.81
83.61,83.61,60.44,74.89,79.54
82.67,82.67,62.78,74.06,79.42
81.22,81.22,70.92,77.12,79.70
82.74,82.74,84.20,70.81,80.30
79.54,79.54,84.16,70.75,81.92
84.24,84.24,77.79,71.49,83.29
84.46,84.46,85.09,68.40,79.69
82.73,82.73,87.26,70.03,79.52
79.04,79.04,84.06,67.24,82.65
78.93,78.93,84.96,71.00,82.51
84.16,84.16,81.43,69.98,81.22
84.58,84.58,77.11,70.12,81.69
83.17,83.17,77.49,71.74,78.32
81.64,81.64,70.65,71.57,79.31
83.28,83.28,78.03,70.60,81.01
77.72,77.72,84.40,64.17,80.07
80.06,80.06,77.64,65.71,81.01
79.29,79.29,82.45,66.94,80.35
77.18,77.18,85.51,64.87,81.79
81.95,81.95,84.21,68.76,83.08
79.43,79.43,85.70,69.43,82.52
84.84,84.84,81.85,66.33,80.45
74.58,74.58,82.11,72.81,81.20
80.75,80.75,78.92,69.74,79.89
82.90,82.90,73.42,71.77,80.37
78.96,78.96,69.23,72.23,81.68
75.93,75.93,67.29,72.76,84.78
81.34,81.34,66.24,68.27,83.08
82.05,82.05,62.49,71.42,80.71
81.89,81.89,58.14,72.55,79.66
82.12,82.12,54.85,72.08,79.48
76.42,76.42,52.19,72.33,79.12
76.76,76.76,51.20,69.62,79.07
73.16,73.16,50.87,72.22,80.93
77.11,77.11,53.11,75.39,80.36
75.97,75.97,62.06,73.79,80.41
75.37,75.37,74.11,76.09,79.52
71.68,71.68,80.47,74.87,79.83
75.87,75.87,72.90,72.51,80.22
71.92,71.92,71.11,74.28,82.04
70.41,70.41,66.68,74.50,81.76
71.03,71.03,63.90,75.29,80.81
66.89,66.89,61.35,74.68,80.82
64.58,64.58,61.53,76.48,79.50
74.13,74.13,62.17,73.68,81.05
69.53,69.53,62.51,73.45,80.23
69.18,69.18,63.75,75.44,79.73
66.86,66.86,65.06,75.58,80.87
64.51,64.51,66.02,74.31,81.64
61.48,61.48,71.12,73.01,81.66
65.23,65.23,74.62,76.45,82.26
64.89,64.89,70.02,74.48,82.06
64.08,64.08,67.46,73.16,84.90
61.76,61.76,68.26,75.61,83.85
61.93,61.93,69.28,71.44,82.39
64.11,64.11,66.86,72.08,86.07
63.87,63.87,66.27,75.12,84.13
66.80,66.80,64.96,72.35,82.79
70.19,70.19,62.67,68.94,84.81
69.62,69.62,64.87,71.15,80.74
71.07,71.07,67.78,67.65,77.92
74.88,74.88,81.75,71.40,82.02
72.71,72.71,86.85,66.61,82.86
76.84,76.84,79.65,67.05,84.83
80.56,80.56,83.71,69.00,85.80
82.85,82.85,86.89,66.35,85.67
84.21,84.21,87.08,68.34,84.12
76.37,76.37,83.22,71.47,81.93
81.64,81.64,84.86,69.18,82.02
78.92,78.92,77.97,63.21,82.72
78.01,78.01,75.49,68.06,82.67
78.81,78.81,73.56,71.98,81.63
84.71,84.71,75.22,66.40,81.74
80.05,80.05,70.11,70.42,80.59
80.20,80.20,65.25,71.75,80.76
79.14,79.14,62.54,62.08,83.55
81.47,81.47,68.04,73.44,83.57
79.72,79.72,65.69,73.92,82.17
81.62,81.62,63.54,69.83,81.50
80.75,80.75,59.17,72.17,82.94
79.16,79.16,59.51,74.86,81.67
80.28,80.28,59.99,68.86,79.47
78.08,78.08,61.63,74.86,81.36
78.29,78.29,63.78,73.05,81.43
77.54,77.54,64.99,70.17,81.04
79.30,79.30,64.87,73.90,80.78
79.25,79.25,59.99,75.28,82.04
80.59,80.59,55.80,72.81,83.45
83.17,83.17,56.87,75.08,80.34
81.43,81.43,54.60,75.98,81.24
81.79,81.79,53.08,70.72,83.20
75.97,75.97,53.89,77.40,82.91
78.48,78.48,50.28,75.12,83.37
80.81,80.81,55.99,74.70,84.61
77.86,77.86,61.94,78.17,84.47
76.03,76.03,69.85,74.25,84.08
76.97,76.97,81.18,72.66,86.02
76.63,76.63,84.75,74.68,80.93
78.56,78.56,80.67,70.92,83.99
81.86,81.86,81.09,71.80,85.07
82.48,82.48,88.31,75.03,80.86
83.00,83.00,84.90,73.71,84.29
73.32,73.32,83.80,74.96,84.52
76.83,76.83,82.73,73.92,83.09
76.76,76.76,78.67,76.67,84.33
74.04,74.04,74.66,75.72,83.81
80.92,80.92,73.94,78.18,83.90
76.51,76.51,70.96,75.43,84.75
77.70,77.70,82.21,74.40,85.06
76.79,76.79,81.22,73.69,81.81
76.46,76.46,80.43,71.30,85.72
80.20,80.20,85.23,71.57,85.14
76.50,76.50,84.73,69.61,82.49
73.26,73.26,85.41,75.56,83.08
74.78,74.78,84.21,75.86,84.60
75.91,75.91,81.72,76.80,82.49
80.45,80.45,81.36,74.54,79.98
79.25,79.25,75.47,78.02,83.66
73.28,73.28,72.24,74.21,83.19
73.24,73.24,76.15,76.01,83.37
77.04,77.04,74.38,74.50,84.69
75.08,75.08,72.53,73.32,86.07
74.54,74.54,70.60,72.88,84.88
69.43,69.43,65.98,76.31,81.13
72.76,72.76,58.79,72.63,84.41
74.27,74.27,58.00,72.24,84.81
77.63,77.63,58.39,78.01,85.60
73.66,73.66,54.73,71.57,84.84
73.56,73.56,61.55,71.80,82.93
72.68,72.68,70.01,75.58,84.04
72.73,72.73,73.10,73.35,84.13
72.84,72.84,68.55,74.72,84.87
74.14,74.14,64.92,74.19,79.63
75.01,75.01,62.00,74.16,81.26
73.47,73.47,57.36,76.53,82.34
74.87,74.87,57.22,73.87,84.12
75.66,75.66,55.41,71.84,81.62
71.74,71.74,55.70,75.42,81.19
69.69,69.69,53.53,74.08,82.52
69.34,69.34,55.92,74.14,80.40
70.83,70.83,58.83,74.59,80.76
70.80,70.80,62.37,73.26,80.22
68.50,68.50,69.31,74.71,82.28
68.26,68.26,71.64,75.16,83.78
64.39,64.39,66.43,72.43,86.24
68.42,68.42,62.42,72.82,85.64
68.54,68.54,58.15,73.75,86.04
70.53,70.53,56.23,74.28,83.69
67.62,67.62,52.95,73.12,84.44
64.19,64.19,54.82,75.06,86.50
59.59,59.59,55.44,73.30,85.24
63.72,63.72,54.55,73.71,84.31
65.50,65.50,61.37,72.28,85.86
69.99,69.99,70.69,73.00,81.71
72.75,72.75,77.06,76.25,78.24
75.57,75.57,85.60,69.79,81.52
78.10,78.10,86.17,71.23,81.03
80.12,80.12,82.78,67.57,81.58
80.49,80.49,85.04,70.39,81.73
81.27,81.27,89.12,72.41,77.24
80.04,80.04,85.20,70.38,77.40
80.56,80.56,83.48,71.27,79.37
81.61,81.61,82.92,69.92,79.80
83.96,83.96,79.47,68.88,79.48
81.25,81.25,77.25,67.61,79.59
86.77,86.77,71.99,67.12,80.07
82.87,82.87,72.15,69.79,78.19
85.08,85.08,74.72,69.34,80.55
86.40,86.40,71.47,71.59,79.62
85.42,85.42,62.84,70.85,80.51
86.22,86.22,59.50,71.95,81.34
82.10,82.10,58.55,67.58,82.59
79.76,79.76,58.71,72.02,80.07
79.35,79.35,58.66,65.81,78.80
81.18,81.18,59.32,70.40,78.99
81.46,81.46,59.44,66.33,79.26
82.99,82.99,63.80,70.04,79.96
83.05,83.05,66.85,71.16,79.80
86.58,86.58,67.21,65.12,81.32
81.87,81.87,64.95,68.60,80.84
83.68,83.68,65.24,70.52,81.16
82.25,82.25,64.61,69.45,80.90
84.37,84.37,58.98,71.83,81.80
81.01,81.01,60.37,67.75,81.52
81.80,81.80,57.96,71.17,80.62
82.62,82.62,58.10,66.93,82.33
87.99,87.99,61.25,67.75,82.29
82.85,82.85,63.51,66.35,80.12
85.77,85.77,69.57,69.81,81.53
86.06,86.06,71.13,62.05,81.42
82.08,82.08,84.62,70.37,80.85
83.08,83.08,85.78,72.09,81.23
84.08,84.08,81.62,69.90,80.98
79.61,79.61,85.21,67.98,82.16
81.73,81.73,86.18,66.37,80.08
82.18,82.18,84.40,66.65,78.44
82.93,82.93,84.26,68.95,82.04
81.40,81.40,80.06,72.25,80.75
78.70,78.70,78.91,67.08,79.13
81.98,81.98,78.54,76.14,81.64
83.66,83.66,72.42,70.27,81.68
81.81,81.81,78.95,71.57,81.88
81.60,81.60,80.91,71.89,80.49
87.47,87.47,81.81,74.10,80.21
82.71,82.71,85.64,74.17,82.08
84.87,84.87,83.45,70.68,81.01
85.86,85.86,84.38,71.26,80.39
83.32,83.32,86.73,70.69,79.16
75.31,75.31,83.22,78.80,80.45
79.59,79.59,80.64,76.21,78.21
80.83,80.83,75.80,76.27,77.73
78.83,78.83,75.08,76.85,78.89
78.88,78.88,71.71,78.88,81.11
81.23,81.23,66.51,77.92,78.99
78.72,78.72,64.17,76.08,78.49
80.94,80.94,65.06,78.56,81.35
74.94,74.94,60.62,77.96,80.77
80.59,80.59,58.77,80.19,77.35
80.22,80.22,57.28,79.12,80.20
80.27,80.27,57.75,81.13,78.34
79.65,79.65,54.31,78.23,78.95
80.97,80.97,58.52,79.35,79.33
81.97,81.97,62.90,78.91,76.04
78.90,78.90,67.49,79.87,76.29
80.50,80.50,68.00,79.61,78.56
79.94,79.94,66.53,77.56,79.75
78.96,78.96,65.90,80.16,80.09
77.75,77.75,64.36,79.39,81.47
71.80,71.80,61.88,80.95,77.81
76.55,76.55,58.98,79.35,79.69
76.40,76.40,60.47,81.07,80.39
75.59,75.59,60.74,77.48,81.44
73.62,73.62,59.46,80.98,78.86
71.07,71.07,59.01,80.52,78.89
73.35,73.35,59.44,80.35,79.86
72.29,72.29,62.01,80.96,78.17
65.81,65.81,72.53,77.91,79.27
67.24,67.24,76.22,80.51,84.07
68.41,68.41,71.92,79.37,84.46
71.60,71.60,64.81,81.44,82.74
73.08,73.08,63.34,79.15,85.95
68.28,68.28,61.20,80.38,84.49
68.51,68.51,64.78,79.33,83.24
71.16,71.16,62.66,80.73,84.88
68.48,68.48,61.82,79.45,84.69
67.10,67.10,60.31,76.76,84.66
72.76,72.76,62.43,75.25,82.07
74.00,74.00,73.35,75.98,78.57
80.11,80.11,79.88,75.89,79.67
78.25,78.25,84.73,72.13,80.06
79.53,79.53,83.75,73.23,82.81
82.54,82.54,83.46,76.70,82.92
82.46,82.46,84.80,76.84,80.61
79.13,79.13,83.84,76.11,81.10
85.30,85.30,78.93,78.19,81.26
81.13,81.13,82.12,76.87,79.12
83.74,83.74,76.45,76.72,78.34
84.52,84.52,77.17,74.87,78.37
84.85,84.85,70.41,77.50,77.25
85.48,85.48,68.20,77.76,80.41
82.96,82.96,71.45,78.25,81.05
80.69,80.69,70.12,77.26,79.84
79.82,79.82,64.13,78.44,82.15
83.38,83.38,63.46,80.74,82.26
85.07,85.07,59.67,79.54,81.31
86.14,86.14,59.79,78.88,82.39
81.13,81.13,57.61,75.53,82.17
87.23,87.23,53.97,76.92,79.82
85.31,85.31,56.75,76.43,82.45
82.89,82.89,59.95,77.27,82.85
79.91,79.91,64.78,79.80,78.72
79.51,79.51,62.18,80.82,80.24
83.00,83.00,62.24,78.96,82.30
82.92,82.92,64.90,77.99,79.97
79.86,79.86,59.68,79.27,77.73
82.63,82.63,59.50,78.86,79.41
81.79,81.79,57.57,79.05,79.01
81.62,81.62,58.79,82.25,78.03
79.23,79.23,55.50,82.78,77.29
83.21,83.21,57.97,80.81,79.12
84.07,84.07,56.34,82.00,80.05
86.13,86.13,58.49,80.74,78.29
83.47,83.47,69.08,82.82,79.36
82.28,82.28,80.39,81.07,81.71
80.03,80.03,84.87,81.18,79.69
82.23,82.23,83.82,78.51,80.58
84.92,84.92,85.80,77.02,79.31
82.97,82.97,88.63,78.56,79.47
81.11,81.11,86.86,78.16,78.87
84.70,84.70,84.13,78.64,80.62
83.22,83.22,85.29,79.97,81.18
88.75,88.75,77.71,78.59,76.88
85.65,85.65,70.10,80.80,79.47
80.83,80.83,67.34,80.65,81.93
82.00,82.00,68.23,80.86,81.94
80.88,80.88,75.73,79.24,80.86
81.96,81.96,85.02,78.63,77.99
80.71,80.71,80.51,78.39,79.03
82.39,82.39,85.89,80.83,77.85
83.08,83.08,85.18,78.11,79.06
84.20,84.20,85.28,75.16,77.98
83.90,83.90,84.30,75.41,81.24
80.62,80.62,79.11,77.14,78.99
80.15,80.15,71.29,76.15,79.08
81.93,81.93,65.25,75.97,81.74
81.04,81.04,68.35,78.67,81.84
79.99,79.99,66.68,79.92,83.45
80.85,80.85,73.02,81.48,84.36
82.75,82.75,67.55,79.44,81.75
83.54,83.54,64.07,80.89,83.08
85.45,85.45,60.71,80.45,84.60
83.36,83.36,60.46,79.79,81.40
84.49,84.49,59.67,80.87,81.92
84.12,84.12,57.10,81.80,84.38
86.48,86.48,58.70,83.30,81.24
86.27,86.27,56.97,81.22,82.88
86.26,86.26,64.65,80.90,81.54
86.05,86.05,69.09,83.50,82.12
84.95,84.95,67.93,83.02,78.32
86.61,86.61,64.08,82.00,78.26
85.76,85.76,59.00,82.36,80.70
86.53,86.53,57.16,83.26,77.22
85.58,85.58,55.56,82.12,79.04
85.42,85.42,54.84,81.80,79.11
84.75,84.75,58.12,82.74,78.01
86.36,86.36,59.51,84.15,79.50
80.70,80.70,60.84,83.67,80.33
77.46,77.46,64.98,83.33,79.20
79.10,79.10,69.73,83.06,80.14
76.26,76.26,70.63,85.12,80.42
75.69,75.69,70.20,83.41,82.55
77.63,77.63,71.86,82.79,85.66
78.84,78.84,69.12,84.44,86.75
80.69,80.69,67.13,84.22,81.99
78.21,78.21,62.70,83.52,84.79
78.57,78.57,61.32,83.30,85.81
81.88,81.88,61.70,84.15,84.00
82.35,82.35,70.87,83.56,82.00
82.21,82.21,67.73,81.30,85.04
82.09,82.09,71.34,81.88,84.20
83.09,83.09,72.12,82.29,79.07
82.70,82.70,75.05,79.60,80.27
79.36,79.36,85.57,77.09,81.37
81.25,81.25,83.11,72.33,81.42
84.50,84.50,82.14,71.60,82.38
80.71,80.71,86.19,69.09,82.65
83.29,83.29,88.14,70.81,80.79
86.44,86.44,85.40,69.61,81.34
86.25,86.25,84.38,66.54,80.65
84.98,84.98,80.85,71.16,79.83
82.99,82.99,69.56,71.02,81.33
82.73,82.73,74.79,77.65,81.03
82.37,82.37,72.45,78.84,79.28
82.43,82.43,73.89,74.95,76.81
80.96,80.96,73.36,79.03,77.78
80.32,80.32,66.31,79.15,78.43
82.70,82.70,66.34,79.54,77.24
80.07,80.07,64.67,78.71,76.73
83.49,83.49,63.73,79.20,78.52
83.70,83.70,66.57,76.73,80.63
82.58,82.58,59.73,74.90,78.21
81.83,81.83,63.58,76.69,81.56
76.93,76.93,58.09,80.27,77.13
82.05,82.05,66.42,78.32,78.38
80.26,80.26,71.70,76.78,80.01
81.31,81.31,72.44,77.06,81.73
85.29,85.29,66.07,78.16,82.61
85.67,85.67,62.58,79.26,78.86
87.07,87.07,62.78,73.83,79.65
86.91,86.91,61.72,78.06,80.19
85.87,85.87,62.45,73.67,78.75
86.10,86.10,61.54,75.92,78.53
86.24,86.24,63.00,76.31,79.24
84.39,84.39,61.62,73.98,80.34
82.61,82.61,63.03,76.85,79.99
81.71,81.71,69.42,75.18,79.73
82.44,82.44,71.42,76.13,77.54
80.56,80.56,84.46,73.26,77.86
79.90,79.90,84.99,72.28,78.07
81.74,81.74,84.67,74.31,80.97
82.23,82.23,84.53,70.46,78.56
86.47,86.47,84.38,72.96,80.24
87.43,87.43,81.07,71.46,76.56
84.94,84.94,85.58,72.34,79.45
84.53,84.53,83.02,72.27,79.83
83.79,83.79,79.36,72.05,80.03
85.81,85.81,74.81,74.95,77.94
86.65,86.65,70.67,77.05,81.58
85.35,85.35,78.77,74.20,77.82
84.71,84.71,81.78,67.63,80.38
82.41,82.41,79.59,71.07,81.92
81.15,81.15,81.32,71.63,77.66
84.73,84.73,83.85,69.98,77.74
81.23,81.23,84.96,69.87,79.34
81.16,81.16,84.79,70.22,76.97
83.17,83.17,84.33,74.21,77.80
84.15,84.15,82.27,72.40,81.83
85.81,85.81,71.40,66.32,81.80
84.38,84.38,66.79,72.44,79.56
84.60,84.60,73.32,76.44,82.15
84.87,84.87,68.45,70.82,79.76
84.49,84.49,64.59,72.78,80.14
84.93,84.93,63.51,72.34,79.76
85.23,85.23,65.93,71.15,79.28
85.33,85.33,64.75,73.22,77.60
84.46,84.46,57.35,72.96,77.50
84.73,84.73,61.00,74.55,79.98
85.15,85.15,60.31,78.17,77.44
89.35,89.35,58.64,75.31,76.55
83.98,83.98,57.27,70.82,76.44
86.03,86.03,65.98,74.80,77.77
80.28,80.28,71.52,68.54,79.79
81.84,81.84,65.27,72.60,79.67
84.48,84.48,67.00,78.02,83.70
84.61,84.61,61.90,77.71,83.38
83.01,83.01,54.83,77.52,83.14
80.61,80.61,51.69,70.04,81.27
80.16,80.16,52.87,78.66,81.45
80.84,80.84,55.65,78.24,81.64
83.11,83.11,54.38,75.82,78.68
84.85,84.85,50.51,73.00,79.38
81.92,81.92,54.92,77.53,81.73
83.11,83.11,63.47,79.76,81.67
83.93,83.93,61.95,73.11,79.25
79.72,79.72,62.31,79.43,81.48
80.35,80.35,63.07,81.80,83.76
79.53,79.53,57.98,81.46,86.12
83.33,83.33,55.61,78.39,81.45
79.39,79.39,51.96,78.19,80.89
78.87,78.87,48.22,80.59,84.84
84.55,84.55,53.87,81.61,81.65
82.52,82.52,54.60,79.03,78.53
83.27,83.27,50.95,77.09,80.27
85.61,85.61,50.72,78.53,81.04
77.98,77.98,49.52,76.60,81.16
74.26,74.26,51.11,75.02,73.62
70.41,70.41,44.41,58.50,67.33
68.42,68.42,42.99,49.11,72.76
74.89,74.89,42.31,45.92,70.64
73.31,73.31,39.47,40.80,72.40
71.99,71.99,43.74,36.25,70.87
77.03,77.03,43.98,39.51,71.01
72.92,72.92,41.37,35.29,71.58
72.85,72.85,43.82,30.11,68.15
73.81,73.81,43.22,33.55,69.58
70.53,70.53,44.87,34.06,68.95
70.33,70.33,43.42,35.51,68.33
73.00,73.00,45.63,35.52,69.09
69.85,69.85,41.38,34.16,66.03
68.13,68.13,39.19,32.55,65.26
71.77,71.77,42.62,35.41,65.60
73.96,73.96,38.21,36.23,64.16
68.91,68.91,42.02,36.18,66.09
71.93,71.93,39.42,30.36,62.95
74.85,74.85,39.00,34.90,63.63
73.79,73.79,39.34,37.07,65.73
76.88,76.88,38.52,27.06,61.44
75.52,75.52,41.28,40.47,63.72
75.40,75.40,42.60,36.52,64.77
76.41,76.41,40.83,35.98,64.72
77.20,77.20,47.13,36.40,65.45
77.59,77.59,41.76,33.85,62.88
77.06,77.06,42.62,27.64,65.18
75.96,75.96,41.90,34.15,64.15
75.98,75.98,41.46,36.22,63.54
75.35,75.35,43.64,37.62,63.28
74.03,74.03,36.28,34.01,60.47
72.31,72.31,39.17,40.59,62.19
66.82,66.82,29.51,35.83,61.20
65.47,65.47,39.24,40.33,62.42
63.56,63.56,41.70,41.32,65.42
64.20,64.20,43.87,41.02,66.44
65.16,65.16,42.48,31.96,65.62
66.86,66.86,40.88,32.60,65.24
67.10,67.10,39.78,40.39,66.06
74.09,74.09,38.77,34.45,64.05
75.20,75.20,41.05,46.30,65.33
75.89,75.89,38.67,36.36,65.18
74.80,74.80,37.52,38.86,63.97
71.75,71.75,35.58,41.01,65.57
70.17,70.17,33.28,34.29,65.23
65.66,65.66,33.65,40.55,66.60
64.66,64.66,32.16,48.08,74.44
66.66,66.66,32.57,47.62,76.56
64.42,64.42,31.19,49.27,77.06
64.64,64.64,31.65,50.71,76.40
64.70,64.70,31.34,47.86,74.66
64.49,64.49,29.08,43.54,72.60
64.38,64.38,25.63,41.82,72.60
62.79,62.79,25.26,42.56,71.56
61.06,61.06,24.45,41.82,72.42
53.75,53.75,20.67,38.97,70.47
59.15,59.15,22.37,35.39,68.86
60.72,60.72,23.51,34.00,73.76
60.79,60.79,22.99,36.48,70.71
69.06,69.06,24.74,36.96,68.45
68.53,68.53,27.19,32.99,71.94
65.47,65.47,27.49,29.83,66.49
66.63,66.63,28.21,28.31,66.91
64.14,64.14,30.85,29.67,70.50
64.61,64.61,29.74,26.89,67.57
66.20,66.20,29.68,27.65,66.24
64.06,64.06,27.40,21.34,70.43
66.16,66.16,28.57,26.61,68.57
72.91,72.91,29.43,26.57,68.06
73.73,73.73,38.57,23.98,68.36
70.81,70.81,42.72,20.30,67.65
66.35,66.35,40.23,26.25,70.75
67.92,67.92,36.88,28.49,69.40
64.95,64.95,34.69,24.02,68.37
65.12,65.12,32.27,28.62,67.84
65.32,65.32,34.05,28.72,70.65
64.56,64.56,35.07,27.65,65.66
61.36,61.36,33.69,31.33,69.32
65.99,65.99,33.28,31.57,68.51
65.22,65.22,32.64,34.58,64.23
63.42,63.42,35.21,32.73,67.55
63.89,63.89,42.81,33.29,63.64
66.18,66.18,44.17,33.79,68.89
66.61,66.61,42.09,30.85,66.36
73.00,73.00,40.96,29.84,65.80
75.95,75.95,39.15,26.18,66.01
76.90,76.90,36.33,33.37,65.77
77.31,77.31,32.24,23.92,64.91
77.81,77.81,31.00,29.29,66.50
77.57,77.57,30.03,32.43,66.05
75.00,75.00,28.83,37.06,64.51
74.47,74.47,29.09,42.22,64.36
75.68,75.68,25.01,61.67,65.93
75.66,75.66,23.88,73.57,66.36
75.83,75.83,28.02,74.28,68.06
76.80,76.80,26.11,75.14,66.45
74.91,74.91,23.53,73.96,68.07
75.75,75.75,21.77,74.84,61.94
74.55,74.55,21.34,74.81,65.25
75.02,75.02,21.08,74.57,65.47
74.76,74.76,23.66,75.18,64.84
74.85,74.85,22.39,74.74,61.46
74.77,74.77,24.94,73.89,61.87
74.71,74.71,23.52,74.09,65.68
74.13,74.13,23.81,73.58,71.57
73.31,73.31,22.90,74.23,67.32
73.83,73.83,23.70,74.91,68.28
75.82,75.82,26.44,73.65,66.48
73.02,73.02,28.43,74.08,67.27
70.87,70.87,29.35,74.21,64.73
71.61,71.61,29.04,72.98,65.00
74.03,74.03,31.09,73.89,66.59
73.53,73.53,31.64,74.09,66.57
70.22,70.22,30.00,73.12,65.42
66.59,66.59,26.54,73.99,65.33
64.01,64.01,22.84,73.72,64.22
68.36,68.36,24.02,72.30,66.31
72.24,72.24,23.45,72.54,66.20
71.09,71.09,23.88,72.48,69.42
73.11,73.11,25.92,72.45,69.12
70.63,70.63,27.10,73.30,66.79
73.13,73.13,26.52,71.83,66.46
72.20,72.20,26.09,71.99,68.95
70.92,70.92,30.32,71.97,66.99
74.51,74.51,27.54,71.07,64.07
73.48,73.48,28.04,71.89,67.75
69.87,69.87,24.55,71.96,66.13
66.95,66.95,22.43,71.22,66.42
61.25,61.25,23.43,72.49,64.50
62.77,62.77,27.74,72.17,63.45
64.24,64.24,30.76,71.03,62.84
68.53,68.53,31.77,72.27,65.82
74.93,74.93,33.41,72.47,65.42
74.39,74.39,34.72,71.37,62.61
76.46,76.46,33.76,70.59,63.32
78.13,78.13,32.19,62.50,62.12
77.22,77.22,32.80,52.50,64.06
77.75,77.75,32.97,55.62,64.55
77.08,77.08,33.88,63.04,65.08
78.51,78.51,35.87,61.13,60.31
79.93,79.93,34.58,63.99,58.61
78.55,78.55,34.10,65.18,61.43
78.76,78.76,32.27,64.83,58.34
76.61,76.61,30.03,66.36,56.99
71.31,71.31,30.61,67.46,56.08
67.22,67.22,29.64,65.68,54.80
66.09,66.09,28.88,66.50,56.46
61.19,61.19,29.53,65.48,58.51
61.93,61.93,29.12,62.45,60.76
60.75,60.75,29.18,61.61,70.07
57.04,57.04,29.39,61.59,64.54
55.94,55.94,30.15,60.66,66.79
56.05,56.05,30.69,61.98,63.08
52.18,52.18,27.33,61.74,64.37
53.76,53.76,23.18,60.64,63.85
57.51,57.51,26.23,61.56,64.52
61.42,61.42,31.16,61.51,63.47
67.38,67.38,27.57,61.90,63.85
66.41,66.41,26.02,61.93,62.51
66.96,66.96,24.23,59.96,61.01
56.13,56.13,24.38,58.57,64.06
57.82,57.82,29.95,54.61,66.11
55.30,55.30,24.09,50.99,72.52
59.16,59.16,21.88,52.36,73.70
64.27,64.27,21.84,52.86,70.32
65.16,65.16,19.19,51.39,65.98
69.09,69.09,20.38,52.93,67.21
71.83,71.83,27.31,53.37,64.11
70.50,70.50,31.21,52.74,66.64
73.99,73.99,31.89,53.69,65.88
75.49,75.49,27.86,52.16,64.52
67.78,67.78,28.99,49.94,65.55
66.95,66.95,24.76,51.29,63.96
66.74,66.74,21.54,51.47,68.01
64.34,64.34,27.11,50.69,64.96
61.26,61.26,28.30,50.98,67.37
62.05,62.05,26.22,49.22,67.06
56.14,56.14,28.95,50.75,67.10
51.46,51.46,24.35,51.84,65.18
49.76,49.76,23.25,49.65,65.75
47.96,47.96,25.36,47.25,64.12
51.84,51.84,25.36,41.61,63.27
61.88,61.88,36.15,44.02,66.66
66.12,66.12,36.69,32.83,62.85
67.38,67.38,36.32,29.49,63.75
65.85,65.85,30.61,33.79,75.93
63.09,63.09,25.81,33.27,76.23
60.37,60.37,24.01,32.16,76.57
61.03,61.03,33.71,24.78,74.40
60.86,60.86,28.56,29.90,72.61
60.32,60.32,23.06,26.68,72.15
61.92,61.92,25.24,36.54,69.60
65.12,65.12,26.13,37.17,70.59
60.50,60.50,26.46,38.68,68.07
58.10,58.10,28.82,30.26,69.16
62.87,62.87,28.28,31.94,68.65
64.04,64.04,27.78,31.60,70.40
64.91,64.91,27.11,33.33,71.63
71.98,71.98,24.11,29.83,68.14
80.27,80.27,22.31,28.49,66.92
82.78,82.78,23.57,32.67,64.39
84.11,84.11,22.73,40.33,63.84
82.07,82.07,25.63,38.25,63.71
79.77,79.77,27.36,36.75,62.54
79.03,79.03,27.90,37.37,61.88
79.79,79.79,33.41,38.18,62.32
78.11,78.11,31.43,43.33,63.57
78.04,78.04,29.72,34.71,61.76
80.13,80.13,34.69,33.78,61.91
82.16,82.16,30.72,36.62,68.23
82.24,82.24,26.22,34.15,67.82
82.88,82.88,24.47,29.17,66.38
83.33,83.33,24.38,37.87,63.50
82.07,82.07,22.74,40.87,64.67
80.38,80.38,24.08,38.92,63.70
79.26,79.26,25.75,41.63,62.37
79.26,79.26,25.01,41.91,61.97
78.54,78.54,26.39,47.92,61.83
81.14,81.14,26.14,40.95,58.06
81.14,81.14,27.66,41.09,59.99
82.08,82.08,28.87,41.70,61.02
82.80,82.80,29.22,44.33,63.82
80.74,80.74,26.51,43.27,63.84
81.66,81.66,25.45,41.01,66.03
79.17,79.17,25.74,37.01,64.05
79.95,79.95,30.12,42.91,63.08
80.07,80.07,32.07,45.36,62.71
79.42,79.42,30.86,44.97,62.90
77.90,77.90,29.34,42.19,61.19
77.45,77.45,27.66,43.12,60.42
76.23,76.23,25.71,37.19,61.64
78.01,78.01,21.95,36.95,62.27
79.37,79.37,20.06,27.25,67.77
77.98,77.98,17.72,25.78,75.41
79.77,79.77,18.84,27.95,75.51
78.43,78.43,20.87,24.18,74.07
77.67,77.67,23.62,29.25,72.49
75.97,75.97,24.75,30.39,69.82
76.97,76.97,23.38,35.18,70.56
76.28,76.28,20.91,35.51,70.12
78.44,78.44,21.40,32.86,66.89
78.97,78.97,23.47,33.35,67.41
76.40,76.40,25.69,32.90,67.71
73.05,73.05,25.66,31.31,67.48
71.07,71.07,27.22,28.39,71.04
64.78,64.78,30.85,33.63,71.33
63.14,63.14,28.00,30.22,68.50
60.80,60.80,26.11,31.63,66.11
60.55,60.55,22.78,38.12,66.57
57.34,57.34,20.44,38.62,65.05
57.39,57.39,19.26,37.53,64.45
56.13,56.13,22.95,39.08,65.74
72.72,72.72,33.15,41.89,62.83
74.71,74.71,32.73,31.62,64.97
70.19,70.19,32.77,36.77,63.49
63.70,63.70,26.52,43.37,66.31
62.58,62.58,30.47,37.27,66.54
64.08,64.08,31.60,36.09,67.17
65.34,65.34,30.48,36.77,65.95
66.60,66.60,23.39,40.80,65.44
63.29,63.29,19.05,42.42,65.59
63.12,63.12,19.55,48.27,65.77
53.90,53.90,17.19,50.17,63.91
50.41,50.41,19.89,40.61,64.69
47.68,47.68,21.89,39.87,61.56
54.11,54.11,28.95,37.40,63.84
54.61,54.61,34.26,46.59,65.24
50.82,50.82,33.85,43.27,63.81
50.60,50.60,32.45,42.70,64.74
50.49,50.49,28.99,49.57,64.77
51.02,51.02,24.87,45.54,64.27
52.02,52.02,18.52,49.75,65.00
52.29,52.29,18.07,49.27,63.06
55.50,55.50,19.17,44.45,63.46
62.24,62.24,20.64,44.32,64.28
67.95,67.95,22.17,38.34,63.73
69.93,69.93,15.49,40.32,64.62
68.95,68.95,13.03,38.16,68.73
61.61,61.61,15.52,21.43,70.43
66.34,66.34,19.25,28.34,75.27
64.49,64.49,20.63,28.32,71.82
66.16,66.16,22.12,28.65,70.02
69.48,69.48,21.61,36.34,70.70
67.38,67.38,23.28,30.89,66.37
69.41,69.41,22.32,39.92,70.00
73.34,73.34,16.95,34.40,65.94
72.96,72.96,21.75,37.28,66.07
72.17,72.17,28.32,29.59,69.60
78.62,78.62,25.05,23.07,61.48
83.51,83.51,23.97,33.71,72.77
81.92,81.92,19.77,29.44,66.35
82.89,82.89,20.48,29.90,71.29
83.46,83.46,23.38,30.53,67.93
80.58,80.58,26.02,26.46,66.18
76.87,76.87,30.45,32.98,64.94
76.15,76.15,27.57,27.19,65.15
75.17,75.17,24.99,36.57,61.89
71.93,71.93,24.38,29.57,64.67
68.60,68.60,20.44,37.11,66.17
65.15,65.15,18.84,28.38,61.09
65.01,65.01,16.98,22.24,67.96
63.51,63.51,12.50,27.13,70.09
61.41,61.41,24.85,26.96,66.48
59.36,59.36,29.64,27.98,71.61
60.95,60.95,28.32,33.39,71.25
59.34,59.34,26.19,28.20,67.99
57.68,57.68,23.17,32.86,69.03
56.21,56.21,22.54,32.07,65.49
51.80,51.80,24.51,32.29,68.74
51.93,51.93,24.81,28.36,68.60
54.36,54.36,24.34,31.16,65.62
56.94,56.94,19.92,32.05,64.47
54.54,54.54,15.96,27.94,65.15
60.38,60.38,21.88,30.73,65.74
74.21,74.21,25.83,24.17,65.54
83.69,83.69,30.80,23.34,67.79
84.15,84.15,24.53,33.84,67.02
83.49,83.49,22.62,32.89,64.79
83.77,83.77,24.70,37.10,65.28
83.79,83.79,24.93,36.82,63.50
82.79,82.79,23.81,35.36,66.67
82.08,82.08,25.75,35.55,64.30
81.36,81.36,25.02,25.02,64.06
81.79,81.79,21.63,26.27,66.01
83.27,83.27,19.60,13.65,63.77
83.21,83.21,17.54,15.40,70.45
83.44,83.44,15.89,16.07,75.44
84.13,84.13,18.20,19.57,75.14
83.43,83.43,20.15,32.42,75.54
80.99,80.99,20.86,34.87,71.96
80.88,80.88,21.77,34.90,71.79
78.21,78.21,23.75,36.74,70.01
78.27,78.27,22.29,29.27,68.90
78.23,78.23,20.96,38.35,69.92
74.36,74.36,18.83,31.26,69.28
74.57,74.57,17.87,33.77,67.64
65.69,65.69,17.29,31.24,70.12
62.65,62.65,18.56,38.31,69.99
59.60,59.60,21.48,38.47,69.65
63.45,63.45,22.12,35.05,63.30
58.51,58.51,23.04,42.11,66.03
59.01,59.01,23.58,30.85,68.54
58.78,58.78,26.11,40.43,64.68
56.67,56.67,28.38,37.57,65.22
60.01,60.01,29.22,35.71,66.51
49.29,49.29,29.25,39.53,64.41
48.79,48.79,28.26,31.94,65.48
46.79,46.79,23.76,37.57,64.29
50.62,50.62,21.13,28.51,65.02
58.68,58.68,23.81,26.26,67.87
63.13,63.13,20.37,28.85,71.07
63.90,63.90,19.29,23.14,67.03
65.87,65.87,18.27,27.43,67.94
66.31,66.31,19.57,31.32,67.58
68.87,68.87,19.76,37.43,63.07
69.23,69.23,17.63,36.81,66.33
69.43,69.43,19.73,32.89,63.88
70.58,70.58,19.57,36.03,65.33
71.52,71.52,17.12,33.81,65.78
71.72,71.72,27.97,29.98,62.80
73.21,73.21,23.93,39.30,65.47
73.34,73.34,22.45,41.69,66.74
73.84,73.84,29.26,38.86,66.48
74.80,74.80,30.57,38.58,62.89
72.61,72.61,25.07,43.18,66.12
70.33,70.33,25.59,45.93,64.41
68.88,68.88,24.96,36.75,62.23
65.88,65.88,27.98,44.26,63.53
58.25,58.25,28.82,38.46,63.36
53.46,53.46,31.79,41.46,64.57
50.79,50.79,29.57,40.17,61.39
48.56,48.56,26.56,28.27,63.51
52.85,52.85,23.37,21.07,67.24
52.12,52.12,20.55,16.85,77.26
57.16,57.16,23.62,25.02,75.58
63.46,63.46,26.28,26.79,76.51
70.26,70.26,29.16,29.04,75.37
87.16,87.16,31.97,33.15,73.36
87.62,87.62,31.72,29.72,69.20
87.05,87.05,33.74,35.26,70.75
86.63,86.63,32.62,30.77,68.40
85.98,85.98,34.81,34.25,69.35
85.15,85.15,35.69,32.48,69.18
84.61,84.61,35.32,28.46,68.09
84.53,84.53,36.79,32.50,69.55
83.56,83.56,37.11,38.03,68.46
81.72,81.72,33.84,36.58,67.11
80.86,80.86,33.01,37.89,68.03
80.60,80.60,35.92,31.73,66.67
79.92,79.92,35.60,42.52,69.56
78.89,78.89,31.66,43.55,63.25
78.52,78.52,32.35,43.99,65.54
80.06,80.06,31.41,37.57,68.26
80.63,80.63,27.34,34.92,63.56
81.88,81.88,32.91,41.22,62.20
84.05,84.05,33.33,38.22,67.41
84.21,84.21,30.53,41.08,64.60
82.56,82.56,26.91,41.04,66.47
77.54,77.54,22.16,32.61,69.77
69.79,69.79,25.78,30.51,63.71
64.45,64.45,18.31,32.49,63.41
58.60,58.60,20.80,41.35,66.50
62.88,62.88,22.73,34.63,66.93
57.91,57.91,22.82,43.73,65.93
51.59,51.59,26.01,35.17,65.58
60.84,60.84,28.76,42.41,64.97
58.46,58.46,37.70,33.09,65.33
66.36,66.36,45.19,36.89,69.68
65.64,65.64,43.71,39.69,65.09
63.65,63.65,43.82,40.88,68.08
64.51,64.51,44.94,37.65,66.85
67.21,67.21,38.39,42.92,63.81
65.77,65.77,29.51,36.38,65.45
63.09,63.09,26.72,43.09,62.87
79.03,79.03,27.19,45.80,64.18
83.90,83.90,28.43,38.55,62.13
81.19,81.19,25.60,37.57,63.09
81.64,81.64,23.96,22.10,62.44
81.35,81.35,24.28,23.46,65.45
79.63,79.63,24.62,28.06,75.11
82.63,82.63,24.26,33.32,74.22
82.46,82.46,26.67,35.35,75.08
81.59,81.59,31.46,31.05,73.76
80.60,80.60,31.04,36.69,72.41
81.61,81.61,29.96,41.83,71.20
80.31,80.31,31.54,37.38,68.68
78.84,78.84,31.25,39.42,68.69
78.55,78.55,30.92,31.89,67.24
79.01,79.01,30.44,36.95,66.01
74.66,74.66,28.68,34.49,67.96
74.36,74.36,22.70,35.99,68.19
73.48,73.48,24.45,33.43,65.52
76.15,76.15,24.50,37.79,69.79
73.89,73.89,28.77,40.90,67.44
72.24,72.24,31.15,37.51,65.74
70.69,70.69,30.16,41.02,67.89
69.71,69.71,29.90,31.24,65.46
73.33,73.33,27.93,41.42,65.14
71.90,71.90,23.91,33.65,66.83
67.43,67.43,21.60,39.91,65.01
63.83,63.83,21.89,38.33,64.73
65.74,65.74,24.83,24.88,65.16
66.87,66.87,29.79,27.57,67.02
68.04,68.04,29.56,29.64,70.06
65.59,65.59,27.97,32.02,70.23
60.84,60.84,24.73,30.97,69.30
60.09,60.09,23.37,32.11,68.68
62.36,62.36,23.98,35.66,67.94
60.67,60.67,20.06,39.99,63.39
59.83,59.83,19.70,41.00,68.58
62.56,62.56,22.03,39.00,65.15
71.41,71.41,24.32,41.57,63.96
77.72,77.72,26.55,41.43,67.77
81.53,81.53,29.24,37.12,63.05
83.28,83.28,29.82,44.42,65.98
84.21,84.21,30.95,44.24,66.36
85.06,85.06,28.78,45.08,60.87
83.52,83.52,27.84,42.39,64.83
80.06,80.06,30.15,45.78,63.97
80.91,80.91,28.26,41.39,60.34
81.24,81.24,26.35,40.55,62.89
82.20,82.20,26.36,41.07,61.23
83.77,83.77,28.66,43.05,58.14
83.95,83.95,26.64,37.40,62.54
84.56,84.56,22.45,47.84,59.41
85.63,85.63,19.82,45.69,74.99
85.71,85.71,19.80,44.02,75.86
83.80,83.80,20.31,44.01,76.06
84.63,84.63,29.33,44.77,76.49
82.59,82.59,32.43,36.96,76.60
81.71,81.71,31.55,37.94,75.03
81.10,81.10,34.61,39.94,76.61
82.05,82.05,34.51,30.46,75.68
82.40,82.40,30.06,38.67,75.79
79.92,79.92,31.10,40.23,75.93
79.89,79.89,28.97,33.53,75.94
81.02,81.02,25.33,31.61,74.94
81.37,81.37,26.61,35.36,75.96
79.09,79.09,26.54,38.56,75.68
77.97,77.97,31.14,41.19,75.46
80.04,80.04,30.71,42.66,75.02
77.40,77.40,28.91,40.53,75.39
74.77,74.77,27.80,43.13,74.31
74.57,74.57,28.87,34.18,75.08
66.13,66.13,31.28,42.93,74.54
66.70,66.70,30.39,39.93,75.03
66.06,66.06,27.47,40.72,74.81
65.15,65.15,26.91,41.35,74.66
64.70,64.70,23.52,41.52,75.37
61.76,61.76,25.27,38.41,75.85
63.02,63.02,30.70,29.40,76.88
64.19,64.19,34.47,35.33,73.28
61.28,61.28,33.47,40.60,75.92
58.57,58.57,31.92,37.10,74.36
59.12,59.12,25.23,40.45,73.49
60.18,60.18,25.83,36.89,73.61
61.24,61.24,21.79,40.95,74.08
59.44,59.44,20.79,34.13,73.55
58.40,58.40,19.64,31.18,73.64
55.49,55.49,17.13,30.27,73.47
61.04,61.04,15.11,35.51,73.04
72.99,72.99,16.99,36.15,72.48
85.97,85.97,16.66,37.31,73.21
85.51,85.51,19.84,32.20,72.43
81.75,81.75,23.90,35.11,72.21
78.78,78.78,22.95,35.56,73.27
79.03,79.03,17.93,39.96,72.96
78.09,78.09,19.36,36.11,71.01
78.18,78.18,22.56,45.05,69.07
78.64,78.64,23.06,48.28,60.11
78.14,78.14,22.87,48.27,58.34
76.50,76.50,22.36,41.48,59.61
75.64,75.64,19.23,26.02,65.10
80.16,80.16,20.66,33.96,71.59
81.43,81.43,23.41,37.71,72.89
82.03,82.03,26.19,39.69,71.65
82.62,82.62,26.26,31.60,71.77
81.29,81.29,31.68,30.74,72.34
78.83,78.83,31.38,29.63,71.64
78.89,78.89,29.55,32.84,70.86
77.89,77.89,27.90,32.26,71.40
74.32,74.32,25.55,32.08,70.34
73.82,73.82,24.30,33.91,70.60
78.85,78.85,21.85,32.22,71.45
80.14,80.14,18.80,31.51,67.01
81.71,81.71,18.71,32.39,71.28
80.90,80.90,22.09,33.52,68.21
78.81,78.81,23.45,36.54,72.12
76.27,76.27,25.01,32.99,71.80
74.87,74.87,25.73,34.87,71.12
77.57,77.57,26.76,31.15,70.95
76.13,76.13,27.08,30.33,69.82
69.06,69.06,24.69,26.69,70.55
67.38,67.38,25.79,30.85,70.83
63.11,63.11,28.19,27.28,70.61
62.96,62.96,23.83,24.66,69.13
58.18,58.18,21.17,20.66,68.95
53.55,53.55,23.95,23.04,70.80
57.75,57.75,24.21,29.05,73.84
63.28,63.28,23.93,26.71,72.48
70.75,70.75,19.80,28.96,69.44
79.49,79.49,23.36,34.90,67.90
78.34,78.34,26.47,38.35,72.19
78.38,78.38,24.63,40.87,66.61
78.74,78.74,21.23,35.59,65.74
79.08,79.08,22.86,38.32,68.57
78.43,78.43,22.76,38.49,69.22
76.89,76.89,20.96,36.61,68.11
72.70,72.70,22.10,31.93,70.29
66.97,66.97,23.32,39.70,68.90
63.92,63.92,20.86,36.69,69.26
65.91,65.91,21.59,40.25,70.14
66.90,66.90,25.92,34.35,66.47
65.30,65.30,27.40,40.13,67.57
64.20,64.20,26.10,43.46,67.66
63.52,63.52,25.73,37.05,66.05
61.23,61.23,26.49,36.55,63.39
60.05,60.05,26.93,41.80,64.48
58.13,58.13,24.11,34.04,61.94
57.07,57.07,21.48,31.78,66.95
58.08,58.08,23.99,31.95,76.00
55.42,55.42,22.51,32.15,76.21
55.40,55.40,26.16,23.35,76.23
58.82,58.82,28.51,30.43,75.11
58.34,58.34,30.31,34.43,74.69
59.07,59.07,28.03,35.04,71.77
61.46,61.46,28.82,37.35,71.26
64.27,64.27,27.82,34.12,70.17
64.55,64.55,28.17,33.75,68.47
62.43,62.43,28.01,30.49,69.78
64.90,64.90,25.90,30.80,67.69
70.14,70.14,26.34,39.38,67.69
73.75,73.75,27.94,44.56,67.91
75.01,75.01,29.29,41.99,67.51
76.50,76.50,28.48,37.73,68.41
75.82,75.82,27.96,40.91,67.58
74.67,74.67,28.38,42.93,66.33
75.65,75.65,30.21,43.90,67.19
76.19,76.19,33.87,41.17,64.85
76.93,76.93,35.83,42.79,64.31
77.21,77.21,33.26,39.11,63.73
77.59,77.59,30.23,32.74,63.48
76.41,76.41,27.81,35.52,63.55
74.52,74.52,23.40,36.42,63.02
75.58,75.58,24.77,47.13,67.09
74.45,74.45,23.94,45.14,65.93
75.88,75.88,23.15,41.54,65.62
78.99,78.99,24.08,38.62,64.50
81.64,81.64,22.97,39.71,61.91
80.23,80.23,21.20,43.60,60.75
77.95,77.95,23.42,43.63,59.15
72.78,72.78,28.18,42.92,59.94
62.85,62.85,33.11,45.64,59.15
62.37,62.37,32.64,45.67,57.62
59.16,59.16,29.26,42.14,59.44
60.84,60.84,24.03,42.33,60.85
65.03,65.03,23.59,44.07,69.52
68.57,68.57,26.82,41.62,69.87
76.64,76.64,24.81,33.42,69.58
78.39,78.39,24.24,48.66,69.73
80.31,80.31,25.50,46.30,68.84
80.93,80.93,24.14,45.08,69.33
81.11,81.11,29.74,45.22,69.69
79.78,79.78,26.29,42.35,68.31
77.62,77.62,26.39,37.20,67.09
76.02,76.02,21.94,25.71,67.41
74.90,74.90,18.98,19.99,68.57
77.03,77.03,20.06,6.24,74.48
73.34,73.34,22.81,4.52,75.92
74.69,74.69,23.69,5.97,73.67
73.78,73.78,23.85,19.48,74.86
75.61,75.61,22.92,22.67,74.35
73.82,73.82,19.79,19.86,73.21
74.29,74.29,18.00,21.78,71.07
73.16,73.16,19.70,20.48,72.82
73.37,73.37,18.05,23.04,70.03
73.99,73.99,14.19,27.43,70.33
71.23,71.23,7.75,27.56,71.09
64.10,64.10,8.32,38.13,70.12
70.12,70.12,12.12,32.24,71.17
73.46,73.46,17.18,32.47,68.00
74.14,74.14,19.31,32.77,68.34
75.98,75.98,23.53,37.24,69.02
74.69,74.69,25.07,40.96,68.25
74.12,74.12,25.33,38.48,68.30
73.58,73.58,25.89,38.20,67.33
74.50,74.50,26.48,39.78,64.24
75.47,75.47,23.84,36.12,66.09
73.78,73.78,25.09,34.85,64.71
74.81,74.81,15.35,38.37,61.77
75.69,75.69,8.54,45.53,65.42
75.09,75.09,5.71,45.72,66.79
75.64,75.64,5.91,42.42,68.75
76.98,76.98,7.95,39.82,66.41
75.53,75.53,12.50,33.74,66.10
74.83,74.83,16.93,44.65,66.99
76.23,76.23,17.56,41.77,66.61
73.95,73.95,20.23,38.38,62.43
72.16,72.16,20.09,40.75,59.37
73.22,73.22,27.01,49.78,61.76
72.86,72.86,23.91,36.23,60.04
72.36,72.36,32.56,35.41,68.97
61.79,61.79,40.81,36.02,72.70
60.90,60.90,42.63,31.46,71.87
61.24,61.24,41.93,36.45,72.28
59.94,59.94,41.89,36.92,74.04
54.79,54.79,38.86,37.76,73.07
53.46,53.46,33.41,43.58,72.87
53.03,53.03,25.22,42.89,73.60
53.77,53.77,17.75,36.83,72.19
63.40,63.40,19.12,33.96,71.82
63.59,63.59,20.41,34.35,71.61
58.35,58.35,13.01,31.08,71.84
58.64,58.64,13.48,28.72,71.09
59.86,59.86,16.24,22.78,76.38
61.74,61.74,16.59,19.24,78.91
65.53,65.53,16.06,18.66,78.14
79.72,79.72,19.14,24.96,77.40
83.08,83.08,22.38,32.99,75.87
81.86,81.86,25.09,34.61,74.29
80.28,80.28,23.95,35.25,73.02
79.97,79.97,24.42,35.17,73.54
79.39,79.39,23.36,35.67,71.18
80.26,80.26,25.93,37.19,71.63
79.62,79.62,25.37,31.83,71.88
77.72,77.72,24.78,30.85,74.58
78.33,78.33,26.53,35.72,69.81
78.39,78.39,24.09,34.47,73.11
75.92,75.92,22.92,25.87,68.67
77.40,77.40,23.94,27.53,71.53
74.56,74.56,22.89,31.19,69.00
76.85,76.85,25.25,26.40,67.91
78.61,78.61,23.96,35.95,66.49
79.04,79.04,26.20,30.93,68.98
79.53,79.53,24.82,34.70,68.01
82.05,82.05,22.54,32.80,65.43
81.90,81.90,24.18,29.63,68.32
83.00,83.00,25.66,27.45,68.83
82.65,82.65,19.34,28.83,69.69
83.66,83.66,21.05,35.08,70.02
83.08,83.08,20.78,35.22,68.62
81.42,81.42,22.61,35.97,68.58
80.48,80.48,23.12,39.47,62.80
77.62,77.62,23.21,37.48,68.59
73.99,73.99,22.97,33.93,69.12
71.98,71.98,25.14,37.35,67.20
68.89,68.89,26.59,35.00,65.58
70.24,70.24,27.26,40.13,68.08
71.64,71.64,37.78,48.66,70.94
70.88,70.88,39.15,38.27,65.10
74.90,74.90,38.30,37.67,66.21
74.80,74.80,35.63,48.41,64.86
76.08,76.08,33.50,45.35,66.10
77.88,77.88,35.42,46.57,66.04
76.73,76.73,32.55,42.64,63.89
76.08,76.08,31.58,36.11,67.22
73.26,73.26,33.23,41.01,63.84
71.20,71.20,31.81,33.11,61.87
70.88,70.88,27.12,35.52,66.51
72.59,72.59,24.99,36.28,68.89
69.08,69.08,23.32,25.83,70.26
55.90,55.90,23.92,29.64,71.51
56.37,56.37,24.77,33.70,67.25
57.83,57.83,28.13,37.79,68.52
58.09,58.09,29.56,33.03,64.99
57.71,57.71,31.30,40.66,61.53
58.15,58.15,29.22,29.01,64.22
58.70,58.70,30.26,39.39,63.04
58.30,58.30,27.22,35.50,60.92
59.12,59.12,22.55,26.02,62.89
57.08,57.08,21.25,31.47,61.41
57.75,57.75,19.52,25.10,73.39
56.31,56.31,21.19,28.53,70.73
59.90,59.90,25.11,31.35,70.68
56.75,56.75,25.86,40.57,70.74
57.14,57.14,25.83,38.84,66.55
52.37,52.37,25.45,40.56,68.68
45.49,45.49,24.39,34.34,70.10
48.22,48.22,27.92,37.51,66.62
51.61,51.61,29.98,39.66,69.65
57.21,57.21,26.43,32.54,68.61
65.76,65.76,19.67,38.52,69.27
66.93,66.93,13.35,33.94,67.45
67.56,67.56,7.68,35.91,71.41
70.31,70.31,6.93,33.85,69.44
70.56,70.56,9.52,32.90,70.38
71.93,71.93,8.44,34.66,72.33
74.02,74.02,10.18,37.42,67.12
74.31,74.31,15.55,35.08,70.23
73.87,73.87,18.97,35.38,68.08
75.33,75.33,28.60,38.08,66.29
75.01,75.01,20.36,34.81,69.30
74.28,74.28,28.64,38.13,65.69
74.14,74.14,16.22,44.54,66.39
73.54,73.54,15.05,37.25,69.89
71.46,71.46,14.59,32.04,68.17
71.97,71.97,7.61,37.48,66.99
66.43,66.43,11.16,35.67,67.94
61.31,61.31,20.53,37.88,65.40
58.89,58.89,30.81,41.75,67.42
55.79,55.79,34.16,38.62,66.40
53.16,53.16,41.38,45.40,64.91
51.03,51.03,47.20,39.01,68.72
53.05,53.05,49.31,42.64,66.12
55.96,55.96,40.33,37.21,63.58
56.52,56.52,32.01,33.64,68.98
59.33,59.33,26.44,25.44,64.76
62.96,62.96,19.82,26.94,68.20
68.03,68.03,12.90,25.12,69.48
74.57,74.57,18.85,26.56,75.34
75.37,75.37,26.11,22.46,75.65
73.93,73.93,29.92,15.70,74.98
75.38,75.38,27.76,13.63,74.61
76.89,76.89,26.68,18.29,73.19
77.82,77.82,27.15,19.01,73.33
77.59,77.59,28.97,16.58,70.42
76.47,76.47,26.30,15.43,73.59
76.49,76.49,27.35,19.31,70.79
76.26,76.26,29.27,17.38,70.89
76.17,76.17,29.74,16.85,70.57
76.35,76.35,30.88,19.51,68.79
75.38,75.38,29.00,22.00,71.40
74.78,74.78,26.64,25.67,70.49
75.35,75.35,28.80,22.93,67.43
74.85,74.85,27.12,23.76,70.83
74.07,74.07,27.16,26.44,66.25
71.46,71.46,27.59,19.10,67.76
65.61,65.61,25.97,24.91,70.14
67.29,67.29,21.31,25.07,65.12
67.04,67.04,19.60,34.32,68.05
70.70,70.70,20.46,37.32,68.57
75.91,75.91,27.73,29.59,66.54
78.37,78.37,36.55,23.63,67.69
79.02,79.02,35.46,25.47,66.23
75.05,75.05,31.69,28.32,68.40
75.24,75.24,32.97,31.20,68.97
74.83,74.83,31.78,32.35,66.76
74.90,74.90,29.81,41.66,67.90
72.16,72.16,24.20,33.10,64.39
71.76,71.76,23.40,40.91,65.33
70.03,70.03,24.05,42.84,63.63
64.38,64.38,20.19,44.32,66.79
59.88,59.88,18.92,47.78,68.71
60.44,60.44,25.73,43.52,69.60
62.11,62.11,26.46,47.95,68.59
63.30,63.30,27.50,40.14,68.39
63.84,63.84,27.05,33.22,69.10
65.53,65.53,26.59,41.35,67.03
71.84,71.84,23.38,35.35,68.28
74.41,74.41,20.84,37.45,67.73
75.23,75.23,22.25,36.52,67.56
75.55,75.55,20.20,37.23,68.01
76.90,76.90,15.65,35.31,67.71
77.01,77.01,11.71,33.67,67.46
74.92,74.92,7.92,28.78,78.86
71.83,71.83,8.52,22.19,79.78
65.32,65.32,9.51,23.73,80.44
62.45,62.45,10.81,21.56,80.55
58.28,58.28,12.87,19.49,77.54
61.20,61.20,12.40,25.14,75.81
58.75,58.75,15.96,24.25,74.11
58.25,58.25,17.47,23.19,74.57
55.75,55.75,18.07,19.16,75.93
54.22,54.22,19.58,18.62,73.40
58.41,58.41,17.38,16.63,71.42
66.00,66.00,18.36,17.77,76.31
61.13,61.13,19.13,12.34,74.00
67.59,67.59,17.82,18.47,72.02
74.40,74.40,16.15,23.09,75.24
76.80,76.80,18.53,28.80,70.09
77.02,77.02,19.66,25.24,69.79
78.72,78.72,19.48,34.54,73.17
80.64,80.64,19.58,34.07,69.84
78.46,78.46,20.65,35.02,69.21
76.95,76.95,21.26,36.18,71.44
77.11,77.11,23.31,33.02,68.71
76.00,76.00,25.99,40.63,67.61
75.55,75.55,25.93,51.29,70.10
77.73,77.73,20.66,54.55,70.61
74.29,74.29,16.28,53.65,73.52
75.35,75.35,13.45,51.16,71.96
77.24,77.24,15.54,46.93,71.89
77.23,77.23,16.12,45.79,68.03
75.65,75.65,17.38,47.03,72.28
75.13,75.13,19.10,43.81,70.72
74.80,74.80,18.74,37.27,68.75
75.62,75.62,20.30,38.54,68.98
74.56,74.56,22.62,35.17,67.47
74.86,74.86,27.63,39.81,67.52
74.60,74.60,35.51,37.90,68.13
75.94,75.94,39.34,39.86,71.56
72.77,72.77,39.82,39.55,70.34
73.82,73.82,40.23,38.90,68.21
75.54,75.54,36.68,41.29,68.14
78.05,78.05,35.11,43.21,67.76
78.96,78.96,33.35,41.02,66.78
76.51,76.51,31.59,39.78,68.79
71.75,71.75,28.50,41.67,67.57
67.99,67.99,25.31,40.46,67.16
71.99,71.99,24.62,42.19,67.89
71.44,71.44,22.52,46.62,70.12
73.03,73.03,16.73,44.80,78.04
75.18,75.18,17.53,39.91,77.02
76.30,76.30,21.99,35.25,79.13
77.05,77.05,22.99,32.47,79.21
77.61,77.61,23.42,31.07,76.88
77.90,77.90,20.81,34.43,78.80
78.25,78.25,20.77,34.09,78.68
78.61,78.61,21.80,28.90,76.97
79.17,79.17,18.28,29.58,79.07
78.94,78.94,14.28,27.69,77.42
78.85,78.85,13.91,24.85,76.65
77.54,77.54,14.37,24.53,79.33
77.36,77.36,20.25,24.91,77.24
76.32,76.32,22.00,27.13,78.90
75.82,75.82,23.03,37.36,76.69
75.22,75.22,24.89,42.14,76.67
76.46,76.46,22.87,44.16,78.75
75.22,75.22,25.28,40.93,77.29
76.82,76.82,26.94,41.05,77.45
76.72,76.72,23.47,42.33,76.58
74.60,74.60,22.56,39.82,75.96
71.41,71.41,29.30,35.79,77.48
76.08,76.08,29.23,31.57,77.11
76.67,76.67,33.74,23.34,76.70
74.32,74.32,28.81,18.77,72.76
74.04,74.04,32.25,26.64,75.71
75.05,75.05,35.63,34.61,78.41
75.32,75.32,38.28,34.41,76.86
76.48,76.48,46.42,35.30,77.28
77.27,77.27,37.80,41.51,77.20
77.26,77.26,29.81,40.60,76.33
76.30,76.30,40.15,36.54,76.35
75.05,75.05,34.86,34.13,76.00
68.48,68.48,21.36,32.23,76.87
63.00,63.00,15.99,32.01,76.26
60.54,60.54,16.19,33.65,75.84
63.41,63.41,17.33,38.06,76.37
63.50,63.50,20.56,38.67,75.09
69.06,69.06,19.44,34.48,75.86
81.66,81.66,22.43,32.13,75.83
82.11,82.11,22.34,31.24,75.82
80.18,80.18,22.81,28.28,74.98
78.03,78.03,20.63,35.79,64.64
75.09,75.09,20.33,43.32,66.39
74.51,74.51,20.80,41.23,63.56
75.41,75.41,22.91,37.88,72.29
76.90,76.90,25.51,40.42,68.84
74.44,74.44,27.94,41.97,69.77
71.33,71.33,27.42,36.96,71.02
74.99,74.99,26.38,34.28,68.51
74.68,74.68,27.62,29.68,70.45
72.66,72.66,26.59,32.28,70.90
73.05,73.05,23.69,31.19,68.86
71.84,71.84,23.15,31.01,69.96
73.80,73.80,19.89,32.14,70.16
72.83,72.83,16.26,32.73,67.89
71.64,71.64,12.27,27.52,73.13
71.01,71.01,12.47,30.05,67.69
71.64,71.64,13.13,32.98,69.03
71.54,71.54,16.97,36.06,67.30
72.51,72.51,23.35,33.28,69.30
74.44,74.44,23.54,35.06,68.73
74.84,74.84,29.85,33.69,67.13
74.91,74.91,29.87,34.91,69.00
74.83,74.83,30.84,37.11,66.61
74.63,74.63,30.36,39.40,68.40
75.16,75.16,30.20,35.49,65.92
73.78,73.78,23.69,30.91,67.62
68.84,68.84,19.97,28.32,68.57
70.66,70.66,16.68,22.92,75.83
67.62,67.62,16.14,30.25,74.83
64.59,64.59,17.84,32.15,73.32
64.42,64.42,23.64,28.40,68.74
61.78,61.78,25.09,33.79,70.44
58.48,58.48,22.54,40.81,67.88
57.55,57.55,22.53,37.41,70.08
55.26,55.26,19.95,38.32,68.72
58.10,58.10,25.70,30.20,68.93
50.79,50.79,22.51,35.35,68.26
56.73,56.73,40.02,36.96,67.73
50.71,50.71,43.43,34.10,70.33
50.06,50.06,40.08,32.46,69.59
46.37,46.37,37.95,31.09,68.94
45.05,45.05,35.19,34.00,69.98
44.25,44.25,32.44,38.60,69.33
44.00,44.00,30.60,39.49,67.44
46.85,46.85,24.35,41.36,68.14
55.21,55.21,22.80,40.03,65.59
64.48,64.48,27.50,32.82,64.75
72.26,72.26,37.30,35.93,67.13
75.85,75.85,36.08,28.84,62.67
75.11,75.11,32.25,29.67,62.80
68.55,68.55,19.30,24.23,74.94
68.49,68.49,23.74,15.32,74.56
68.24,68.24,24.50,17.13,75.82
69.19,69.19,26.15,15.33,75.52
72.03,72.03,26.01,23.27,74.65
72.09,72.09,22.36,22.24,73.68
69.96,69.96,20.81,32.69,72.60
70.39,70.39,18.21,28.74,71.82
68.45,68.45,19.41,34.42,69.12
65.85,65.85,20.12,24.65,70.70
62.67,62.67,15.84,29.86,68.93
71.03,71.03,33.22,29.67,71.15
75.72,75.72,29.43,35.20,73.06
72.56,72.56,35.39,31.41,71.55
72.82,72.82,30.11,29.68,70.37
65.12,65.12,18.64,36.21,70.47
56.46,56.46,17.88,40.22,68.87
52.57,52.57,25.51,40.64,68.60
51.46,51.46,29.80,42.06,67.37
49.28,49.28,26.12,41.78,66.37
52.20,52.20,22.95,43.32,67.80
60.84,60.84,15.02,37.54,65.87
68.84,68.84,10.14,36.14,65.07
71.47,71.47,19.48,35.33,63.74
74.94,74.94,24.28,29.48,68.09
75.44,75.44,22.34,34.19,70.64
75.03,75.03,26.11,32.68,69.57
74.04,74.04,28.68,35.78,66.75
71.88,71.88,22.22,39.78,66.34
67.96,67.96,12.92,40.58,65.98
61.89,61.89,16.11,40.77,64.84
58.04,58.04,17.74,43.16,65.00
53.12,53.12,21.15,42.58,65.98
50.92,50.92,24.65,40.69,65.31
50.22,50.22,24.24,35.84,64.89
52.92,52.92,27.25,36.00,66.10
56.38,56.38,31.41,43.60,68.37
57.36,57.36,26.86,43.52,67.53
57.58,57.58,18.29,35.38,68.11
62.05,62.05,16.13,38.02,67.23
77.06,77.06,22.81,35.83,66.31
81.14,81.14,24.49,38.36,65.32
81.15,81.15,26.43,43.82,65.09
80.63,80.63,31.22,41.65,62.75
80.42,80.42,24.33,42.22,64.20
80.87,80.87,27.48,36.12,64.67
80.56,80.56,24.11,32.73,65.39
80.01,80.01,17.54,30.56,69.95
78.94,78.94,18.64,23.71,76.47
80.94,80.94,17.61,17.31,76.91
81.05,81.05,21.18,15.70,75.99
78.48,78.48,23.47,16.06,73.15
73.46,73.46,23.25,20.42,72.53
74.83,74.83,22.04,21.25,71.62
73.82,73.82,21.60,28.45,71.28
72.22,72.22,20.62,23.38,68.36
68.85,68.85,19.76,21.41,69.75
70.78,70.78,19.45,23.15,70.27
71.57,71.57,21.10,19.68,67.35
73.67,73.67,19.85,21.26,72.07
73.37,73.37,14.50,19.08,70.27
72.97,72.97,17.96,17.08,68.38
68.08,68.08,30.95,27.62,69.56
65.88,65.88,34.55,33.00,68.14
64.96,64.96,34.90,35.49,66.52
65.26,65.26,36.70,38.54,66.77
67.55,67.55,32.73,39.72,65.81
70.78,70.78,20.31,35.97,66.16
71.00,71.00,12.45,30.16,66.63
66.30,66.30,10.70,30.35,64.78
64.41,64.41,10.25,28.34,66.63
63.64,63.64,9.41,22.66,68.45
62.50,62.50,6.02,10.20,68.27
61.60,61.60,7.62,23.62,67.14
61.93,61.93,12.09,30.28,65.24
67.25,67.25,16.31,31.97,66.29
84.45,84.45,25.30,36.66,67.13
85.49,85.49,30.14,37.26,65.24
84.24,84.24,27.39,37.61,65.83
82.80,82.80,24.88,32.72,61.48
82.18,82.18,27.28,28.05,65.03
80.45,80.45,25.33,22.74,66.96
77.92,77.92,24.02,31.15,63.72
78.01,78.01,28.96,33.88,63.87
75.56,75.56,27.61,33.04,62.38
67.76,67.76,24.74,35.23,63.27
65.03,65.03,25.00,40.33,63.62
62.92,62.92,29.48,38.25,63.50
60.89,60.89,32.85,37.72,62.29
61.21,61.21,31.63,37.92,61.88
62.72,62.72,29.32,28.25,62.82
62.57,62.57,16.71,28.84,63.46
59.59,59.59,9.90,21.73,69.84
62.39,62.39,9.56,6.76,72.12
64.54,64.54,8.91,0.07,74.67
64.70,64.70,23.20,0.48,73.26
66.68,66.68,25.63,6.23,72.83
66.41,66.41,27.10,11.86,71.80
66.58,66.58,26.56,17.54,67.34
67.64,67.64,23.87,17.46,72.03
68.01,68.01,28.87,19.50,65.17
68.14,68.14,28.83,16.48,67.68
69.34,69.34,30.16,20.22,69.87
69.87,69.87,29.18,15.95,61.57
69.91,69.91,29.49,13.59,74.06
69.72,69.72,29.62,11.42,67.46
68.25,68.25,26.22,13.14,72.41
68.34,68.34,27.45,17.96,69.62
67.95,67.95,23.93,22.14,66.25
71.54,71.54,23.18,22.48,67.35
78.50,78.50,24.90,22.02,67.06
84.86,84.86,29.42,27.09,63.22
84.51,84.51,28.46,22.63,65.73
78.45,78.45,25.30,25.00,67.67
67.96,67.96,20.90,22.46,63.25
60.93,60.93,15.61,18.24,67.30
57.14,57.14,13.29,9.88,68.25
56.17,56.17,9.49,10.73,70.25
56.11,56.11,8.34,12.71,73.77
51.61,51.61,11.10,22.74,70.84
53.61,53.61,15.18,20.93,68.86
50.25,50.25,16.30,27.10,69.36
48.35,48.35,19.29,25.69,68.17
49.68,49.68,22.91,15.57,69.43
52.13,52.13,27.62,11.82,69.28
58.03,58.03,29.35,17.31,67.56
56.64,56.64,29.24,17.63,66.58
57.54,57.54,28.73,19.94,68.42
58.00,58.00,28.55,21.53,66.64
59.03,59.03,30.16,22.63,67.04
59.06,59.06,30.21,25.36,69.18
62.29,62.29,25.63,18.94,68.60
62.71,62.71,23.70,25.41,66.00
61.77,61.77,26.46,28.10,66.91
62.89,62.89,28.07,36.27,64.91
61.44,61.44,29.73,37.07,69.03
62.73,62.73,28.80,29.26,66.13
62.76,62.76,30.04,22.82,66.58
63.82,63.82,29.02,17.78,68.11
63.91,63.91,21.71,14.71,66.17
65.30,65.30,22.63,4.52,71.99
72.58,72.58,18.67,10.64,76.94
82.01,82.01,22.90,13.42,76.56
84.52,84.52,26.29,19.70,76.75
82.52,82.52,26.56,20.50,74.08
79.30,79.30,25.76,15.34,73.36
74.30,74.30,20.50,25.27,72.46
66.52,66.52,20.63,18.15,70.04
59.40,59.40,23.28,22.46,71.50
57.07,57.07,23.02,19.77,69.49
57.47,57.47,21.87,19.52,69.93
58.87,58.87,22.27,16.62,70.72
57.69,57.69,22.81,7.31,71.66
53.51,53.51,24.21,7.74,71.43
52.03,52.03,26.16,11.49,65.00
50.42,50.42,28.49,17.74,64.48
45.68,45.68,29.02,23.31,68.21
44.96,44.96,29.10,27.62,65.20
47.47,47.47,29.44,30.57,67.86
49.69,49.69,26.74,28.41,67.83
51.13,51.13,26.34,30.57,64.99
42.54,42.54,21.75,26.00,67.17
46.03,46.03,16.76,25.58,65.87
57.83,57.83,18.16,17.52,64.98
65.71,65.71,18.36,17.44,66.97
69.32,69.32,19.19,10.58,71.85
71.99,71.99,25.90,13.08,67.74
74.23,74.23,24.44,19.24,66.98
73.31,73.31,29.65,19.12,68.76
74.40,74.40,32.10,22.66,64.62
72.69,72.69,33.36,23.28,68.77
74.73,74.73,34.55,21.87,64.17
71.73,71.73,36.34,21.80,66.90
70.15,70.15,31.36,24.31,67.17
64.41,64.41,27.30,15.71,64.40
60.05,60.05,27.64,19.18,67.08
55.09,55.09,29.22,28.98,66.79
58.87,58.87,20.78,32.97,65.64
64.84,64.84,15.98,34.74,60.67
75.28,75.28,16.24,37.38,61.95
87.09,87.09,12.14,39.94,61.27
87.98,87.98,12.91,29.64,64.03
86.11,86.11,18.78,37.23,60.54
83.76,83.76,24.43,34.78,57.44
84.63,84.63,25.10,38.57,64.00
84.22,84.22,21.41,35.87,60.34
85.16,85.16,15.67,30.49,61.69
85.31,85.31,19.55,21.08,67.26
85.53,85.53,27.94,15.16,77.50
82.67,82.67,31.15,15.73,77.06
83.21,83.21,34.95,13.68,75.47
82.50,82.50,32.10,8.51,74.91
80.02,80.02,33.66,6.73,73.39
79.98,79.98,33.70,9.60,70.00
75.59,75.59,36.69,12.07,71.82
75.40,75.40,31.94,12.46,70.44
76.08,76.08,30.03,14.04,70.00
76.86,76.86,27.93,20.32,70.44
78.12,78.12,22.10,22.59,68.79
78.89,78.89,21.43,18.79,70.54
78.96,78.96,22.82,6.53,70.78
78.89,78.89,24.91,1.22,67.50
77.33,77.33,27.18,4.55,69.18
66.68,66.68,19.37,11.41,71.91
62.89,62.89,15.09,13.77,68.99
66.51,66.51,16.98,21.99,67.07
56.64,56.64,18.02,24.27,67.72
56.96,56.96,17.22,25.46,70.66
60.41,60.41,19.70,18.19,65.65
72.33,72.33,22.18,25.50,64.09
66.55,66.55,17.18,25.45,67.80
66.91,66.91,19.19,23.73,66.89
72.12,72.12,29.33,28.27,68.71
75.81,75.81,31.43,31.20,71.74
77.12,77.12,32.82,30.49,65.91
77.53,77.53,31.00,26.82,65.25
77.65,77.65,36.96,23.03,68.94
76.55,76.55,35.15,18.45,67.38
74.84,74.84,36.99,24.75,67.30
74.29,74.29,38.42,29.66,66.02
62.82,62.82,21.87,31.35,66.52
58.75,58.75,17.13,32.09,64.95
57.44,57.44,19.20,32.28,69.40
55.89,55.89,17.36,35.19,62.28
56.28,56.28,16.23,33.00,67.00
65.16,65.16,21.46,31.03,67.27
75.32,75.32,25.24,31.59,65.70
90.20,90.20,29.61,32.53,65.96
89.45,89.45,25.41,35.93,62.05
87.45,87.45,29.11,33.18,62.26
84.50,84.50,31.65,32.34,61.23
81.44,81.44,31.94,32.18,60.51
80.98,80.98,33.63,16.08,61.39
82.53,82.53,33.86,18.30,64.13
83.25,83.25,36.84,18.76,75.33
82.24,82.24,32.91,17.38,74.64
81.24,81.24,30.55,12.27,74.72
78.48,78.48,31.36,11.14,74.34
79.15,79.15,35.62,13.59,73.41
77.52,77.52,34.15,13.16,71.34
75.45,75.45,30.91,12.58,70.41
73.48,73.48,25.54,14.82,70.97
74.73,74.73,28.98,12.42,68.57
73.88,73.88,32.70,14.33,68.06
74.32,74.32,29.79,13.20,69.42
75.31,75.31,30.90,11.46,68.65
72.97,72.97,26.77,16.65,68.06
68.69,68.69,22.24,18.45,70.60
66.25,66.25,16.85,24.74,68.13
67.97,67.97,24.03,22.99,67.99
68.76,68.76,25.48,27.50,69.47
69.90,69.90,25.36,22.15,68.43
65.50,65.50,29.16,23.14,67.71
57.07,57.07,27.70,19.38,68.52
57.46,57.46,29.56,21.70,67.10
57.17,57.17,32.18,19.07,66.09
56.50,56.50,22.80,15.36,66.45
58.12,58.12,18.24,11.49,67.39
57.98,57.98,27.66,5.24,70.82
57.28,57.28,23.91,11.51,70.19
61.71,61.71,21.05,14.57,69.61
67.19,67.19,21.88,22.54,68.38
72.70,72.70,23.58,28.70,68.54
75.91,75.91,23.82,41.03,63.70
77.41,77.41,23.51,40.37,68.22
78.40,78.40,25.79,33.81,65.24
77.34,77.34,27.21,30.12,64.53
76.60,76.60,23.11,29.15,67.82
76.53,76.53,20.48,31.83,62.55
77.43,77.43,24.85,36.90,66.67
76.09,76.09,29.38,32.80,67.42
68.95,68.95,31.80,25.36,61.89
57.46,57.46,33.91,23.13,67.67
57.15,57.15,36.83,31.15,66.93
51.74,51.74,35.43,32.52,65.16
46.32,46.32,35.01,27.80,65.54
46.43,46.43,39.42,25.36,63.64
46.86,46.86,32.59,27.17,62.11
59.20,59.20,25.31,34.52,64.31
71.58,71.58,19.97,38.84,62.60
69.23,69.23,13.51,37.31,75.08
59.42,59.42,13.30,26.29,75.87
57.43,57.43,22.49,14.21,77.54
59.94,59.94,27.70,10.81,76.82
63.53,63.53,28.72,14.78,77.32
69.22,69.22,26.16,16.06,77.42
87.40,87.40,27.30,18.32,76.53
86.26,86.26,29.75,14.41,76.54
85.43,85.43,27.62,13.80,77.10
85.60,85.60,23.20,18.62,74.98
82.62,82.62,25.78,21.57,76.76
80.64,80.64,27.02,19.12,75.70
79.51,79.51,28.58,9.11,75.00
79.53,79.53,26.05,5.77,76.75
79.02,79.02,27.56,10.47,77.15
77.38,77.38,25.98,14.84,74.96
79.26,79.26,30.87,24.48,77.06
81.22,81.22,29.90,31.72,76.28
80.83,80.83,29.61,30.29,75.13
78.40,78.40,27.11,25.54,76.36
70.65,70.65,21.21,25.13,76.00
63.04,63.04,23.43,26.98,75.93
66.74,66.74,28.47,23.72,75.37
70.37,70.37,36.41,14.91,74.52
74.58,74.58,32.36,17.03,75.61
75.25,75.25,32.37,16.82,76.99
75.73,75.73,33.32,19.96,73.59
75.39,75.39,28.08,22.56,76.40
75.74,75.74,28.76,27.34,75.08
67.35,67.35,23.00,32.06,73.41
61.67,61.67,17.99,32.61,75.27
59.17,59.17,22.42,32.71,75.37
57.93,57.93,23.54,28.66,73.97
55.71,55.71,24.51,20.88,74.47
57.28,57.28,24.62,19.35,73.75
59.52,59.52,26.84,20.00,72.54
60.18,60.18,19.37,21.71,74.36
62.97,62.97,17.37,20.72,72.94
68.84,68.84,19.14,15.73,73.03
86.22,86.22,21.40,19.52,72.42
85.34,85.34,25.52,22.56,74.73
84.26,84.26,26.53,30.13,72.63
82.52,82.52,26.28,28.96,72.96
80.95,80.95,27.54,29.13,71.06
80.23,80.23,27.25,27.75,67.77
80.10,80.10,25.80,26.94,65.24
78.03,78.03,25.85,33.48,64.56
77.15,77.15,24.38,27.19,68.61
75.57,75.57,23.94,22.50,73.11
75.44,75.44,25.44,23.12,72.07
74.62,74.62,25.79,24.86,72.31
78.39,78.39,25.21,24.44,73.49
74.43,74.43,28.95,28.11,70.65
73.58,73.58,29.68,25.39,71.80
73.74,73.74,31.67,26.89,71.28
75.93,75.93,30.87,27.69,69.17
76.44,76.44,33.00,28.60,71.56
76.00,76.00,31.01,26.19,70.32
71.49,71.49,23.38,28.66,69.43
66.68,66.68,22.21,26.69,70.24
69.58,69.58,23.25,28.43,72.44
65.69,65.69,21.67,28.28,71.07
57.23,57.23,17.99,31.91,72.04
64.46,64.46,22.00,32.12,72.73
79.59,79.59,23.28,38.12,69.96
81.89,81.89,19.01,35.35,71.40
83.65,83.65,13.79,30.57,70.25
85.53,85.53,12.82,37.24,70.61
83.41,83.41,12.47,40.53,71.44
83.93,83.93,21.25,32.47,69.43
81.47,81.47,23.41,30.36,68.80
84.27,84.27,19.62,33.52,70.59
83.50,83.50,17.59,37.79,69.74
84.68,84.68,15.68,36.88,72.44
83.01,83.01,15.50,33.21,72.29
83.78,83.78,20.98,30.45,68.44
83.34,83.34,19.80,34.76,68.26
81.67,81.67,20.56,37.40,71.93
82.59,82.59,24.51,38.36,66.91
83.69,83.69,25.91,37.30,66.94
83.23,83.23,23.11,34.38,69.42
83.57,83.57,22.84,36.45,67.88
83.80,83.80,23.40,29.55,68.78
82.10,82.10,21.28,38.22,70.51
83.12,83.12,19.12,37.69,66.45
83.18,83.18,23.35,36.18,68.33
83.16,83.16,24.06,40.11,68.00
82.47,82.47,23.85,34.03,64.46
81.25,81.25,24.47,37.56,68.26
82.07,82.07,24.73,42.00,64.04
81.16,81.16,24.26,39.52,60.25
78.02,78.02,20.26,35.42,60.48
75.21,75.21,22.34,41.34,61.61
78.01,78.01,18.71,36.54,60.45
81.60,81.60,17.81,34.56,62.66
83.82,83.82,15.58,24.55,76.08
85.16,85.16,18.12,12.76,76.22
84.63,84.63,18.03,22.49,75.14
82.12,82.12,19.94,30.16,74.24
78.30,78.30,18.62,34.22,73.08
77.67,77.67,19.12,35.97,71.26
76.60,76.60,16.69,33.86,71.70
73.62,73.62,15.92,35.87,68.93
74.17,74.17,19.07,34.04,68.57
76.91,76.91,13.98,33.96,67.26
76.77,76.77,13.68,37.22,65.17
75.40,75.40,18.44,39.29,67.78
74.38,74.38,15.72,42.65,68.58
70.72,70.72,17.14,33.82,67.83
64.28,64.28,17.68,36.41,66.13
58.69,58.69,23.28,38.77,66.52
60.79,60.79,26.45,39.46,65.70
60.11,60.11,29.99,38.44,66.81
58.80,58.80,31.52,39.40,66.09
60.43,60.43,33.63,39.28,65.62
59.88,59.88,37.73,37.97,65.47
57.58,57.58,40.50,38.35,63.31
64.17,64.17,51.02,37.11,65.08
61.06,61.06,48.59,35.00,62.83
61.94,61.94,48.53,32.82,67.14
64.62,64.62,41.47,40.42,65.22
66.32,66.32,33.58,37.27,65.16
72.94,72.94,30.83,37.54,65.70
82.03,82.03,29.12,37.92,65.23
82.75,82.75,30.81,39.28,63.53
80.89,80.89,28.71,38.60,60.17
80.03,80.03,25.25,31.97,60.88
79.70,79.70,25.32,41.38,61.88
75.59,75.59,22.97,37.75,62.44
68.13,68.13,22.20,39.18,63.29
62.90,62.90,21.82,45.60,62.89
63.98,63.98,19.79,44.74,68.07
64.70,64.70,26.37,45.43,69.71
66.59,66.59,35.59,44.17,67.16
67.31,67.31,41.36,48.92,68.20
69.01,69.01,34.79,42.71,68.70
65.48,65.48,27.97,43.85,69.30
61.76,61.76,30.75,44.68,67.69
60.91,60.91,28.57,40.79,67.13
60.53,60.53,27.36,31.54,66.96
61.04,61.04,28.11,29.30,67.59
55.11,55.11,12.23,35.47,68.36
56.85,56.85,13.85,38.82,75.82
60.82,60.82,17.35,37.20,76.85
68.64,68.64,19.78,40.77,74.05
65.97,65.97,19.64,45.98,74.93
66.22,66.22,21.36,45.53,74.35
77.94,77.94,20.95,41.42,72.59
88.01,88.01,21.86,40.02,70.63
86.79,86.79,22.49,38.93,69.18
86.12,86.12,22.54,43.93,66.55
85.20,85.20,22.68,45.09,67.90
84.73,84.73,22.97,39.60,67.47
82.32,82.32,23.95,41.10,69.46
82.59,82.59,24.24,36.19,69.30
81.11,81.11,23.21,42.51,67.23
81.44,81.44,25.12,38.39,66.63
81.38,81.38,24.27,36.55,65.86
81.87,81.87,28.87,38.85,64.38
78.08,78.08,26.62,40.00,65.34
76.93,76.93,25.85,42.30,64.11
75.37,75.37,30.64,43.74,62.46
75.36,75.36,29.00,42.40,65.71
75.24,75.24,28.14,37.55,63.16
75.82,75.82,19.11,44.20,61.73
76.24,76.24,21.14,48.79,65.87
74.37,74.37,20.07,40.88,69.05
68.37,68.37,23.38,33.64,67.17
64.78,64.78,23.99,39.65,66.36
67.15,67.15,23.63,37.40,63.74
69.22,69.22,24.34,35.65,64.43
67.25,67.25,23.71,42.49,62.53
66.52,66.52,25.14,46.53,62.06
67.46,67.46,24.80,41.54,59.35
65.96,65.96,35.99,47.50,61.61
64.80,64.80,34.41,37.00,59.73
66.11,66.11,29.56,29.31,67.54
64.24,64.24,23.01,29.10,72.45
61.61,61.61,29.00,29.15,73.42
60.47,60.47,34.96,34.11,73.59
70.04,70.04,35.96,37.50,74.53
74.13,74.13,32.93,26.86,73.44
74.89,74.89,27.26,36.14,73.59
75.15,75.15,25.10,38.41,73.24
73.19,73.19,27.34,26.29,72.18
74.11,74.11,29.80,28.78,71.35
74.64,74.64,34.50,38.28,70.82
74.03,74.03,29.02,38.20,70.98
72.36,72.36,24.96,51.39,70.29
73.20,73.20,23.01,56.55,74.19
74.77,74.77,27.53,54.96,78.07
74.03,74.03,21.67,51.97,78.78
73.60,73.60,24.88,53.67,76.12
72.05,72.05,24.57,52.14,76.00
72.16,72.16,26.05,39.80,74.13
73.63,73.63,23.16,41.42,73.15
73.12,73.12,21.17,46.59,73.80
71.30,71.30,20.27,48.38,71.69
71.08,71.08,20.18,49.01,71.80
69.30,69.30,16.20,49.03,73.36
69.96,69.96,16.40,48.76,72.20
68.18,68.18,13.37,44.69,72.08
66.06,66.06,15.52,43.71,71.99
70.00,70.00,17.54,44.59,72.06
72.56,72.56,16.94,48.62,71.79
72.69,72.69,15.12,49.62,71.78
72.31,72.31,15.54,48.11,72.83
73.28,73.28,14.77,46.82,72.21
73.54,73.54,16.28,46.26,72.43
70.17,70.17,16.66,47.88,72.07
68.89,68.89,19.51,50.89,71.41
65.93,65.93,34.91,53.50,70.74
68.12,68.12,41.95,52.61,72.30
67.65,67.65,38.88,45.57,72.26
60.76,60.76,36.75,41.49,70.87
57.84,57.84,33.93,33.42,71.61
61.37,61.37,31.02,36.05,70.38
58.12,58.12,31.04,41.55,68.79
52.52,52.52,30.97,42.31,70.86
51.64,51.64,33.17,41.01,69.77
48.60,48.60,35.41,38.00,66.77
47.32,47.32,36.74,40.93,66.67
52.09,52.09,39.08,53.55,68.81
57.08,57.08,45.30,58.27,69.29
48.56,48.56,45.74,48.46,65.35
46.88,46.88,44.10,33.76,65.59
48.83,48.83,41.54,37.75,64.58
45.09,45.09,41.05,48.21,67.38
42.36,42.36,39.34,49.66,65.19
40.98,40.98,38.01,46.59,65.81
40.33,40.33,36.74,36.57,68.36
37.17,37.17,35.79,30.43,64.13
38.77,38.77,32.25,26.35,64.22
45.33,45.33,27.96,34.93,67.63
54.62,54.62,23.02,40.36,65.63
58.29,58.29,18.75,39.38,71.31
59.90,59.90,16.99,41.66,70.45
64.91,64.91,19.50,44.57,66.64
66.47,66.47,19.48,45.26,67.91
67.97,67.97,20.97,41.43,65.99
70.35,70.35,22.30,42.11,65.61
70.85,70.85,23.22,45.87,63.98
73.35,73.35,24.02,48.04,62.82
75.27,75.27,23.95,44.03,62.09
74.42,74.42,23.39,39.44,59.86
73.01,73.01,21.45,41.27,62.43
73.50,73.50,22.25,30.46,72.53
74.00,74.00,23.50,36.76,71.68
72.89,72.89,25.58,45.53,71.88
72.16,72.16,23.62,48.40,71.22
72.99,72.99,22.30,49.41,66.82
70.24,70.24,20.50,51.90,68.30
66.18,66.18,18.26,51.73,69.00
58.91,58.91,24.29,47.47,65.38
54.29,54.29,27.92,43.99,68.52
53.85,53.85,26.14,41.88,68.96
60.51,60.51,24.52,42.80,68.71
65.19,65.19,21.31,47.95,70.02
69.59,69.59,20.89,53.37,72.57
70.30,70.30,22.03,48.48,71.74
70.49,70.49,29.33,51.01,71.01
75.48,75.48,29.82,46.44,71.08
80.84,80.84,23.53,41.11,64.14
82.92,82.92,25.96,44.68,69.66
82.53,82.53,25.69,38.71,68.24
81.89,81.89,26.00,35.02,66.46
82.92,82.92,24.86,45.48,70.00
83.50,83.50,20.41,46.27,63.61
82.71,82.71,22.79,44.79,66.98
81.15,81.15,21.88,46.07,68.66
80.95,80.95,23.56,46.61,68.00
80.19,80.19,26.62,40.06,67.18
79.87,79.87,27.34,47.18,67.12
77.23,77.23,30.87,46.71,63.68
78.10,78.10,32.35,46.93,65.88
71.62,71.62,32.81,45.82,66.49
64.25,64.25,34.29,44.57,64.81
61.17,61.17,39.21,42.34,69.18
59.16,59.16,40.86,42.11,65.60
58.01,58.01,33.45,40.98,62.32
65.67,65.67,25.51,41.46,68.47
76.01,76.01,22.43,38.41,65.72
73.65,73.65,23.29,58.48,70.12
74.67,74.67,24.16,63.55,70.60
78.20,78.20,26.09,60.37,74.44
79.15,79.15,26.01,58.57,74.32
78.71,78.71,24.23,58.51,74.23
78.42,78.42,24.93,54.96,72.46
77.12,77.12,24.83,42.87,71.27
76.47,76.47,26.71,47.60,68.39
79.33,79.33,25.86,49.80,70.47
75.69,75.69,27.08,47.51,68.03
75.37,75.37,25.96,44.83,67.05
76.30,76.30,23.01,47.95,69.57
78.12,78.12,21.38,52.76,68.16
79.93,79.93,23.97,53.73,68.36
80.37,80.37,25.30,52.82,68.76
76.75,76.75,20.12,52.79,68.62
69.76,69.76,17.59,52.69,71.78
63.56,63.56,13.66,47.90,67.33
61.28,61.28,15.93,40.12,68.11
56.93,56.93,16.70,40.79,67.94
54.95,54.95,19.47,41.34,67.77
61.98,61.98,24.44,34.09,65.09
70.71,70.71,31.07,43.90,65.12
64.17,64.17,23.50,49.75,69.47
64.36,64.36,19.19,50.83,64.88
70.00,70.00,25.36,43.45,67.03
77.05,77.05,30.91,38.39,68.57
77.32,77.32,30.45,43.97,63.14
78.73,78.73,28.30,46.89,66.73
79.36,79.36,31.82,44.54,66.34
78.21,78.21,24.77,40.93,62.92
77.68,77.68,36.43,43.93,67.36
77.62,77.62,35.37,48.06,63.97
69.98,69.98,19.42,49.17,64.93
62.97,62.97,10.97,46.11,68.45
60.37,60.37,16.11,44.17,65.14
57.79,57.79,16.83,40.05,66.39
55.57,55.57,13.77,43.13,66.25
66.61,66.61,22.24,44.44,67.77
67.92,67.92,26.69,33.68,66.49
82.28,82.28,33.33,37.80,62.75
89.84,89.84,31.12,33.98,61.30
82.69,82.69,33.11,38.38,61.06
79.45,79.45,33.55,39.32,60.12
77.82,77.82,30.44,37.05,62.71
79.69,79.69,32.13,34.62,61.57
83.47,83.47,32.00,37.16,58.16
86.61,86.61,26.51,46.13,62.77
86.42,86.42,24.51,54.08,65.55
83.01,83.01,28.06,57.63,75.13
80.47,80.47,31.01,53.36,74.71
81.80,81.80,29.28,54.66,75.28
79.54,79.54,30.69,53.20,73.61
79.99,79.99,31.41,50.28,73.08
77.95,77.95,37.48,41.45,71.15
77.76,77.76,35.18,43.84,71.18
78.75,78.75,34.67,45.05,69.10
79.09,79.09,33.49,45.31,68.31
78.09,78.09,32.68,43.06,69.78
77.35,77.35,31.51,29.91,70.01
72.51,72.51,29.07,46.88,67.88
68.00,68.00,25.91,47.20,66.63
64.46,64.46,24.98,47.55,69.52
68.03,68.03,19.25,47.33,68.28
66.38,66.38,20.07,46.79,67.52
71.24,71.24,25.36,45.01,68.69
72.94,72.94,29.27,46.61,66.55
76.97,76.97,29.21,48.25,65.05
75.82,75.82,31.24,46.10,65.23
66.63,66.63,25.23,46.18,67.23
61.63,61.63,19.97,40.56,65.06
62.48,62.48,19.21,49.31,68.56
60.51,60.51,22.14,48.02,71.39
57.14,57.14,23.23,42.00,69.76
56.44,56.44,20.65,42.65,69.35
57.59,57.59,17.80,36.98,70.10
61.80,61.80,18.58,45.62,65.12
71.97,71.97,18.04,48.52,65.61
81.89,81.89,21.56,46.93,68.50
82.35,82.35,19.62,40.22,64.40
82.28,82.28,20.00,38.29,66.34
82.71,82.71,20.00,41.17,67.25
82.17,82.17,21.50,44.96,61.13
82.17,82.17,23.61,43.58,63.90
81.54,81.54,27.17,38.60,63.16
80.15,80.15,23.39,25.29,60.05
82.51,82.51,21.44,33.39,63.64
82.98,82.98,25.65,26.41,60.70
80.69,80.69,25.78,32.79,62.52
80.81,80.81,24.76,30.62,64.98
82.00,82.00,23.07,34.03,65.35
80.35,80.35,22.03,37.25,67.35
77.33,77.33,23.08,45.66,67.36
79.49,79.49,23.92,60.24,74.20
81.08,81.08,25.97,63.95,66.75
80.31,80.31,27.59,64.47,72.12
81.61,81.61,32.16,61.86,70.54
82.91,82.91,32.49,59.55,70.34
85.93,85.93,30.97,60.31,69.51
86.57,86.57,33.64,59.51,71.89
85.68,85.68,30.56,60.90,67.07
83.78,83.78,30.80,61.78,71.72
82.33,82.33,32.23,61.25,68.17
80.93,80.93,33.32,61.99,69.30
78.86,78.86,29.30,63.67,67.64
81.93,81.93,24.44,65.06,69.98
80.11,80.11,23.92,65.34,67.71
65.39,65.39,19.36,63.81,70.11
65.24,65.24,16.57,61.25,66.58
67.29,67.29,15.75,61.70,69.23
66.27,66.27,14.50,61.73,67.14
68.01,68.01,14.41,60.22,68.74
65.61,65.61,13.03,61.83,68.66
62.30,62.30,14.85,62.22,68.78
61.58,61.58,18.19,61.17,67.29
68.35,68.35,18.00,61.40,66.35
82.12,82.12,20.03,60.54,70.81
83.18,83.18,19.48,55.33,68.07
82.82,82.82,31.14,47.70,72.36
81.03,81.03,28.91,57.31,70.30
80.26,80.26,26.93,61.09,72.59
80.41,80.41,27.44,61.86,67.50
80.55,80.55,28.94,60.15,69.96
81.20,81.20,30.98,59.98,66.18
80.80,80.80,30.04,61.24,66.97
80.43,80.43,30.38,59.61,67.99
81.23,81.23,29.09,61.19,66.10
81.23,81.23,28.99,61.02,65.41
79.08,79.08,28.30,59.52,66.90
76.81,76.81,23.45,59.29,66.00
76.76,76.76,32.54,54.94,63.16
84.65,84.65,41.89,54.77,69.14
84.01,84.01,40.21,57.58,63.98
82.41,82.41,34.62,59.28,64.75
81.86,81.86,38.45,59.53,65.27
81.14,81.14,31.97,60.57,64.68
80.47,80.47,30.92,57.66,64.23
80.80,80.80,30.47,55.81,62.07
80.05,80.05,32.87,52.50,58.93
80.38,80.38,37.52,49.33,61.25
80.10,80.10,34.18,40.06,59.23
80.47,80.47,31.59,47.15,59.31
80.78,80.78,31.00,56.48,63.10
79.44,79.44,30.11,63.20,65.00
79.81,79.81,28.90,59.96,72.78
77.26,77.26,30.23,63.54,71.33
80.01,80.01,30.57,65.93,73.54
78.40,78.40,32.70,63.79,72.92
80.21,80.21,32.65,63.57,73.03
79.60,79.60,31.03,63.85,74.00
79.53,79.53,30.11,63.69,74.17
79.50,79.50,28.81,64.49,74.47
79.01,79.01,28.79,64.13,73.33
79.32,79.32,27.65,63.05,74.39
76.83,76.83,21.47,64.77,75.04
75.59,75.59,19.94,64.87,73.43
76.40,76.40,18.47,63.89,72.78
76.43,76.43,16.57,64.46,74.94
78.94,78.94,21.83,63.98,72.95
80.97,80.97,24.69,65.33,72.82
80.55,80.55,22.68,65.54,73.58
76.70,76.70,21.13,64.71,70.84
76.88,76.88,26.17,65.65,72.42
77.13,77.13,27.46,65.49,72.07
75.83,75.83,26.37,64.54,71.78
77.09,77.09,23.71,65.49,71.52
76.04,76.04,24.17,65.43,72.70
80.04,80.04,30.43,63.99,71.02
80.84,80.84,29.09,64.13,71.07
82.16,82.16,26.91,64.79,75.35
82.07,82.07,25.28,64.38,68.14
82.54,82.54,25.38,65.32,71.69
80.25,80.25,26.77,63.14,71.43
78.50,78.50,29.06,63.86,70.89
80.53,80.53,29.20,63.88,68.18
79.43,79.43,29.01,62.71,71.51
77.68,77.68,30.08,63.08,69.48
78.67,78.67,27.67,62.93,70.95
78.60,78.60,27.68,60.74,70.08
77.47,77.47,23.81,61.96,69.77
78.90,78.90,24.07,62.87,71.30
77.99,77.99,25.41,62.82,67.50
78.30,78.30,31.84,64.84,70.98
77.31,77.31,33.28,64.30,68.34
78.46,78.46,33.73,61.94,71.16
80.17,80.17,34.34,60.64,66.61
79.20,79.20,32.88,60.19,69.76
77.29,77.29,31.82,61.03,70.29
77.23,77.23,31.71,61.57,67.48
77.67,77.67,31.26,58.18,56.94
78.73,78.73,31.23,56.40,59.63
78.64,78.64,32.44,53.68,58.79
79.58,79.58,36.98,51.63,54.71
80.20,80.20,38.79,41.60,55.28
79.18,79.18,41.74,37.25,51.66
79.74,79.74,33.89,36.26,50.51
79.02,79.02,29.18,45.57,51.05
81.04,81.04,21.68,48.61,53.20
80.59,80.59,23.87,56.43,62.47
80.14,80.14,26.11,59.49,74.05
78.87,78.87,28.92,55.79,73.49
74.44,74.44,27.64,55.96,75.51
74.13,74.13,28.21,53.74,72.74
68.19,68.19,30.37,47.90,72.17
56.12,56.12,30.84,38.81,71.24
52.64,52.64,28.28,39.11,70.57
53.77,53.77,27.28,44.00,71.24
55.61,55.61,28.50,43.97,69.44
50.42,50.42,28.13,46.61,69.05
62.50,62.50,29.27,45.84,68.89
74.22,74.22,25.74,44.65,67.55
74.74,74.74,30.28,40.08,68.18
79.85,79.85,28.04,41.23,66.00
76.53,76.53,32.81,40.31,65.65
75.21,75.21,34.86,39.86,65.53
70.82,70.82,31.19,40.62,63.27
64.88,64.88,35.48,40.77,62.80
67.81,67.81,33.48,38.60,61.94
81.30,81.30,30.43,37.87,62.83
83.01,83.01,33.63,38.05,59.71
80.90,80.90,34.35,36.99,60.64
78.38,78.38,26.26,42.49,61.00
75.77,75.77,27.40,48.83,68.93
75.85,75.85,27.94,47.15,68.16
74.38,74.38,30.09,44.42,69.43
69.51,69.51,33.48,39.76,69.30
58.24,58.24,34.69,37.43,67.57
55.94,55.94,33.63,36.29,67.04
55.04,55.04,35.05,36.33,67.51
59.02,59.02,35.01,36.97,68.75
54.82,54.82,36.46,34.93,68.45
47.73,47.73,37.90,32.96,67.24
49.45,49.45,39.63,34.42,67.41
60.95,60.95,42.88,41.35,67.76
62.98,62.98,46.41,45.56,67.64
54.57,54.57,44.15,42.71,67.28
49.66,49.66,46.91,38.32,66.83
55.51,55.51,43.28,33.16,65.92
53.43,53.43,41.30,32.56,66.45
57.02,57.02,35.52,33.70,66.15
56.26,56.26,36.32,33.98,65.54
64.52,64.52,42.91,33.48,65.70
73.56,73.56,39.67,23.16,65.59
81.09,81.09,31.50,25.48,65.36
81.92,81.92,35.44,24.15,65.11
81.71,81.71,28.48,26.09,64.70
82.26,82.26,28.10,30.07,63.96
83.00,83.00,28.69,27.90,63.74
82.63,82.63,29.11,20.60,63.71
81.47,81.47,35.34,34.37,63.20
79.66,79.66,45.17,42.17,63.01
80.38,80.38,50.20,38.27,65.89
80.26,80.26,48.06,33.67,60.32
80.88,80.88,40.66,43.63,62.38
79.72,79.72,36.69,43.01,63.65
77.57,77.57,38.20,42.36,62.21
76.93,76.93,37.50,41.54,61.81
76.72,76.72,35.23,34.51,62.45
75.31,75.31,34.95,30.97,62.55
75.92,75.92,36.22,23.28,62.90
74.50,74.50,40.24,23.95,62.11
71.04,71.04,40.71,26.07,62.40
73.79,73.79,40.44,25.99,61.89
74.12,74.12,39.76,25.90,61.56
72.89,72.89,38.54,32.06,60.92
71.91,71.91,36.62,24.31,62.05
74.87,74.87,35.03,21.48,63.02
75.45,75.45,35.92,20.24,61.11
75.65,75.65,35.68,24.38,61.65
72.72,72.72,35.98,31.44,63.50
71.34,71.34,36.46,39.89,64.51
64.12,64.12,41.71,38.41,63.20
65.92,65.92,33.54,20.41,60.62
68.46,68.46,39.43,32.30,60.30
73.51,73.51,32.90,26.33,63.06
72.02,72.02,33.41,22.18,62.04
76.11,76.11,26.94,25.10,62.27
74.53,74.53,28.78,34.79,63.22
73.25,73.25,29.43,32.19,63.76
73.60,73.60,30.71,34.29,61.27
72.87,72.87,30.21,33.60,59.61
71.07,71.07,30.28,28.74,58.68
72.52,72.52,26.71,25.22,60.27
72.70,72.70,29.31,26.40,61.04
70.70,70.70,31.58,28.35,60.45
64.21,64.21,34.13,24.79,60.00
59.94,59.94,31.91,35.74,61.70
62.80,62.80,41.67,41.44,64.46
61.55,61.55,41.17,43.99,67.84
60.03,60.03,38.56,40.39,65.54
64.64,64.64,34.78,34.03,65.82
72.99,72.99,30.27,23.65,66.10
74.98,74.98,27.58,29.70,64.79
74.86,74.86,27.54,26.32,65.17
74.60,74.60,29.11,22.07,63.48
72.60,72.60,29.18,28.96,64.88
67.66,67.66,29.50,20.76,63.96
62.34,62.34,29.43,30.99,64.29
59.87,59.87,30.19,35.51,65.96
59.27,59.27,33.21,33.81,65.83
55.35,55.35,36.67,34.94,61.00
55.16,55.16,38.27,38.88,56.06
54.23,54.23,39.87,41.43,54.89
51.07,51.07,35.75,38.89,55.64
57.60,57.60,40.72,38.76,56.33
60.61,60.61,42.45,42.20,56.80
70.93,70.93,37.56,43.66,57.23
72.56,72.56,38.63,50.88,56.51
69.86,69.86,37.64,50.03,55.51
69.85,69.85,40.78,53.29,57.15
70.32,70.32,38.90,51.17,58.69
68.01,68.01,37.22,51.63,55.98
68.23,68.23,36.40,52.68,55.66
67.03,67.03,37.67,52.72,55.17
67.19,67.19,39.97,52.37,54.97
63.71,63.71,35.79,51.95,55.15
62.05,62.05,39.00,50.86,55.10
68.97,68.97,39.96,51.79,54.54
66.73,66.73,37.68,51.86,53.52
60.45,60.45,38.69,52.31,54.34
54.95,54.95,38.64,54.26,53.43
52.11,52.11,40.31,53.91,53.37
51.29,51.29,40.41,51.86,54.18
50.23,50.23,43.53,52.10,54.51
50.19,50.19,44.19,50.19,54.83
53.53,53.53,43.72,48.25,53.99
54.35,54.35,46.48,46.49,54.36
57.50,57.50,46.64,42.24,53.04
64.09,64.09,39.84,43.25,54.19
70.71,70.71,33.81,34.11,55.74
72.42,72.42,33.57,46.92,55.49
72.31,72.31,34.35,55.15,59.94
70.06,70.06,34.10,60.24,68.60
68.26,68.26,34.94,62.20,62.91
69.69,69.69,35.69,62.43,63.84
69.00,69.00,33.49,60.12,65.09
69.12,69.12,32.77,56.33,62.83
70.11,70.11,31.05,52.05,67.96
71.09,71.09,30.08,41.59,69.16
71.86,71.86,29.42,50.11,74.95
70.37,70.37,29.35,45.64,75.48
70.91,70.91,26.72,47.16,75.04
67.27,67.27,25.51,51.69,77.85
75.87,75.87,25.97,47.75,74.47
73.11,73.11,27.40,41.89,72.34
65.83,65.83,30.00,46.35,73.92
76.59,76.59,28.73,50.28,72.05
74.50,74.50,29.01,47.97,70.85
74.35,74.35,28.73,47.06,69.93
71.65,71.65,28.10,45.88,68.37
72.03,72.03,27.96,34.17,67.98
71.04,71.04,29.23,44.29,69.96
68.76,68.76,30.64,46.17,65.38
68.74,68.74,29.63,44.74,65.99
71.35,71.35,30.98,44.48,68.41
69.06,69.06,32.98,43.30,63.89
64.66,64.66,33.17,42.26,65.22
68.90,68.90,32.91,45.34,68.02
74.83,74.83,32.56,43.55,63.93
76.37,76.37,32.48,40.45,65.20
74.90,74.90,33.35,44.68,65.44
72.23,72.23,32.33,46.08,61.48
72.31,72.31,33.28,43.54,66.11
69.65,69.65,34.97,41.48,66.59
69.08,69.08,35.71,44.88,63.23
62.67,62.67,37.24,42.33,67.26
60.69,60.69,37.24,43.96,67.72
58.21,58.21,38.74,46.46,64.99
52.86,52.86,38.97,42.61,67.16
50.05,50.05,39.17,44.14,66.74
53.41,53.41,40.05,43.81,64.13
58.42,58.42,40.74,41.88,65.08
58.99,58.99,41.67,41.73,64.04
50.82,50.82,41.90,41.97,65.71
48.17,48.17,42.11,40.72,61.01
56.84,56.84,41.48,37.41,62.73
55.81,55.81,43.07,38.40,65.75
52.96,52.96,41.84,42.66,62.62
53.54,53.54,41.45,42.75,63.84
51.77,51.77,39.82,41.62,65.62
51.07,51.07,41.26,42.76,62.85
50.51,50.51,39.04,43.41,62.95
50.72,50.72,38.83,39.09,66.40
48.38,48.38,40.01,42.44,63.20
46.60,46.60,40.63,40.30,62.28
44.36,44.36,41.06,42.53,65.22
49.92,49.92,40.04,44.38,62.59
52.61,52.61,38.52,42.12,61.46
52.75,52.75,39.57,40.28,65.08
51.52,51.52,36.28,43.20,61.65
51.80,51.80,38.39,38.13,62.28
52.58,52.58,35.27,38.23,64.44
53.30,53.30,35.44,41.13,63.01
50.68,50.68,37.50,36.48,62.04
47.53,47.53,38.22,36.87,63.82
47.19,47.19,35.73,39.57,62.94
45.16,45.16,33.06,38.25,61.89
43.37,43.37,33.28,40.26,63.39
46.78,46.78,33.71,39.56,63.45
49.22,49.22,35.06,35.74,61.22
51.42,51.42,36.62,37.31,61.67
50.48,50.48,35.62,36.99,63.37
50.44,50.44,33.54,40.24,61.65
51.30,51.30,33.22,38.96,61.82
49.30,49.30,34.10,37.29,63.36
48.31,48.31,34.48,38.21,61.55
45.93,45.93,34.06,39.78,60.23
44.40,44.40,36.35,37.45,63.50
45.63,45.63,35.51,36.90,61.85
44.79,44.79,33.55,38.97,59.86
42.61,42.61,35.22,38.94,62.49
44.54,44.54,33.18,37.10,61.40
44.99,44.99,33.18,39.10,59.63
44.64,44.64,35.80,38.18,63.24
43.54,43.54,33.59,37.74,60.59
43.49,43.49,33.44,37.64,60.51
41.84,41.84,34.81,40.08,61.72
42.17,42.17,34.10,39.06,61.13
39.56,39.56,33.69,38.97,60.45
40.55,40.55,35.75,38.93,61.85
40.02,40.02,34.02,40.86,60.11
37.83,37.83,35.85,40.70,61.10
31.20,31.20,34.50,40.55,59.96
36.77,36.77,33.34,41.52,60.16
37.35,37.35,35.46,41.34,61.06
27.50,27.50,34.93,41.77,60.20
35.61,35.61,35.95,42.40,59.90
34.55,34.55,36.14,42.20,61.60
31.29,31.29,35.44,43.34,58.89
31.26,31.26,35.16,43.27,60.84
19.19,19.19,39.37,42.51,60.67
14.27,14.27,34.47,43.53,59.40
13.70,13.70,35.08,44.36,59.34
19.78,19.78,34.70,43.14,61.07
17.14,17.14,37.29,43.38,58.42
11.47,11.47,38.15,43.81,59.97
13.94,13.94,38.04,44.47,59.28
17.37,17.37,37.05,45.50,58.45
17.20,17.20,36.93,44.06,59.51
13.22,13.22,34.79,45.25,59.47
12.74,12.74,37.26,44.33,58.33
15.32,15.32,40.58,44.81,58.61
12.40,12.40,37.71,45.85,58.16
11.70,11.70,34.67,44.83,58.89
14.36,14.36,38.61,45.07,57.95
13.19,13.19,40.34,44.95,57.68
11.04,11.04,36.04,45.00,58.25
10.69,10.69,39.66,44.89,57.07
9.58,9.58,37.26,44.70,57.18
11.57,11.57,41.51,45.35,58.42
12.48,12.48,41.12,43.86,56.66
10.51,10.51,41.61,44.20,56.59
9.12,9.12,41.12,45.23,58.05
9.89,9.89,40.87,44.29,55.97
10.55,10.55,42.98,44.67,56.85
9.55,9.55,41.06,43.67,56.93
8.30,8.30,43.80,44.11,55.65
9.13,9.13,42.69,43.19,55.90
9.85,9.85,42.56,43.71,56.97
11.58,11.58,42.10,44.41,55.33
13.85,13.85,43.02,44.50,56.60
12.62,12.62,45.60,43.83,54.80
9.09,9.09,45.87,41.64,54.68
10.14,10.14,46.86,37.66,53.75
13.80,13.80,45.86,40.70,52.82
9.62,9.62,45.55,41.52,53.19
8.26,8.26,47.30,38.88,53.72
7.02,7.02,45.26,40.33,51.99
5.18,5.18,46.78,38.39,53.04
3.91,3.91,45.68,38.77,51.80
3.35,3.35,44.93,40.49,51.91
3.98,3.98,46.71,39.90,51.03
4.87,4.87,45.80,39.72,50.96
6.61,6.61,44.40,40.42,49.89
5.85,5.85,44.78,40.58,50.49
6.24,6.24,43.94,38.36,48.86
6.66,6.66,43.34,37.89,49.28
5.96,5.96,45.52,39.88,48.29
4.09,4.09,42.75,39.99,48.12
3.37,3.37,44.54,38.17,47.17
3.32,3.32,43.59,40.09,47.27
3.17,3.17,42.35,40.02,45.83
2.69,2.69,43.52,39.98,45.97
2.23,2.23,42.54,39.45,44.63
2.49,2.49,42.49,39.99,44.68
2.16,2.16,42.63,38.62,43.41
2.15,2.15,42.70,40.13,42.97
2.11,2.11,43.07,38.47,41.77
2.35,2.35,40.66,38.98,41.46
3.10,3.10,39.17,39.32,39.76
3.45,3.45,40.12,38.79,39.28
1.87,1.87,41.58,39.14,37.94
2.70,2.70,37.14,39.13,37.16
3.16,3.16,42.77,39.14,35.87
3.35,3.35,42.25,39.30,34.87
2.97,2.97,38.65,37.57,33.91
3.51,3.51,42.51,37.87,32.81
2.76,2.76,40.62,37.54,31.41
3.70,3.70,37.24,36.71,30.57
2.03,2.03,41.87,36.97,29.81
3.61,3.61,41.04,37.24,28.37
3.79,3.79,37.02,36.03,27.78
4.24,4.24,38.57,36.33,26.33
3.22,3.22,41.09,36.48,25.64
2.54,2.54,38.01,34.16,24.00
2.23,2.23,38.74,35.21,23.23
2.78,2.78,39.89,34.45,22.17
2.73,2.73,37.94,33.12,21.53
3.05,3.05,37.30,32.99,19.40
3.08,3.08,40.34,35.08,19.81
2.87,2.87,38.76,32.68,17.85
2.44,2.44,36.54,32.01,16.93
2.80,2.80,38.53,31.77,16.31
2.36,2.36,38.80,32.32,15.21
2.19,2.19,36.38,31.36,14.34
2.29,2.29,38.66,32.00,13.87
2.06,2.06,37.08,31.01,12.28
2.21,2.21,35.93,31.34,12.71
2.73,2.73,37.47,30.33,11.92
2.59,2.59,37.25,30.54,9.28
3.58,3.58,36.85,28.69,11.42
5.71,5.71,37.95,28.26,15.81
6.06,6.06,37.92,28.05,15.46
5.50,5.50,37.06,28.08,16.25
5.27,5.27,36.12,26.26,14.76
5.68,5.68,37.64,27.96,14.36
4.81,4.81,36.16,25.15,13.59
5.14,5.14,35.65,24.73,13.77
4.40,4.40,37.04,26.79,11.78
4.88,4.88,36.76,23.61,12.25
4.66,4.66,34.88,23.73,12.91
4.89,4.89,36.26,25.35,12.48
3.73,3.73,35.12,24.87,13.23
3.99,3.99,34.50,23.51,12.62
4.42,4.42,35.71,23.04,10.72
4.03,4.03,35.27,20.25,10.55
3.66,3.66,33.29,21.25,10.15
3.43,3.43,34.77,22.11,9.58
5.27,5.27,34.26,21.17,10.31
4.07,4.07,33.84,19.59,9.59
3.83,3.83,33.68,20.68,9.23
3.16,3.16,34.62,17.98,8.94
3.43,3.43,32.85,16.88,7.80
3.55,3.55,31.61,16.95,9.05
2.77,2.77,34.27,20.52,7.76
3.65,3.65,33.81,18.02,6.94
4.15,4.15,30.86,17.62,5.48
2.93,2.93,31.09,18.73,6.04
3.14,3.14,31.97,19.36,4.03
3.58,3.58,31.18,17.83,4.29
3.69,3.69,31.70,18.55,2.95
3.34,3.34,30.63,17.70,3.39
2.89,2.89,29.31,13.76,3.85
2.53,2.53,29.78,16.98,3.98
2.10,2.10,30.47,18.15,4.67
2.49,2.49,29.42,18.30,4.59
1.97,1.97,31.36,16.86,5.16
2.00,2.00,30.47,16.86,4.37
2.10,2.10,29.77,15.03,3.77
2.32,2.32,29.10,12.19,2.89
1.23,1.23,30.32,9.99,2.81
2.37,2.37,30.40,12.44,2.32
2.63,2.63,29.35,16.43,1.67
4.06,4.06,29.18,16.30,4.09
4.15,4.15,29.18,14.64,3.71
2.37,2.37,26.90,13.84,2.61
1.34,1.34,26.07,10.50,1.87
1.66,1.66,27.99,12.46,1.43
1.25,1.25,26.34,13.73,0.77
1.26,1.26,26.78,10.79,1.01
1.10,1.10,27.54,10.77,0.96
0.79,0.79,25.63,8.72,1.34
0.86,0.86,26.06,7.76,1.54
1.00,1.00,26.57,5.42,0.84
1.17,1.17,25.21,5.37,0.83
1.63,1.63,24.30,12.73,0.83
2.12,2.12,26.24,12.07,0.60
3.12,3.12,26.75,15.32,1.95
1.48,1.48,21.38,7.21,0.74
0.76,0.76,24.12,10.65,0.46
0.61,0.61,23.11,11.96,0.42
0.65,0.65,23.17,14.23,0.44
0.78,0.78,23.86,12.07,0.44
0.84,0.84,24.50,8.48,0.70
0.80,0.80,22.24,9.89,0.67
0.76,0.76,22.05,10.66,0.42
0.62,0.62,23.37,10.42,0.47
0.63,0.63,23.46,13.00,0.41
0.61,0.61,23.52,12.21,0.41
0.62,0.62,23.08,6.81,0.44
0.61,0.61,21.42,7.19,0.41
0.63,0.63,21.79,7.22,0.41
0.61,0.61,22.02,6.38,0.41
0.61,0.61,21.01,7.59,0.41
0.62,0.62,19.97,5.54,0.41
0.62,0.62,20.68,3.28,0.55
0.61,0.61,19.83,1.94,0.41
0.61,0.61,18.39,2.99,0.41
0.61,0.61,19.22,3.69,0.41
0.61,0.61,19.63,4.86,0.41
0.61,0.61,17.60,3.99,0.41
0.61,0.61,16.80,5.66,0.41
0.61,0.61,16.30,6.59,0.41
0.61,0.61,16.07,7.89,0.41
0.61,0.61,15.84,8.98,0.41
0.61,0.61,15.04,7.98,0.41
0.61,0.61,14.40,4.87,0.41
0.61,0.61,16.79,2.81,0.41
0.61,0.61,15.91,1.95,0.41
0.61,0.61,14.26,0.34,0.41
0.61,0.61,13.28,4.23,0.41
0.61,0.61,14.57,5.52,0.41
0.61,0.61,12.83,4.17,0.41
0.61,0.61,11.41,3.61,0.41
0.61,0.61,11.74,2.85,0.41
0.61,0.61,12.23,2.62,0.41
0.61,0.61,10.46,1.32,0.41
0.61,0.61,11.70,0.77,0.41
0.61,0.61,11.63,0.20,0.41
0.61,0.61,10.62,1.45,0.41
0.61,0.61,9.80,0.59,0.41
0.61,0.61,8.39,0.00,0.41
0.61,0.61,7.11,0.55,0.41
0.61,0.61,8.58,0.84,0.41
0.61,0.61,8.21,0.77,0.41
0.61,0.61,8.17,0.33,0.41
0.61,0.61,8.46,0.31,0.41
0.61,0.61,8.06,0.27,0.41
0.61,0.61,5.19,0.40,0.41
0.61,0.61,6.28,0.14,0.41
0.61,0.61,8.79,0.17,0.41
0.61,0.61,5.22,0.03,0.41
0.61,0.61,4.99,-0.00,0.41
0.61,0.61,5.64,0.01,0.41
0.61,0.61,3.53,0.02,0.41
0.61,0.61,2.44,-0.00,0.41
0.61,0.61,4.36,-0.00,0.41
0.61,0.61,3.79,-0.00,0.41
0.61,0.61,3.20,-0.00,0.41
0.61,0.61,2.48,-0.00,0.41
0.61,0.61,3.02,0.10,0.41
0.61,0.61,2.19,0.05,0.41
0.61,0.61,3.52,0.01,0.41
0.61,0.61,2.69,-0.00,0.41
0.61,0.61,4.88,0.07,0.41
0.61,0.61,7.22,0.93,0.41
0.61,0.61,9.27,3.10,0.41
0.61,0.61,5.30,0.83,0.41
0.61,0.61,3.09,0.27,0.41
0.61,0.61,4.05,0.36,0.41
0.61,0.61,6.91,0.56,0.41
0.61,0.61,5.73,0.54,0.41
0.61,0.61,5.35,0.19,0.41
0.61,0.61,6.11,0.24,0.41
0.61,0.61,2.29,0.21,0.41
0.61,0.61,0.09,-0.00,0.41
0.61,0.61,1.32,-0.00,0.41
0.61,0.61,1.03,-0.00,0.41
0.61,0.61,0.30,-0.00,0.41
0.61,0.61,-0.00,-0.00,0.41
0.61,0.61,-0.00,-0.00,0.41
0.61,0.61,-0.00,-0.00,0.41
0.61,0.61,-0.00,-0.00,0.41
0.61,0.61,-0.00,-0.00,0.41
0.61,0.61,-0.00,-0.00,0.41
0.61,0.61,-0.00,-0.00,0.41
0.61,0.61,-0.00,-0.00,0.41
0.61,0.61,-0.00,-0.00,0.41
0.61,0.61,-0.00,-0.00,0.41
0.61,0.61,-0.00,-0.00,0.41
0.61,0.61,-0.00,-0.00,0.41
0.61,0.61,-0.00,-0.00,0.41
0.61,0.61,-0.00,-0.00,0.41
0.61,0.61,-0.00,-0.00,0.41
0.61,0.61,-0.00,-0.00,0.41
0.61,0.61,-0.00,-0.00,0.41
0.61,0.61,-0.00,-0.00,0.41
0.61,0.61,-0.00,-0.00,0.41
0.61,0.61,-0.00,-0.00,0.41
0.61,0.61,-0.00,-0.00,0.41
0.61,0.61,-0.00,-0.00,0.41
0.61,0.61,0.70,-0.00,0.41
0.61,0.61,0.03,-0.00,0.41
0.61,0.61,-0.00,-0.00,0.41
0.61,0.61,-0.00,-0.00,0.41
0.61,0.61,-0.00,-0.00,0.41
0.61,0.61,-0.00,-0.00,0.41
0.61,0.61,-0.00,-0.00,0.41
0.61,0.61,-0.00,-0.00,0.41
0.61,0.61,-0.00,-0.00,0.41
0.61,0.61,-0.00,-0.00,0.41
0.61,0.61,-0.00,-0.00,0.41
0.61,0.61,-0.00,-0.00,0.41
0.61,0.61,-0.00,-0.00,0.41
0.61,0.61,-0.00,-0.00,0.41
0.61,0.61,-0.00,-0.00,0.41
0.61,0.61,-0.00,-0.00,0.41
0.61,0.61,-0.00,-0.00,0.41
0.61,0.61,-0.00,-0.00,0.41
0.61,0.61,-0.00,-0.00,0.41
0.61,0.61,-0.00,-0.00,0.41
0.61,0.61,-0.00,-0.00,0.41
0.61,0.61,-0.00,-0.00,0.41
0.61,0.61,-0.00,-0.00,0.41
0.61,0.61,-0.00,-0.00,0.41
0.61,0.61,-0.00,-0.00,0.41
0.61,0.61,-0.00,-0.00,0.41
